text,lang,id,political,racial/ethnic,religious,gender/sexual,vilification,dehumanization,extreme_language,lack_of_empathy,stereotype,invalidation,other,polarization
The EU is increasing military aid to Ukraine to one billion euros the press release on the website of the Council of Europe.,eng,eng_dbcee818b240e8ea82a37e5530738aa7,0,0,0,0,0,0,0,0,0,0,0,0
House drafts bill to strike Iran proxies amid IsraelHamas,eng,eng_0fe6a37502da8f89af480449d5352c7f,0,0,0,0,0,0,0,0,0,0,0,0
Contested races across county early voting,eng,eng_8cec277cafb320e79bf8ed5632529b9d,0,0,0,0,0,0,0,0,0,0,0,0
Dem bill would hold West Bank settlers accountable for violence Doubt it,eng,eng_b1493ef1e1a5e3109d8a211a28283ee8,0,0,0,0,0,0,0,0,0,0,0,0
Local woman gets a death threat after flying Trump MAGA,eng,eng_a5f34a5db504fc4801152156897b2c4d,0,0,0,0,0,0,0,0,0,0,0,0
"Unmask ChildrenParents rights, energy, and border security.",eng,eng_e64dd63e2617db24911756703daab1e5,0,0,0,0,0,0,0,0,0,0,0,0
All in the Family: Sheriff's Son Is New DPS Officer,eng,eng_4b0f94e8114dea01d392718b9155ffca,0,0,0,0,0,0,0,0,0,0,0,0
"The House passed another 40B military aid package to Ukraine, wheres the money coming from?????",eng,eng_e80c2aecafed1214a46fe717849d4a3f,0,0,0,0,0,0,0,0,0,0,0,0
Republicans weigh expelling Matt Gaetz after booting,eng,eng_843d17145a0ce9d2f24b5edee13bf07f,0,0,0,0,0,0,0,0,0,0,0,0
Find yourself a west bank settler gf,eng,eng_face0db614834c005d03b3f41a56a317,1,0,0,1,1,0,0,0,1,0,0,1
Fascist oligarchs now control the USA,eng,eng_d64ce581999394ad8671158997d519e2,1,0,0,0,1,0,1,0,0,0,0,1
Someone end this lunatic before he starts ethnic cleansing,eng,eng_e1b7927c76815ff63828dbe2843ad332,1,1,0,0,1,0,1,0,1,0,0,1
Hi apartheid state the one and only remaining 1.,eng,eng_8193da8f814c3173b58f21e0c22b12bd,1,1,0,0,1,0,0,1,0,0,0,1
"When I hear things like ""stooge for Russian aggression"" I know who the real stooge is",eng,eng_8e68a7bcc441b11607d43610e9aaa674,1,0,0,0,1,0,0,1,1,1,1,1
Its no coincidence that today because of these progressive policies we now have an open air drug market. Hmmmm,eng,eng_7e428780a79c97c3962859653d5ab4fc,1,0,0,0,1,0,0,0,0,1,0,1
Go to democrats and sabotage democrats.,eng,eng_e5f7bbe9819815896375867f1e16b30c,1,0,0,0,0,0,1,0,0,0,0,1
"Does that cover lies about a stolen election, Gym?",eng,eng_e4ad4dcd3f8aecd9aa574e5d8c931b6c,1,0,0,0,0,0,0,1,0,1,0,1
Apparently the Hamas attack was the weathers fault.,eng,eng_35a04a21a59c23f14cd1487562c8601f,1,1,0,0,1,1,0,0,0,1,0,1
November 3rd was a stolen election,eng,eng_02fdc210c75b2ec254444748b32406bb,1,0,0,0,0,0,1,0,0,1,0,1
Defund the Castleton Police Department DefundThePolice,eng,eng_adb1551027c430f08591f12c666f682a,1,0,0,0,0,0,1,0,0,0,0,1
guerra? que guerra? es una invasion,spa,spa_a030ad2aac1640b3a98391b493ed8fbd,0,0,0,0,0,0,0,0,0,0,0,0
"fake, el personaje es de ascendencia judia",spa,spa_91344d487dc61131938f2d55f945b587,0,0,0,0,0,0,0,0,0,0,0,0
guerra mundial? solo hay paises en guerra no es mundial.,spa,spa_f83d7c4f77374c71d7158c76d2286218,0,0,0,0,0,0,0,0,0,0,0,0
"cierto, porque tenian un presidente decente y el lobby judio era precisamente el perseguido.",spa,spa_5adf74a88b68c5ee6ecd87e001fa9346,0,0,0,0,0,0,0,0,0,0,0,0
normal si tu es un musulman,spa,spa_545374cd79f6fb29be74bfeb70110eb9,0,0,0,0,0,0,0,0,0,0,0,0
la escuela feminista de pintura,spa,spa_4c6ccdc656f725b2cf621cfd216589e3,0,0,0,0,0,0,0,0,0,0,0,0
la cancion que me representa ahora que estoy deportado de los estados unidos.,spa,spa_8fa90720a705f56696662142e5dbeb0a,0,0,0,0,0,0,0,0,0,0,0,0
"claudia es judia, que no manche",spa,spa_fe0ab7d136c6bf3dd599f26046c4e55b,0,0,0,0,0,0,0,0,0,0,0,0
"cualquier guerra es ridicula.
cualquier guerra mundial es mundialmente ridicula.",spa,spa_abe7670e9f89bd111bae37c19861b535,0,0,0,0,0,0,0,0,0,0,0,0
alguien mas ha leido zorra con patatas?,spa,spa_68df635f9c7e1e7b5c23dc34e34cb524,0,0,0,0,0,0,0,0,0,0,0,0
"aypordios que llorera. martinez ares, feminista del ano ya.",spa,spa_c8d2df5438d47454f111ebb59b913dbd,1,0,0,1,1,0,0,1,0,0,0,1
"desde que me entere que ese termino ""toxico algo"" es una invencion evangelica ya no lo uso, cuidado que esconde discursos de odio",spa,spa_10cbf64b67679865c1613ea9ae6b7aa6,1,0,1,0,1,0,0,0,1,0,0,1
cualquier vago se hace pastor evangelico,spa,spa_09640b2f43e678e7bc6b0235e3630ecf,0,0,1,0,1,0,0,0,1,0,1,1
la reina de la corrupcion!,spa,spa_485e691e2c03ff591abc2d15b6ec53a0,1,0,0,0,1,0,0,0,0,1,1,1
a vos? trolita evangelica,spa,spa_4f3bd04235b739571ffd89d201ea23ab,0,0,1,0,1,0,0,0,0,0,0,1
"argentino y judio, bastante castigo de dios tienes tu ya.",spa,spa_c93249fc5ffeec389d061df56ad065f5,1,1,1,0,1,0,0,0,1,0,0,1
tan enfermo estas . indio,spa,spa_69cb5d95af9aa1b27f47f369606c5eb0,0,1,0,0,1,0,0,1,1,0,0,1
judio zionista traidor de cristo sos el anticristo.,spa,spa_41e6c71aed1b1de00fb1489d643120ad,1,1,1,0,1,0,1,0,1,0,0,1
orgulloso de sacarle la conchetumare a un pastor evangelico por meterse en weas que no debia.,spa,spa_1eee8fa1b9a108964a14e7b76ea8d6bb,0,0,1,0,1,1,1,0,0,0,0,1
la zorra al cuidado de las gallinas. pais de mierda.,spa,spa_eb39eaf1ee83e429b4de1e567509e8ac,1,0,0,1,1,1,1,0,1,0,1,1
@politico No. We should remember very clearly that #Individual1 just admitted to treason . #TrumpIsATraitor  #McCainsAHero #JohnMcCainDay,eng,hasoc_en_2,0,0,0,0,0,0,0,0,0,0,0,0
@cricketworldcup Guess who would be the winner of this #CWC19?     Team who gets maximum points from the abandoned matches 😄 #ShameOnICC #WIvsENG @ICC,eng,hasoc_en_3,0,0,0,0,0,0,0,0,0,0,0,0
Corbyn is too politically intellectual for #BorisJohnsonShouldNotBePM   Can't wait   #GeneralElectionNow https://t.co/pt8KmjfxJj,eng,hasoc_en_4,0,0,0,0,0,0,0,0,0,0,0,0
All the best to #TeamIndia for another swimming competition on Sunday against #Pakistan.     #INDvPAK #ShameOnICC  #CWC19 #CWC19Rains ☔☔ https://t.co/MG2cIE0zib,eng,hasoc_en_5,0,0,0,0,0,0,0,0,0,0,0,0
@ICC Latest design of #WC2019 trophy. #CWC2019 #CWC19 #ShameOnICC https://t.co/g3mRuphBzE,eng,hasoc_en_7,0,0,0,0,0,0,0,0,0,0,0,0
#ADOS #trendingnow #blacklivesmatter #justice #fucktrump  ‘Central Park Five’ Prosecutor Elizabeth Lederer Out at Columbia Law School https://t.co/7S1Lu7wi53,eng,hasoc_en_8,0,0,0,0,0,0,0,0,0,0,0,0
By wearing the #BalidaanBadge over his gloves @msdhoni has shown his love &amp,eng,hasoc_en_10,0,0,0,0,0,0,0,0,0,0,0,0
I don’t know how much more I can take! 45 is a compulsive liar! #Trump30Hours #TrumpIsATraitor,eng,hasoc_en_12,0,0,0,0,0,0,0,0,0,0,0,0
#ShameOnICC@ICC WINNER TEAM-RAIN  ICC RUN UP TEAM-RAIN  ICC MAN OF THE MATCH-RAIN  ICC MAN OF THE SERIES-RAIN  BEST BOWLER-RAIN  BEST WICKETKEPER-RAIN https://t.co/nEL5SXz6om,eng,hasoc_en_13,0,0,0,1,0,0,0,0,0,0,0,1
@narendramodi  @pmoindia_namo  @narendramodi  @PMOIndia  @AmitShah  @RamNanthKobind  Grevious assault on jr doctors in all medical colleges in WB. No action being taken for safety security and justice. PM sir please intervene asap.  #Savethedoctors  #Doct,eng,hasoc_en_14,0,0,0,0,0,0,0,0,0,0,0,0
ICC denies request from BCCI to allow MSD wear gloves with Army insignia.    @ICC @BCCI #DhoniKeepTheGlove #DhoniKeepsTheGlove,eng,hasoc_en_15,0,0,0,0,0,0,0,0,0,0,0,0
Good work @ICC keep going just destroy the whole fucking world cup #ShameOnICC https://t.co/ELvq7PAuY9,eng,hasoc_en_16,0,0,0,0,0,0,0,0,0,0,0,0
@ICC  @BCCI  What about Virat Kholi tattoos 😂😂    #DhoniKeepsTheGlove https://t.co/hGaAB9GCyD,eng,hasoc_en_19,0,0,0,0,0,0,0,0,0,0,0,0
Which is more important?  #IndiaWithDhoni   #DhoniKeepsTheGlove https://t.co/Iib4R9P0qn,eng,hasoc_en_20,0,0,0,0,0,0,0,0,0,0,0,0
@KBMteam @iowaspeedway @HBurtonRacing @rileyherbst @ToddGilliland_ @CSmithDrive @rileyherbst is gonna crash. #Douchebag,eng,hasoc_en_21,0,0,0,0,0,0,0,0,0,0,0,0
Harbor N Bay Mens Boxer Short Pack of 2 @ Rs.299    https://t.co/tceazILuQp    #DoctorsFightBack #SaveBengal #amazon #flipkart #deals #dealoftheday #amazingdeals #offers #discount #JaiShreeRam #ModiForAll,eng,hasoc_en_22,0,0,0,0,0,0,0,0,0,0,0,0
ICC turns down #BCCI's request to allow @msdhoni to continue wearing the army insignia on his wicket-keeping gloves,eng,hasoc_en_23,0,0,0,0,0,0,0,0,0,0,0,0
#ShameOnICC  1. ICC on Dhoni's gloves                    Vs  2.ICC planning the World Cup https://t.co/4kO3zKt7ln,eng,hasoc_en_24,0,0,0,0,0,0,0,0,0,0,0,0
Senior #Doctors of #RGKar greeted with applause &amp,eng,hasoc_en_25,0,0,0,0,0,0,0,0,0,0,0,0
Empty podiums make too much noise     #ToryLeadershipDebate #UKPM #BorisJohnsonShouldNotBePM #Leadersdebate #GTTO #JC4PM2019 #frightnight https://t.co/aDgCqhdDTl,eng,hasoc_en_26,0,0,0,0,0,0,0,0,0,0,0,0
#ShameOnICC #iccworldcup2019 world cup reality https://t.co/MhPD5gDVze,eng,hasoc_en_27,0,0,0,0,0,0,0,0,0,0,0,0
Disgusting! And they don’t change their culture or come up with vetting system or preventative ways to stop this from occurring. This will continue to happen. The Catholic Church needs to go! #rapist #ChildTrafficking #CatholicChurch #CatholicTwitter https://t.co/tb4tSoD2Lz,eng,hasoc_en_28,0,0,1,0,0,0,0,0,0,0,0,1
GOQii VITAL - Colour Display Blood Pressure Monitor  @ Rs.1999 (mrp-3499)    https://t.co/f9OHrx9kd2    #DoctorsFightBack #SaveBengal #amazon #flipkart #deals #dealoftheday #amazingdeals #offers #discount #JaiShreeRam #ModiForAll,eng,hasoc_en_29,0,0,0,0,0,0,0,0,0,0,0,0
500 doctors have already resigned in #Bengal.    NRS 100  SSKM 175  National medical college 20  RG Kar 126  North Bengal college 119  Murshidabad 50  Rampurhat 37  Burdwan 26    #DoctorsFightBack #SaveTheDoctors,eng,hasoc_en_30,0,0,0,0,0,0,0,0,0,0,0,0
@realDonaldTrump fuck you and go fuck yourself you piece of shit someone get this asshole a jail cell for his birthday #ImpeachTrumpNow #fucktrump #dickstaindonald #DerangedDonald https://t.co/41eFBCu2uD,eng,hasoc_en_33,0,0,0,0,0,0,0,0,0,0,0,0
Donald Trump lies.  #TrumpIsATraitor   Happy #JohnMcCainDay ! https://t.co/uaFNXVT2m5 https://t.co/WeBD6lhm54,eng,hasoc_en_34,1,0,0,0,0,0,0,0,0,0,0,1
The Telegraph´s use of the word ´crown´ with regard to Boris Johnson just says it all.  #BorisJohnsonShouldNotBePM   https://t.co/ynmm0Ryugq,eng,hasoc_en_36,0,0,0,0,0,0,0,0,0,0,0,0
@timesofindia No worries @timesofindia because there will be on only one winner   And that is  .  .  .  .  .  .  .  .  .  .  .  .  .  .  .  Rains🤷   #ShameOnICC   .  .  .  .,eng,hasoc_en_38,0,0,0,0,0,0,0,0,0,0,0,0
Will @ImRo45 score a 100 again today?  Predict @ https://t.co/miljukaKu1 and win prizes.   #INDvAUS #DhoniKeepsTheGlove   #DhoniAtCWC19 https://t.co/rZ1dlFsKOX,eng,hasoc_en_39,0,0,0,0,0,0,0,0,0,0,0,0
DON'T support a country Who has Concentration Camps againts small etnich groups and religions      DON'T support the violencie and discrimination 🚫    #HumanRights #BoycottChina #StopRacismo #Diversity #China #EndHate #StopViolence https://t.co/FLmiZWIFjY,eng,hasoc_en_40,0,0,0,0,0,0,0,0,0,0,0,0
@ashwinnagar @MamataOfficial For interest of puplic she is speaking #DoctorsFightBack #doctors @MamataOfficial #MamataBanarjee,eng,hasoc_en_42,0,0,0,0,0,0,0,0,0,0,0,0
Now if all remaining matches will get washed   NZ - 12  Ind - 11  Eng - 10  Aus - 10  WI - 9  SL - 9  Pak - 9  Ban - 8   SA - 6  Afg - 6    Semis  Aus vs NZ (If rain doesn't stop)  NZ  Eng vs Ind (If rain doesn't stop)  Ind    Final  Ind vs NZ (If rain doesn't stop)  NZ - India will win #ShameOnICC,eng,hasoc_en_43,0,0,0,0,0,0,0,0,0,0,0,0
@Werdnat This crazy Manbaby will probably paint it gold.  Not gawdy at all.    #ihate45   #worstPresidentever   #weaselheadedfucknugget   #shutyourshithole   #fucktrump   #yousuck   #liarinchief   #noclass   #moron   #ridusofthisdisease  #UnfollowTrump  ┌,eng,hasoc_en_44,0,0,0,0,0,0,0,0,0,0,0,0
This is everything. #fucktrump https://t.co/e2C48U3pss,eng,hasoc_en_45,0,0,0,0,0,0,0,0,0,0,0,0
@AMISHDEVGAN Where were the IMA &amp,eng,hasoc_en_46,0,0,0,0,0,0,0,0,0,0,0,0
Hey Trump ! These lovely ladies got something to tell ya ....  #FUCKTRUMP https://t.co/s1WhlaPaMf,eng,hasoc_en_47,1,0,0,0,0,0,0,0,0,0,0,1
So basically he’s not vegan #dickhead 🙄 https://t.co/Z2SPDxudxp,eng,hasoc_en_49,0,0,0,0,0,0,0,0,0,0,0,0
@TheRealOJ32 The world will rejoice when you die. #murderer #classless,eng,hasoc_en_50,0,0,0,0,0,0,1,0,0,0,1,1
Acoustic &amp,eng,hasoc_en_51,0,0,0,0,0,0,0,0,0,0,0,0
https://t.co/soiOMk5pal    “This ruling sends a clear message that Muslim voices will not be silenced by threats and hate.” - @DeanObeidallah via @WashTimes     @MuslimAdvocates helped represent Mr. Obeidallah.     #AntiMuslim #Islamophobia #Justice https://t.co/9oV1I1zxev,eng,hasoc_en_53,0,0,1,0,0,0,0,0,0,0,0,1
Mamta ji pls don't drag Muslims in this case no one said they won't treat any particular religion   I am  a muslim pls stop speculating situation based on religion  Stop playing bloody politics   #MamtaBanerjee #DoctorsFightBack #India #westbengal #trinamool,eng,hasoc_en_55,0,0,1,0,0,0,0,0,0,0,0,1
Well come to New Pakistan with new rates   #Budget2019 #PTIGovernment #imranhataomulkbachao https://t.co/Jj2Ip6YvSZ,eng,hasoc_en_57,0,0,0,0,0,0,0,0,0,0,0,0
@realDonaldTrump Just this: T.R.U.M.P  is ...    GOOD! HE SHOULD BE!    #TrumpIsATraitor https://t.co/5LbpbOCrdg,eng,hasoc_en_58,0,0,0,0,0,0,0,0,0,0,0,0
All the best to #TeamIndia for another swimming competition on Sunday against   #India 🇮🇳 #Pakistan. 🇵🇰     #INDvPAK #ShameOnICC  #CWC19 #CWC19Rains ☔☔ https://t.co/LmI5bnCCvR,eng,hasoc_en_60,0,0,0,0,0,0,0,0,0,0,0,0
Unisex Anti Trump AF T-Shirt in Extended Sizes - Small up to 5x https://t.co/cCONVvIIWf  #fucktrump #antitrump #votebluenomatterwho https://t.co/oQkq0Ya6Gy,eng,hasoc_en_61,1,0,0,0,0,0,0,0,0,0,0,1
@ICC @bira91 This world cup 19 should be ban !! 😡😡 Rain rain rain motherfuckerr ICC   Shift this world to another country or ban this world cup 19 😡😡   #ShameOnICC 😡😡,eng,hasoc_en_62,0,0,0,0,0,0,1,0,0,0,1,1
Learn how to cover up the ground #ShameOnICC,eng,hasoc_en_63,0,0,0,0,0,0,0,0,0,0,0,0
Gee... where have we seen this before? #fucktrump #ImpeachDonaldTrumpNOW Leaked docs reveal Russian effort to exert influence in Africa  https://t.co/Hb5krYqkIB,eng,hasoc_en_66,0,0,0,0,0,0,0,0,0,0,0,0
#dirtyjohn #bravo holy crap the guy was in #LosGatos and that's in my neck of the woods it's #siliconvalley #sanjose #scary #murderer,eng,hasoc_en_68,0,0,0,0,0,0,0,0,0,0,0,0
#ShameOnICC: Indian Fans Unleash Their Wrath Upon ICC After Another World Cup Washout https://t.co/UeO1Iy22cr,eng,hasoc_en_69,0,0,0,0,0,0,0,0,0,0,0,0
Throwback to the time when Pak dedicated an entire match to its army and the ICC didn't even flinch. India must not be pressured by ICC and change #Dhoni gloves. Don't let Pak win. Boycott the WC India!    #DhoniKeepTheGlove #DhoniKeepsTheGlove #DhoniKeSaathDesh #DhoniKeepTheGloves https://t.co/pcJdN21liN,eng,hasoc_en_70,0,0,0,0,0,0,0,0,0,0,0,0
I want to know too!  Thanks @AOC for asking these questions !  #FuckTrump #BeBest #OrangeFoolius. https://t.co/FLZlaqdSLt,eng,hasoc_en_71,0,0,0,0,0,0,0,0,0,0,0,0
We don't need a special law. WE NEED PROPER UNBIASED ENFORCEMENT OF EXISTING LAWS. Once they are applied properly  and people jailed there will be deterrence.  We doctors must win back the trust of the people. This will ensure political support for us.  #DoctorsFightBack,eng,hasoc_en_72,0,0,0,0,0,0,0,0,0,0,0,0
Top 50 hashtags mentioning @realDonaldTrump for 2019-06-15 07:00 to 2019-06-15 15:00 GMT+0  #MAGA #JohnMcCainDay #Trump2020 #DerangedDonald #Trump #TrumpIsATraitor #ImpeachTrumpNow #WWG1WGA #RT #ImpeachTrump   https://t.co/CSJrZiSfsH,eng,hasoc_en_73,1,0,0,0,0,0,0,0,0,0,0,1
@jimsciutto @RepMcCaul Except... Trump’s hand has already been caught in the cookie jar trying to get “dirt” on an opponent from Russia.     Remember... Trump Tower?     #TrumpIsATraitor   #ImpeachmentHearingsNow https://t.co/AWvmmEqN2F,eng,hasoc_en_75,1,0,0,0,0,0,0,0,0,0,0,1
Livpure Glo 7L RO+UV + Mineralizer Water Purifier  @ Rs.9499 (mrp-15990)    https://t.co/iNAuUJY5tX    More:  https://t.co/Qw2tZtN8Lx    https://t.co/iNAuUJY5tX    #DoctorsFightBack #SaveBengal #amazon #flipkart #deals #dealoftheday #amazingdeals #offers #discount #JaiShreeRam #ModiForAll,eng,hasoc_en_77,0,0,0,0,0,0,0,0,0,0,0,0
Ted Bundy’s final meal. He didn’t even pick at it. #execution #murderer #killer #tedbundy #breakfast #lethalinjection https://t.co/xJ4LrWmcph,eng,hasoc_en_79,0,0,0,0,0,0,0,0,0,0,0,0
Dear @ICC this is world cup not a club cricket so please check the umpiring errors instead of @msdhoni gloves.  #DhoniKeepsTheGlove #DhoniKeepTheGlove   #DhoniKeSaathDesh,eng,hasoc_en_81,0,0,0,0,0,0,0,0,0,0,0,0
#INDvsNZ toss be like....#ShameOnICC https://t.co/aO6mN6OEl7,eng,hasoc_en_82,0,0,0,0,0,0,0,0,0,0,0,0
Boris Johnson = chaos  @RoryStewartUK  = stability    It really is as simple as that! #Toryleadership #BorisJohnsonShouldNotBePM https://t.co/Uv37w5YMVC,eng,hasoc_en_84,0,0,0,0,0,0,0,0,0,0,0,0
#DhoniKeepsTheGlove     What's wrong with @ICC??   Dhoni is first a soldier then a cricketer.....   @BCCI,eng,hasoc_en_85,0,0,0,0,0,0,1,0,0,0,1,1
#DoctorsFightBack #PresidentsRule is only option TMC goons r not in control of @mamt https://t.co/XZvOa2LaO5,eng,hasoc_en_86,0,0,0,0,0,0,0,0,0,0,0,0
@ICC why is it okay? #DhoniKeepsTheGlove #DhoniKeSaathDesh https://t.co/my3pMe9x2O,eng,hasoc_en_87,0,0,0,0,0,0,0,0,0,0,0,0
You #supportdhoni  #MSDHONI  #DhoniKeSaathDesh  #Dhoni ???  #BCCI  #CWC19  #DhoniKeepTheGloves  #DhoniKeepsTheGlove  #DhoniKeepBalidaanBadgeGlove  #BalidanBadge  #Balidan  #bbccricket  #CricketWorldCup2019  #WorldCup2019    Retweet 🔄 for #msdhonigloves   Like 👍 👇,eng,hasoc_en_88,0,0,0,0,0,0,1,0,0,0,1,1
@cbouzy Did my part.    #Murderer,eng,hasoc_en_89,0,0,0,0,0,0,0,0,0,0,0,0
Hypocrisy of the Indian elite    #SaveBengal #Savethedoctors #India #MamataLosingControl #MamataBanerjee #Kolkata #WestBengal #BengalDoctorsStrike @MamataOfficial @BJPBengal @NewIndianXpress @TimesNow @republic #democracy #DoctorsFightBack #DoctorsStrike #DoctorsProtest https://t.co/OEDcx2uCeq,eng,hasoc_en_90,0,0,0,0,0,0,0,0,0,0,0,0
5000+ Doctors and Non Medicos walked from NRS to CNMC for our cause.   History has been created as this is probably one of the biggest movement that has been carried out by the doctors.   #DoctorsFightBack https://t.co/QVZ12X03ma https://t.co/OKgUzp5JRa,eng,hasoc_en_91,0,0,0,0,0,0,0,0,0,0,0,0
@realDonaldTrump Destroy our country?  More like defending our country against a treasonous traitor in the white house!    #TrumpIsATraitor   #TrumpTaxes  #TrumpsAnInternationalDisgrace   #TrumpMustResign,eng,hasoc_en_92,0,1,0,0,0,0,0,0,0,0,0,1
Gabor nails it again. A voice of reason.  #BorisJohnsonShouldNotBePM https://t.co/OzkGK5vL7n,eng,hasoc_en_93,0,0,0,0,0,0,0,0,0,0,0,0
Few minutes left for Almond #OnePlus7Pro on @amazonIN   Available with #SBI Cash back of ₹2000 and up to 6 months No Cost EMI 💳    Quick hands on to buy it 👇    #OnePlus7 #OnePlus7IsHere #OnePlus7Pro #OnePlus  #WeTheNorth #ShameOnICC #FridayMotivation #FridayFeeling #NBAFinals,eng,hasoc_en_94,0,0,0,0,0,0,0,0,0,0,0,0
AOC asks the FBI why they give white supremacists a pass #Resist #ResistTrump #FuckTrump https://t.co/kZscCJo2jR,eng,hasoc_en_95,0,1,0,0,0,0,0,0,0,0,0,1
@kojikabu @Maggie_Klaus @JoeBiden What it is that we will do anything to get trump the hell out there EXCEPT CHEAT LIKE TRUMP DID!!!!  #FuckTrump #Bluewave2020,eng,hasoc_en_96,1,0,0,0,0,0,1,0,0,0,0,1
@GuidoFawkes What a nasty lot #ToryLeadershipContest contenders have exposed themselves to be!  #ToryLeadershipContest   #BorisJohnsonShouldNotBePM,eng,hasoc_en_99,0,0,0,0,0,0,0,0,0,0,0,0
Marlon Craft - Gang Shit (Official Music Video) https://t.co/jh7QJds6n0 via @YouTube @GOP #FuckTrump #CopsAreTheGang,eng,hasoc_en_100,0,0,0,0,0,0,0,0,0,0,0,0
@BorisJohnson If we want to unite our country- we should commit that anyone who us scared to face a bit of public scrutiny shouldn't be allowed to run for Prime Minister...  #BorisJohnsonShouldNotBePM #BorisJohnson #ToryLeadership #ToryLeadershipDebate #T,eng,hasoc_en_101,0,0,0,0,0,0,0,0,0,0,0,0
Analysis: Sarah Sanders' legacy: The death of the White House press briefing #Resist #ResistTrump #FuckTrump https://t.co/jjU0hqifun,eng,hasoc_en_102,0,1,0,0,0,0,1,0,0,0,0,1
So it looks like the lying incompetent homophobic racist #BorisJohnson will be the next #Tory leader...well at least we’ll get a #GeneralElection eh Boris?  #BorisJohnsonShouldNotBePM #ToryDrugOff #ToryLeadershipContest https://t.co/Ho4HibTo7A,eng,hasoc_en_103,0,0,0,0,0,0,0,0,0,0,0,0
It's not a windmill.  It's not a fan.  It's a wind turbine and it's good for the environment.    #fucktrump https://t.co/jWfqPYuV2Y,eng,hasoc_en_104,0,0,0,0,0,0,0,0,0,0,0,0
@mayukhrghosh This is applaudable move by doctors. They save our lives. We must support them against the voilence. #Savethedoctors  #DoctorsFightBack,eng,hasoc_en_105,0,0,0,0,0,0,0,0,0,0,0,0
This will not work we are not scapegoats.. centre should intervene. .  #DoctorsFightBack @narendramodi @PMOIndia @AmitShah @drharshvardhan,eng,hasoc_en_106,0,0,0,0,0,0,0,0,0,0,0,0
@mkraju Says the guy who killed the tree that Macron gave u for friendship n peace!! #sad #douchebag,eng,hasoc_en_109,0,0,0,0,0,0,1,0,0,0,1,1
@TheRealOJ32 ...You're finally going to admit to something bad you did in the past?    #Juice #THEJUICEISLOOSE  #OJ #Simpson #Golf #course #Killer  Are you #OnTheHunt for the real #Killers?  #Murder #Redrum #Murderer?  #NicoleBrownSimpson #RonGoldman #Adm,eng,hasoc_en_110,0,0,0,0,0,0,0,0,0,0,0,0
#BorisJohnsonShouldNotBePM he is already ducking and diving the 5 friendly candidates...God help us when it comes to to the 27 European countries!! https://t.co/siS59z36pR,eng,hasoc_en_111,0,0,0,0,0,0,1,0,0,0,1,1
1.Death of Dr Payal Tadvi  2.Arresting of Dr kafeel khan  3.72 children die due to insufficient oxygen!  Where were these doctors?  #DoctorsStrike  #DoctorsFightBack #DoctorsProtest #Savethedoctors,eng,hasoc_en_112,0,0,0,0,0,0,1,0,0,0,1,1
#IndianPsychiatricSociety stands by #IndianMedicalAssociation. Condemns #ViolenceAgainstDoctors  #DoctorsFightBack #SolidarityWithNRSMCH #StopViolenceAgainstDoctors @MamataOfficial https://t.co/FIpSvBEdDb,eng,hasoc_en_114,0,0,0,0,0,0,0,0,0,0,0,0
I urge every Indian to send mail to icc at enquiry@icc-cricket.com with this image asking them why he can’t keep the logo on that glove ?   #DhoniKeepTheGlove  #DhoniKeepsTheGlove https://t.co/OYP3eJcGCt,eng,hasoc_en_115,0,0,0,0,0,0,0,0,0,0,0,0
@realDonaldTrump @StateDept @SecPompeo Japan disagrees...they saw something 'flying in' and then hitting the boat. #TrumpIsATraitor https://t.co/ADZvw82uZi,eng,hasoc_en_116,0,0,0,0,0,0,0,0,0,0,0,0
@DesiCryptoHodlr In #India the severity of punishment for Holding just #bitcoin is equivalent the crime done by a #Rapist or a #Murderer Or #money Launderer or extortionist.   Really amazed to see where we are Heading.,eng,hasoc_en_117,0,0,0,0,0,0,0,0,0,0,0,0
@TajinderBagga @fawadchaudhry 2uat @cricketworldcup is doing they have objection on #DhoniKeepsTheGlove,eng,hasoc_en_118,0,0,0,0,0,0,0,0,0,0,0,0
Do your job #Senators #MBS #Murderer https://t.co/L0w7owl9gc,eng,hasoc_en_119,0,0,0,0,0,0,0,0,0,0,0,0
#Trump's Constant Attacks on #FreePress are Merciless Attacks on #Democracy's Foundation #FuckTrump #TrumpFascism #ImpeachTheMF #StopFascism #Drumpf #ResistTrump #FascistTrump #SaveDemocracy #Cult45 #NotMyPresident #StopHate  #DumpTrump #PutinsPuppet #FBR https://t.co/nMKXGqFxMx,eng,hasoc_en_120,1,0,0,0,0,0,0,0,0,0,0,1
@realDonaldTrump @JedediahBila Is there anything our so-called President does other than eating hamberder’s in bed and watching FauxNews while tweeting?    #LockTrumpUp  #ImpeachmentInquiryNow   #ImpeachTrump   #ImpeachBarr   #ImpeachMnuchin  #TrumpIsATra,eng,hasoc_en_121,0,0,0,0,0,0,0,0,0,0,0,0
Meanwhile ....Dhoni's Reply To ICC ......    #DhoniKeepTheGlove #DhoniKeepsTheGlove   #DhoniKeSaathDesh  #dhonigloves #dhoni https://t.co/cEOOw8Kln3,eng,hasoc_en_122,0,0,0,0,0,0,0,0,0,0,0,0
अभी भी समय बचा हुआ है।   Shift the #ICCCricketWorldCup2019   In India.😂😂  We need rain.  @BCCI  @ICC   @imVkohli   @msdhoni   @hardikpandya7   @SDhawan25     #ShameOnICC,eng,hasoc_en_123,0,0,0,0,0,0,0,0,0,0,0,0
@aditi_hbl Proactive? Directive from above !! .. it is shameful interpretation from a journalist .  Every movement has a turning point ...   It is Now or Never   #DoctorsFightBack   #StopViolenceAgainstDoctors https://t.co/HFOFwA8S5M,eng,hasoc_en_126,0,0,0,0,0,0,1,0,0,0,1,1
#etsy shop: Benedict Donald so called president is a traitor Short-Sleeve Unisex T-Shirt https://t.co/cFqiGN6kbT #clothing #shirt #streetwear #trump #impeach #treason #traitor #fucktrump #impeachtrump https://t.co/bd7A6awiqb,eng,hasoc_en_128,1,0,0,0,0,0,0,0,0,0,0,1
Trump downplays the time he said he’d take help from foreign actors offering dirt on 2020 Dems #Resist #ResistTrump #FuckTrump https://t.co/BPodenyc5R,eng,hasoc_en_129,1,0,0,0,0,0,0,0,0,0,0,1
@UROCKlive1 He’s had the worst numbers of any president ever. Theres not much “Lower” to go. #TrumpIsATraitor,eng,hasoc_en_130,0,0,0,0,0,0,0,0,0,0,0,0
@BrianKarem @realDonaldTrump Pay no attention to the draft dodging charlatan behind the curtain! LOL!   #fucktrump #DumbDonnyTheDraftDodgingDotard #DraftDodgerDonny,eng,hasoc_en_131,0,0,0,0,0,0,0,0,0,0,0,0
#shameonicc  English:#ShameOnICC   Indian daily soaps: Bahr aapki thoo-thoo ho rhi h znab  @aryashekhar67 🤣😂🤣,eng,hasoc_en_132,0,0,0,0,0,0,0,0,0,0,0,0
Has someone really just sent me a snap whilst doing 90mph in a lorry??? #dickhead,eng,hasoc_en_133,0,0,0,0,0,0,1,0,0,0,1,1
@FreemantlePaul @realDonaldTrump @FoxNews Which hurts you the most? Duel citizenship,eng,hasoc_en_134,0,0,0,0,0,0,0,0,0,0,0,0
Fck the US tho and #fucktrump https://t.co/Wyc6RQW02x,eng,hasoc_en_135,0,0,0,0,0,0,0,0,0,0,0,0
@smiller4002 @therealkevinTE I just got back on Twitter a few weeks ago! I don’t have many followers so feel free to add me! 🤘🏻🇺🇸 #fucktrump,eng,hasoc_en_137,0,0,0,0,0,0,0,0,0,0,0,0
@realDonaldTrump 50% APPROVAL TO RESIGN!!!    #FUCKTRUMP  #FUCKTHATPUTO,eng,hasoc_en_138,0,0,0,0,0,0,1,0,0,0,1,1
#TrumpIsATraitor Call your Member of Congress https://t.co/PgH3jk4NYa,eng,hasoc_en_139,0,0,0,0,0,0,0,0,0,0,0,0
@TheRealOJ32 “getting even”  ? lock up the cutlery #murderer,eng,hasoc_en_141,0,0,0,0,0,0,0,0,0,0,0,0
#INDvNZ | Cricket fans are venting their frustration with #ShameOnICC tweets and wondering why the ground staff could not cover the entire ground when the rain warning was given in advance.     Take a look at these tweets:    https://t.co/OL8AV678w6,eng,hasoc_en_144,0,0,0,0,0,0,0,0,0,0,0,0
Trump doesn’t know what the Hell he is talking about!!!!    He can’t help but spew B*llshit!!!   He’s a Disgrace &amp,eng,hasoc_en_146,1,0,0,0,0,0,1,0,0,0,0,1
#TrumpIsATraitor #TheResistance  Don't get me wrong there's nothing funny about what Trump said. On the other hand this is really amusing.  https://t.co/dQvwSpp29i,eng,hasoc_en_147,1,0,0,0,0,0,0,0,0,0,0,1
@itsJeffTiedrich Oh he definitely would’ve sold out everybody. #trumpisatraitor #TrumpMustResign,eng,hasoc_en_149,0,0,0,0,0,0,0,0,0,0,0,0
#FuckTrump 💩    $41-million settlement in 'Central Park Five' case gets final approval https://t.co/ftsnNXyAdi,eng,hasoc_en_150,0,0,0,0,0,0,0,0,0,0,0,0
@cenkuygur You are. False journalists with agendas on none existant fabrications. #douchebag,eng,hasoc_en_151,0,0,0,0,0,0,0,0,0,0,0,0
Goddamit #fucktrump https://t.co/wLiQVcOCtG,eng,hasoc_en_152,0,0,0,0,0,0,0,0,0,0,0,0
No @GOP lawmakers with any guts? #TrumpIsATraitor https://t.co/acklHaRMZz,eng,hasoc_en_155,0,0,0,0,0,0,0,0,0,0,0,0
It could be the Tom &amp,eng,hasoc_en_157,0,0,0,0,0,0,0,0,0,0,0,0
I love the selective memory &amp,eng,hasoc_en_159,0,0,0,0,0,0,0,0,0,0,0,0
@The_OJSimpson32 You know what else is crazy is when a murderer has to play the race card to get off &amp,eng,hasoc_en_160,0,0,0,0,0,0,0,0,0,0,0,0
@ICC #ShameOnICC Now plz stop it...,eng,hasoc_en_161,0,0,0,0,0,0,0,0,0,0,0,0
What a honorable noble human being huh . #douchebag https://t.co/wlXSvtRPGh,eng,hasoc_en_164,0,0,0,0,0,0,0,0,0,0,0,0
@realDonaldTrump Russian elected twit is #PutinsPuppet #TrumpIsATraitor https://t.co/8BHnUobBlE,eng,hasoc_en_166,0,0,0,0,0,0,0,0,0,0,0,0
Oak Tree Given To #IdiotTrump By# Macron Dies Under Mysterious Circumstances https://t.co/GPhQL0PZvg,eng,hasoc_en_167,0,0,0,0,0,0,0,0,0,0,0,0
HUMP DAY #9   @Unite2020 #FUCKTRUMP #VoteBlueNoMatterWho   @SoZooMe1   @LittleItalyPic   @CJ_isnowblue   @TerriDF   @umacoopa1   @fuckthewall2019 💩🤣  @ras4800   @heyjude831   @moonyeensghost   @donnaleeforte   @JimMick67  @TweetFiction   @SpacialK3   @Barbara27Morris   @candynorthgirl https://t.co/BEl6AI65kf,eng,hasoc_en_168,0,0,0,0,0,0,0,0,0,0,0,0
#FuckTrump and his Birthday https://t.co/DmJBHyp9fi,eng,hasoc_en_169,0,0,0,0,0,0,0,0,0,0,0,0
@gainedgod Ex army men &amp,eng,hasoc_en_171,0,0,0,0,0,0,0,0,0,0,0,0
@RealDeanCain It's pretty pathetic to have a social media acct dedicated to hating someone. 🙄 Ironic those people chanting things like #LoveTrumpsHate #LoveISLove are the same ones who say #FuckTrump. Hypocrites.,eng,hasoc_en_172,0,0,0,0,0,0,0,0,0,0,0,0
“The One” who Slays Aussies 🏏 @SDhawan25     #INDvAUS #CWC2019 #cwc19  #DhoniKeepsTheGlove,eng,hasoc_en_173,0,0,0,0,0,0,0,0,0,0,0,0
@realDonaldTrump @USArmy Happy John McCain Day Cadet Bonespurs! #JohnMcCainDay #TrumpIsATraitor,eng,hasoc_en_175,0,0,0,0,0,0,0,0,0,0,0,0
@realDonaldTrump Has she gone looking for any remaining fragments of her soul? #Trump #TrumpIsATraitor,eng,hasoc_en_176,1,0,0,0,0,0,0,0,0,0,0,1
@DevinCow @KimEGoldman Followed Ms. Goldman yesterday and blocked the #MURDERER yesterday. I've followed you since that bad boy sued you. Please follow me! https://t.co/K0dzRp5qEk,eng,hasoc_en_177,0,0,0,0,0,0,0,0,0,0,0,0
1 Stop Fashion Women Kurta  @ Rs.199 (mrp-1107)    https://t.co/xX3qfYe1kb    More 1 Stop Fashion Offers    https://t.co/PtVllOwFv9    https://t.co/xX3qfYe1kb    #DoctorsFightBack #SaveBengal #amazon #flipkart #deals #dealoftheday #amazingdeals #offers #discount #JaiShreeRam #ModiForAll,eng,hasoc_en_179,0,0,0,0,0,0,0,0,0,0,0,0
@GOP @realDonaldTrump 🇺🇸The best way to show your   commitment to real criminal justice   reform would be to get rid of the   criminal in the White House. NOW!    #TrumpIsATraitor  #DoSomethingGOP,eng,hasoc_en_181,0,1,0,0,0,0,0,0,0,0,0,1
@HuffPost FBI agents Struck and Paige were fired because they exercised freedom of speech speech #TrumpIsATraitor #45IsAcriminal #TrumpCrimeFamily #McConnellMustGo #McConnellChaoCorruption,eng,hasoc_en_182,0,0,0,0,0,0,0,0,0,0,0,0
Correct. Now is not the time for moderation. You cannot be moderate with your head inside the tiger's mouth. #FuckTrump https://t.co/IwEk3oZA1k,eng,hasoc_en_183,0,0,0,0,0,0,0,0,0,0,0,0
Like Seriously!!! This is what i literally tell my friends everyday!    #Health #water #hydrated #healthy #WorldBloodDonorDay #NBAFinals #FridayMotivation #FridayFeeling #ShameonICC #WeTheNorth #instagramdown #India #meme #SarcasmOnly https://t.co/t2FpSEY823,eng,hasoc_en_184,0,0,0,0,0,0,1,0,0,0,1,1
#stopboris #BorisJohnsonShouldNotBePM   #borisdoesnotrepresentme   #C4Debate   @chessmartinez     What an inspirational woman you are Francesca...    https://t.co/Dc592xcidO,eng,hasoc_en_185,0,0,0,1,0,0,0,0,0,0,0,1
A billion Cricket fans waited four years to watch how it rains in England and how the cricket grounds are becoming swimming pools  #ShameOnICC   #CWC19 https://t.co/2Q27mU6WAC,eng,hasoc_en_186,0,0,0,0,0,0,0,0,0,0,0,0
@FinancialXpress i appeal to all doctors through this channel ...    that   if you all are doing strike then do for years for all the responsible not for the common people who are helpless....    You all are second god .......    #DoctorsFightBack #Doctor,eng,hasoc_en_188,0,0,0,0,0,0,0,0,0,0,0,0
“Ron Goldman’s sister hails him as ‘hero’ in first interview since OJ Simpson trial” Source: https://t.co/MYxrFSPqqb #RonGoldman #KimGoldman #FredGoldman #NicoleBrownSimpson #OJ #OJSimpson #TheJuice #Murderer,eng,hasoc_en_189,0,0,0,0,0,0,0,0,0,0,0,0
@Gen_VKSingh @msdhoni @ICC I fully endorse You Sir.....     This is about our #NationalPride .......     I am of the Opinion #DhoniKeepsTheGlove,eng,hasoc_en_190,0,0,0,0,0,0,0,0,0,0,0,0
@realDonaldTrump Happy #JohnMcCainDay   #fucktrump   #AmericansForImpeachment,eng,hasoc_en_191,0,0,0,0,0,0,0,0,0,0,0,0
Trump's GOP allies privately cringe at dirt comments #Resist #ResistTrump #FuckTrump https://t.co/2wyFNQtdNY,eng,hasoc_en_192,1,0,0,0,0,0,0,0,0,0,0,1
If u r living today it's bcoz of doctors.. #Savethedoctors #DoctorsFightBack #MamataLosingControl @MamataOfficial .... https://t.co/Wf0F0WLBM8,eng,hasoc_en_193,0,0,0,0,0,0,0,0,0,0,0,0
Must Listen! I Stand With NRS https://t.co/hIRyPeDsCO via @YouTube #NRS #SAVEDOCTORS #India #NEWS #WestBengal #MamataLosingControl #DoctorsFightBack #DoctorsStrike #DoctorsProtest,eng,hasoc_en_194,0,0,0,0,0,0,0,0,0,0,0,0
Anderson Cooper: All of Trump's threats were about nothing #Resist #ResistTrump #FuckTrump https://t.co/4jKzZnKTh3,eng,hasoc_en_195,1,0,0,0,0,0,0,0,0,0,0,1
@ICC Have some sense 😂 Just creating issue out of nothing #DhoniKeepsTheGlove,eng,hasoc_en_196,0,0,0,0,0,0,0,0,0,0,0,0
#DhoniKeepTheGlove dear icc you may not know but that logo is not political nor religious it is a logo of a army regiment so ms dhoni did nothing wrong #DhoniKeepsTheGlove  icc please research on it,eng,hasoc_en_197,0,0,0,0,0,0,0,0,0,0,0,0
I knew the police wouldn’t do anything. So I am doing something. Feel how you will. I don’t care. Just be safe. His Twitter is beardedweirdness. Don’t kill him. #rapist #MeToo #becareful #arthurcampos,eng,hasoc_en_198,0,0,0,0,0,0,1,0,0,0,1,1
#ShameOnICC focuses on Ground instead of doing Glove issue. Already I paid for the ticket.😂 https://t.co/Nx5Hr69nuf,eng,hasoc_en_200,0,0,0,0,0,0,0,0,0,0,0,0
@tedlieu @tricia_resists @KellyannePolls @realDonaldTrump #FireKellyanne #TrumpIsATraitor  #McCainsAHero #JohnMcCainDayJune14 and do not forget #PenceKnewEverything,eng,hasoc_en_202,0,0,0,0,0,0,0,0,0,0,0,0
Trump says Kim has 'kept his word' hours after Bolton said he hasn't #Resist #ResistTrump #FuckTrump https://t.co/2pK4D11eTh,eng,hasoc_en_203,1,0,0,0,0,0,0,0,0,0,0,1
Here are things you must know if you're Hindu.    #WorldBloodDonorDay #ShameOnICC #SaveBengal #FridayFeeling #SCOSummit2019 #MenInBlackReview #TheUnmissableMeeting #doctorsstrike #ENGvWI #spiritual #cultural #hindu #hinduism #ABrandNewDayOutNow https://t.co/rELbYCGpH3,eng,hasoc_en_204,0,0,0,0,0,0,0,0,0,0,0,0
@SweetFreedom29 @IbraheemSamirah @DLoesch Progressives like this fool love these kinds of weapons #Murderer,eng,hasoc_en_206,0,0,0,0,0,0,0,0,0,0,0,0
@YourStoryCo #ICCWorldCup2019 will turn out to be a swimming competition. #ShameOnICC,eng,hasoc_en_207,0,0,0,0,0,0,0,0,0,0,0,0
@4YrsToday @erichards24 HAPPY JOHN MC CAIN DAY! #fucktrump #trumpcolluded #lazysumbitch,eng,hasoc_en_208,0,0,0,0,0,0,0,0,0,0,0,0
Pete Buttigieg just gave his first foreign policy speech. He offered 5 clear proposals. #Resist #ResistTrump #FuckTrump https://t.co/fScveRX4Ms,eng,hasoc_en_209,0,0,0,0,0,0,0,0,0,0,0,0
Whats @Swamy39 priority in life?    #ModiJiPleaseInkoKaamDo     #AbortionIsMurder #INDvAUS #AUSvIND #INDvsAUS #DhoniKeepTheGlove #JusticeForTwinkleSharma #JusticeForFarishta #Bharat #FreePrashantNow #DhoniKeepsTheGlove #WestBengal #Tirupati #GabbarisBack #SachinOpensAgain #starc,eng,hasoc_en_210,0,0,0,0,0,0,0,0,0,0,0,0
#DoctorsProtest #DoctorsStrike #DoctorStrike #DoctorsFightBack #DoctorsUnderOppression #Doctors     REMEMBER DR. KAFEEL KHAN FROM #UttarPradesh ❓    HE WAS JAILED BY @myogiadityanath GOVERNMENT‼️    #Doctors SHOULD HAVE FOUGHT BACK THEN TOO‼️    ANYTHING POLITICAL ABOUT IT ‼️❓ https://t.co/D9wy9wyEG9,eng,hasoc_en_212,0,0,0,0,0,0,1,0,0,0,1,1
@realDonaldTrump You are a crook and a national embarrassment.  #FUCKTRUMP  #impeach45  Happy #JohnMcCainDay,eng,hasoc_en_213,0,0,0,0,0,0,0,0,0,0,0,0
@Conservatives a 'Johnson' is slang for a penis. #Dickhead #NominativeDeterminism  #ToriesOut #PeoplesVote #Blindingobvious,eng,hasoc_en_214,0,0,0,0,0,0,0,0,0,0,0,0
Japanese internment camp all over again but with latinos kids!  This shit is going way too far now!!  Family separation has been upgraded!!! #FuckTrump #Bernie2020 #BernieSanders https://t.co/0BcRJVno0e,eng,hasoc_en_215,0,0,0,0,0,0,1,0,0,0,1,1
And what who are they going to gun down loser Trump in the WH? #dickhead https://t.co/DiJhvonXhv,eng,hasoc_en_216,1,0,0,0,0,0,0,0,0,0,0,1
Thats The Story Of Indian Batting....When Our Top-3 Clicks...We Dont Need Any Stable No.4...We Just Need Finishers🤩 #GermanyCheersForIndia #INDvAUS #ICCWorldCup2019 #AUSvIND #AusVsInd #Dhoni #DhoniKeepsTheGlove #Shikhar #Rohit #Kohli #pandya,eng,hasoc_en_217,0,0,0,0,0,0,0,0,0,0,0,0
#womensrights #humanrights #fucktrump  'U.S. court rules against #Trump administration in immigrant teen abortion case' - https://t.co/1JXH2TLgtE,eng,hasoc_en_218,1,1,0,0,0,0,0,0,0,0,0,1
UAE investors hit as dodgy #halal firm #IMAJewels folds up in India https://t.co/Pk6ZWP7jOY #Imafraud #Imascam #Bengaluru #Ponzi #UAE #Halal,eng,hasoc_en_220,0,0,0,0,0,0,0,0,0,0,0,0
@GOP @realDonaldTrump I suppose he'll be celebrating his birthday at one of his golf properties on taxpayer money??    #TrumpIsATraitor   #ResignAndGiveAmericaAGift https://t.co/lKubflbFXw,eng,hasoc_en_221,0,0,0,0,0,0,1,0,0,0,1,1
What's wrong there!??  Rain is interrupted @ England!  #shameonICC #ENGvWI #Rain    Can we see a complete match today?,eng,hasoc_en_225,0,0,0,0,0,0,1,0,0,0,1,1
If required boycott tournament. #DhoniKeepTheGlove #DhoniKeepsTheGlove #Dhoni,eng,hasoc_en_226,0,0,0,0,0,0,0,0,0,0,0,0
The Press is not the enemy of the people. #TrumpIsATraitor #JohnMcCainDayJune14th https://t.co/LDsUKmQfrk,eng,hasoc_en_227,0,0,0,0,0,0,0,0,0,0,0,0
@JohnJHarwood Gag reflex kicking in. #TrumpIsATraitor,eng,hasoc_en_229,0,0,0,0,0,0,0,0,0,0,0,0
@realDonaldTrump @NCGOP #FuckTrump  I will never forget what you did to the #CentralParkFive!  Now known as the #ExoneratedFive https://t.co/hD7EXJiI2b,eng,hasoc_en_231,0,0,0,0,0,0,0,0,0,0,0,0
@JayneInnes With you there Councillor #BorisJohnsonShouldNotBePM,eng,hasoc_en_232,0,0,0,0,0,0,0,0,0,0,0,0
Some of the GOP in Congress I find utterly disgusting. It’s almost impossible to listen to them try to justify fucked up trump. It’s really disheartening #FuckTrump #FuckTheGOP,eng,hasoc_en_234,1,0,0,0,0,0,0,0,0,0,0,1
@jaketapper And he looks like a bag of guts. #TrumpIsATraitor,eng,hasoc_en_235,0,0,0,0,0,0,0,0,0,0,0,0
#DhoniKeepsTheGlove  We support Dhoni... It's pride of India...,eng,hasoc_en_238,0,0,0,0,0,0,0,0,0,0,0,0
@PastorelliGia who are these ppl replying to you and why are they annoying #fucktrump,eng,hasoc_en_239,0,0,0,0,0,0,0,0,0,0,0,0
I think word cup should be conducted by BCCI. ICC doesn't have enough funds to cover ground also😂😂  #ShameOnICC,eng,hasoc_en_240,0,0,0,0,0,0,0,0,0,0,0,0
@RepAdamSchiff Walk around Adam Shifty's #LA district and then tell me what kind of a politician he is. #douchebag,eng,hasoc_en_241,0,0,0,0,0,0,0,0,0,0,0,0
Doctors of #Khurda district headquarters hospital join all-India protest against violence on junior doctors in West Bengal by wearing black badges #DoctorsFightBack #DoctorsStrike #Odisha https://t.co/Ytj1BrYEAk,eng,hasoc_en_244,0,1,0,0,0,0,0,0,0,0,0,1
Disappointment Remains #ShameOnICC https://t.co/g5ou0TLN3I,eng,hasoc_en_246,0,0,0,0,0,0,0,0,0,0,0,0
#shameonicc from my childhood I didn't watched a rainy world cup session like this. Waited 4 years to watch this rainy #CWC19 cup will be shared by all the participant countries.,eng,hasoc_en_247,0,0,0,0,0,0,0,0,0,0,0,0
#DhoniKeepsTheGlove Salute to the  Para Spl forces &amp,eng,hasoc_en_248,0,0,0,0,0,0,0,0,0,0,0,0
@TheRealOJ32 Why are you on Twitter instead of out tracking down the REAL killer?    Ha ha ha!!!    #Murderer,eng,hasoc_en_251,0,0,0,0,0,0,1,0,0,0,1,1
IMA jewels grand opening at Jayanagar interview with CEO of IMA Group Mansoor Ali khan with Media Supporter #IMA  #IMAJewelsFraud #IMAJewels  #IMAScam #IMAFraud  #MansoorKhan #Bangalore https://t.co/jwIVO34fsR,eng,hasoc_en_252,0,0,0,0,0,0,0,0,0,0,0,0
More excited to see Dhoni's gloves than to watch Australia bat! #AUSvIND #WorldCup2019 #DhoniKeepsTheGlove????,eng,hasoc_en_253,0,0,0,0,0,0,1,0,0,0,1,1
The new world cup trophy.   #ShameOnICC . https://t.co/e1dly8r8En,eng,hasoc_en_254,0,0,0,0,0,0,0,0,0,0,0,0
I stand by the Doctors who are fighting for their respect &amp,eng,hasoc_en_256,0,0,0,0,0,0,0,0,0,0,0,0
@Securitee1 @TheStaukBox @DidnTrump @lou_bruette @Bubbaflaco @Qhappiness17 @booda_cat @BustTheGop @wotrwokr @drewand1212 @skeeduu @WVLiberalVoter @juliefpc @HindleyDan @JandFinthecity @Vickie627 @RoseWoo15096108 @JeffHarperArt @SagArcher @ColePratt88 @Tru,eng,hasoc_en_258,0,0,0,0,0,0,0,0,0,0,0,0
fire meth barbie  #TrumpsWorseThanNixon #ResignOrBeImpeached @realDonaldTrump #BillionDollarLoser #FakePresident #TrumpCrimeFamily #ImpeachTrump #TrumpMustResign @funder @SHSanders45 #StableGenius #BeBest #PutinsGOP #CadetBoneSpurs #TrumpsAnInternationalDisgrace #TrumpIsATraitor https://t.co/zzEMgjvJlc,eng,hasoc_en_259,0,0,0,0,0,0,0,0,0,0,0,0
'''Those who protect you should save themselves''  .............Thats our duty....  👍👍👍🙏🙏🙏🙏🙏  #SaveTheDoctors  #DoctorsFightBack   #DoctorsProtest   #DoctorsStrike,eng,hasoc_en_260,0,0,0,0,0,0,0,0,0,0,0,0
The silence at the abuse our female colleagues face on a daily basis is deafening.     #DoctorsFightBack #doctors_against_assualt #DoctorStrike #DoctorsProtest #HEALTH #India #WomenInMedicine #women #WomenRights #HEALTH https://t.co/NejiotTMDu,eng,hasoc_en_261,0,0,0,0,0,0,0,0,0,0,0,0
This is a #rapist https://t.co/3deSjIsZjt,eng,hasoc_en_262,0,0,0,0,0,0,0,0,0,0,0,0
I. can. not. wait #fucktrump it's #JohnMcCainDayJune14th https://t.co/27e3aFmoqX,eng,hasoc_en_263,0,0,0,0,0,0,0,0,0,0,0,0
I am not satisfy this verdict.   We want more than this... #Rapist https://t.co/VD0wo8sC5w,eng,hasoc_en_264,0,0,0,0,0,0,0,0,0,0,0,0
#India should withdraw from #CWC19 in protest.  #BalidanBadge has more honour than playing a World Cup.  #DhoniKeepTheGlove   #DhoniKeSaathDesh #DhoniKeepsTheGlove   #DhoniVsICC   #Dhoni https://t.co/j0iAou1QSW,eng,hasoc_en_265,0,0,0,0,0,0,0,0,0,0,0,0
Better Focus on Improving Umpiring Standards than Dhoni Gloves   #DhoniKeepsTheGlove @ICC @cricketworldcup @msdhoni,eng,hasoc_en_267,0,0,0,0,0,0,0,0,0,0,0,0
He’s a LIAR 🤥  McGahn needs to testify before he’s destroyed and goes to prison.  Just saying.  #TrumpIsATraitor #TraitorTrump https://t.co/Os0A2n9CH5,eng,hasoc_en_270,0,0,0,0,0,0,0,0,0,0,0,0
Today is a contest between   #SuperArmy vs #terroristNationPakistan  It's a war between #125Billionprayer  vs #RainGod  It will be #Walkover or #Washout  #India-6 vs #Terroristan-0 https://t.co/1kHZ1aU402,eng,hasoc_en_271,0,0,0,0,0,0,0,0,0,0,0,0
Dear @MamataOfficial    https://t.co/aDI7dCkqOy    #Bengal #NRSMedicalCollege #SaveTheDoctors #DoctorsProtest #DoctorsFightBack #DoctorStrike  @abpnewstv @republic @TimesNow @ZeeNewsHindi @Zee24Ghanta @CNNnews18 @IndiaToday @aajtak,eng,hasoc_en_272,0,0,0,0,0,0,0,0,0,0,0,0
Candle march by doctors of BHU to support the cause of NRSMC.Sir subderlal opd and elective ot also obesreved strike today on national protest day.#DoctorsFightBack #savethedoctors https://t.co/kjWPJT43lB,eng,hasoc_en_273,0,0,0,0,0,0,0,0,0,0,0,0
Is the #PrinceOfWhales Moby Dick wearing a crown?  @POTUS @realDonaldTrump #DonTheCon  #Dickhead,eng,hasoc_en_275,0,0,0,0,0,0,0,0,0,0,0,0
@MarkDavis @EllenLWeintraub Wrong! Try again... #FEC #FBI #MuellerReport #TrumpIsATraitor,eng,hasoc_en_276,0,0,0,0,0,0,0,0,0,0,0,0
@realDonaldTrump Uh huh Could you possibly be speaking of Lockheed? It was evident prior to your ' Prince of Whales' gaffe you are the epitome of spelling challenged.Of course will not believe this till it materializes   #LiarInChief   #TrumpIsATraitor,eng,hasoc_en_277,0,0,0,0,0,0,0,0,0,0,0,0
@NotoriusNormani @joncoopertweets I despise #TessTalley #murderer 😡,eng,hasoc_en_278,0,0,0,0,0,0,0,0,0,0,0,0
@MrsGandhi @harish_purohit @MamataOfficial #DoctorStrike   #DoctorsFightBack   Vs  Aparna Sen and Kaushik Sen intellectuals gangs in #WestBengal     Explained such way   👇👇👇 https://t.co/O2u0KmA1sn,eng,hasoc_en_279,0,0,0,0,0,0,0,0,0,0,0,0
#Trumpanzees love him because he is just like them. #fucktrump #despotus https://t.co/I96pHfHIXp,eng,hasoc_en_282,0,0,0,0,0,0,0,0,0,0,0,0
3 yrs old girl raped and body burnt ☹️☹️☹️☹️  (Twinkle Sharma)    #rapist  #cutthepenisoff  #pennepenis,eng,hasoc_en_283,0,0,0,0,0,0,0,0,0,0,0,0
Name calling works!!!  #DotardDonald #LiarTrump #DerangedDonald #BullyTrump #DesperateDonald #IdiotTrump but you’ve got to tell the truth or it doesn’t. @SpeakerPelosi isn’t nervous. You are. It’s called #Projection and Donny? It’s okay. You’re right to be nervous. #FuckTrump https://t.co/Wp9oKbYFAh,eng,hasoc_en_284,0,0,0,0,0,0,1,0,0,0,1,1
@GOP @realDonaldTrump 🤮🤮🤮   It would appear that the entire @GOP iso the take from Russia.  Why have you turned your back on America?  #TrumpIsATraitor   #Russia   #GOPLovesRussia,eng,hasoc_en_285,0,0,0,0,0,0,0,0,0,0,0,0
@girlsreallyrule Jim Jordon still thinks he’s a cocky college athlete #Douchebag,eng,hasoc_en_286,0,0,0,0,0,0,0,0,0,0,0,0
@robreiner He is so fucking stupid. #FuckTrump,eng,hasoc_en_287,0,0,0,0,1,0,0,0,0,0,1,1
Trump is a traitor. Period.    #TrumpIsATraitor https://t.co/7WTTkTuAq4,eng,hasoc_en_288,1,0,0,0,0,0,0,0,0,0,0,1
Sums up the first round of the nasty party leadership vote #BorisJohnsonShouldNotBePM https://t.co/cfP8rYnOVE,eng,hasoc_en_292,0,0,0,0,0,0,0,0,0,0,0,0
@ICC @Bazmccullum @PathakRidhima The darkest worldcup ...... No fresh competition #ShameOnICC,eng,hasoc_en_293,0,0,0,0,0,0,0,0,0,0,0,0
@brooklynmarie @PressSec @realDonaldTrump Amen to that! #fucktrump,eng,hasoc_en_294,0,0,0,0,0,0,0,0,0,0,0,0
Understanding the #Doctors' Strike in #Bengal and Its #Political https://t.co/hVDX9NdPTj #DoctorsFightBack #DoctorsUnderOppression #JuniorDoctors #DoctorsProtest #BengalDoctorsStrike #BengalBurning #MamataLosingControl #MamataBanarjee #mamtafrustrated #BJP #Medical,eng,hasoc_en_295,0,0,0,0,0,0,0,0,0,0,0,0
@MCW_Disruptor This is sickening! #FuckTrump,eng,hasoc_en_296,0,0,0,0,0,0,0,0,0,0,0,0
@frizz_06 #FuckTrump but look into @AndrewYang he wants to give you $1K a month,eng,hasoc_en_297,0,0,0,0,0,0,0,0,0,0,0,0
We indian stand with @msdhoni please dont remove baj of balidaan   Dear @BCCI support to dhoni for keeps this glove in all matches of world Cup. #DhoniKeepsTheGlove,eng,hasoc_en_298,0,0,0,0,0,0,0,0,0,0,0,0
Updated points table for #ICCWorldCup2019   #INDvPAK   #PointsTable    #ShameOnICC https://t.co/3GPlWBTQvg,eng,hasoc_en_301,0,0,0,0,0,0,0,0,0,0,0,0
@thehill Nope nope nope not a chance #TrumpsWorseThanNixon #TrumpIsATraitor #WhereAreTheChildren,eng,hasoc_en_302,0,0,0,0,0,0,0,0,0,0,0,0
Boris Johnson isn’t even Prime Minister yet and I already miss Theresa May. #bojo #BorisJohnsonShouldNotBePM,eng,hasoc_en_303,0,0,0,0,0,0,0,0,0,0,0,0
Indian commentator soiling about whether nails are necessary.. #MoveOn #Dickhead #AUSvIND #CWC19,eng,hasoc_en_304,0,0,0,0,0,0,0,0,0,0,0,0
I will keep retweeting so I hope USA citizens will all note TRUMP is the biggest #traitor #worstpresidentinhistory #fakePresident #trumpputinsbottomboy #corruptiongobeWildintheWH #IDIOTTRUMP #TrumpistryingtodestroytheNation #ImpeachTrump #ImpeachTrump #ImpeachTrump https://t.co/ayprOrTnqq,eng,hasoc_en_306,1,0,0,0,0,0,0,0,0,0,0,1
I suggest @BCCI should walk out this World cup so that @ICC understands that they should be fair with every teams. #DhoniKeepsTheGlove,eng,hasoc_en_307,0,0,0,0,0,0,0,0,0,0,0,0
Because 'transparency.'  #FuckTrump https://t.co/HSsJq3OlIo,eng,hasoc_en_308,0,0,0,0,0,0,0,0,0,0,0,0
So has that derby fan had his bouncing Frank tattoo removed yet😂😂😂😂😂😂😂#dickhead,eng,hasoc_en_309,0,0,0,0,0,0,0,0,0,0,0,0
I support #DhoniKeepsTheGlove #DhoniKeepTheGlove #DhoniKeSaathDesh #DhoniAtCWC19 #DhoniVsICC https://t.co/gQP93Mz2xE,eng,hasoc_en_311,0,0,0,0,0,0,0,0,0,0,0,0
@realDonaldTrump TRAITOR  #TrumpIsATraitor https://t.co/Ip9XqS0U3c,eng,hasoc_en_314,0,0,0,0,0,0,0,0,0,0,0,0
@realDonaldTrump @foxandfriends Pete Hogsbreath is in Dotard Donald Trump’s club for Adulterous Daddies! #Adultery #TrumpCrimeFamily #TrumpIsAFraud #TrumpsAnInternationalDisgrace #TrumpIsATraitor @foxandfriends,eng,hasoc_en_315,1,0,0,0,0,0,0,0,0,0,0,1
@narendramodi #RapeCases are increasing rapidly especially in #haryana. Women aren't safe even at daytime. We plead you to take strong and immediate actions against #rapist. #DeathPenalty #wewantjustice #savewomen #fightagainstrape,eng,hasoc_en_316,0,0,0,0,0,0,0,0,0,0,0,0
The poor infrastructure in hospitals in WB are responsible for death of many critical patients. This is state's failure. But all attacks are on Junior Drs. Is that fair. This point didn't register in #DoctorsFightBack @ARanganathan72,eng,hasoc_en_317,0,0,0,0,0,0,1,0,0,0,1,1
@RossThomson_MP @DavidGauke @trussliz How many people has Johnson promised it to already. There's going to be some problems if he does win when they all turn up for their prize...  #BorisJohnsonShouldNotBePM,eng,hasoc_en_318,0,0,0,0,0,0,0,0,0,0,0,0
#alabama ~ why isn't this #rapist in prison https://t.co/fqyNzKNE91,eng,hasoc_en_319,0,0,0,0,0,0,0,0,0,0,0,0
MILTON Bath Duplex Bucket with Mug &amp,eng,hasoc_en_320,0,0,0,0,0,0,0,0,0,0,0,0
Yes #ShameOnICC   Looks like @ICC should kick their president out of his job now,eng,hasoc_en_321,0,0,0,0,0,0,0,0,0,0,0,0
We are with you @msdhoni #DhoniKeepTheGloves #DhoniKeepsTheGlove #DhoniKeSaathDesh   #DhoniVsICC,eng,hasoc_en_322,0,0,0,0,0,0,0,0,0,0,0,0
@realDonaldTrump @USArmy Trump is a piece of 💩 Well I was serving proudly he was playing Captain Bone Spurr’s at Studio 54 in NY Spending his Daddy’s money 💰 prowling for women like Ivanka And Melania The Purple heart he has he took from a veteran and s,eng,hasoc_en_323,1,0,0,0,0,0,0,0,0,0,0,1
#ShameOnICC  Pic 1: ICC on Dhoni's Gloves.  Pic2 : ICC on WC planning.  #ShameOnICC   #ICC   #ICCWorldCup2019 https://t.co/p8eRp90TGa,eng,hasoc_en_324,0,0,0,0,0,0,0,0,0,0,0,0
@realDonaldTrump It's not a presidency it's a Trump crime spree. #TrumpIsATraitor https://t.co/bTrSZhAh0R,eng,hasoc_en_325,1,0,0,0,0,0,0,0,0,0,0,1
The real @BorisJohnson w/faults described perfectly. #HIGNFY  #IanHislop #BorisJohnsonShouldNotBePM https://t.co/A2FExM2DfX,eng,hasoc_en_326,0,0,0,0,0,0,0,0,0,0,0,0
+really surprising? #DhoniKeepTheGlove #DhoniKeepsTheGlove #OperationBlueStar #IndianArmy #SikhNation #Sikh #NeverForget #sikhgenocide1984 #SikhGenocide84 #SikhGenocide,eng,hasoc_en_327,0,0,0,0,0,0,0,0,0,0,0,0
Why don't you mention #doctor khatre main? #DoctorsFightBack #doctors_against_assualt #WestBengal https://t.co/eMEz8RmB4g,eng,hasoc_en_328,0,0,0,0,0,0,0,0,0,0,0,0
look at it @ICC its our indore... #CWC19 #ShameOnICC https://t.co/UyjL3kaQxk,eng,hasoc_en_329,0,0,0,0,0,0,0,0,0,0,0,0
@CNNnews18 @drharshvardhan @UdaySRana #DoctorsFightBack  #DoctorsProtest  #India  Kindly don't befool doctors by writing letters to CMs. It is a futile eyewash exercise. Immediately pass ordinance to protect medical staff. #IMA must go on indefinite strik,eng,hasoc_en_330,0,0,0,0,0,0,0,0,0,0,0,0
This picture tells everything  How @BCCI takes care of ground   How @ICC takes care of ground And remember it @ICC is head of all cricketing nations   #ShameOnICC https://t.co/mzeRIIigbB,eng,hasoc_en_331,0,0,0,0,0,0,0,0,0,0,0,0
I stand with him ...He always made us proud 🙏✌#DhoniKeepsTheGlove,eng,hasoc_en_332,0,0,0,0,0,0,0,0,0,0,0,0
#ShameOnICC @icc  how can u plan such a schedule July 14 2019 finals of #WorldCup2019 n #Wimbledon kindly abandoned n reschedule the   #WC2019,eng,hasoc_en_334,0,0,0,0,0,0,0,0,0,0,0,0
@khanamad999 @MoeedNj @GVS_News how this #porki country produce such rectums ?  surgical strike 1  surgical strike 2.0  #balakotairstrike   #F16 down  shamelessly returned capture pilot in 24 Hrs (that to announced by the #jihadi #pm #imranhataomulkbachao,eng,hasoc_en_335,0,0,0,0,0,0,0,0,0,0,0,0
Dharna at the Collectorate at Palakkad. IMA protests attack on Doctors. #DoctorsFightBack https://t.co/zgnqplxi87,eng,hasoc_en_336,0,0,0,0,0,0,0,0,0,0,0,0
So what will happen to all the tattoos now? Half the men would be  undergoing removal process #DhoniKeepsTheGlove,eng,hasoc_en_337,0,0,0,0,0,0,0,0,0,0,0,0
QFX Boom Portable Bluetooth Speaker with FM Radio  @ Rs.1405 (mrp-3199)    https://t.co/HkDD1eXdvV    #DoctorsFightBack #SaveBengal #amazon #flipkart #deals #dealoftheday #amazingdeals #offers #discount #JaiShreeRam #ModiForAll,eng,hasoc_en_339,0,0,0,0,0,0,0,0,0,0,0,0
Respect to all those doctors...it shows our unity among the doctors community...👏🙏...#DoctorsFightBack #DoctorsProtest #DoctorsUnderOppression #IstandwithNRS https://t.co/GEAvm4Hn4m,eng,hasoc_en_340,0,0,0,0,0,0,0,0,0,0,0,0
Now what   #IndiaWithDhoni   #DhoniKeepsTheGlove   @ICC https://t.co/54Rs1aYlL7,eng,hasoc_en_341,0,0,0,0,0,0,0,0,0,0,0,0
How @ICC settle priorities.  #DhoniKeepsTheGlove #ICC   #CWC19 #WorldCup2019 #INDvAUS #BalidanBadge https://t.co/aaalOF2Trb,eng,hasoc_en_342,0,0,0,0,0,0,0,0,0,0,0,0
This is getting bigger!    Dr. Plaban Mukherjee the first cardiologist to carry out a successful heart transplant in a govt. medical hospital in India &amp,eng,hasoc_en_343,0,0,0,0,0,0,0,0,0,0,0,0
@JohnCornyn @txlegion @TexasBoysState Did you tell them How you voted to repeal sanctions against Oleg Deripaska and Rusal? https://t.co/BODxwbfvww Cant wait to Vote you out! @mjhegar #TraitorTrump #TrumpRussia #ReadTheMuellerReport #TrumpIsATraitor #Trum,eng,hasoc_en_344,0,0,0,0,0,0,0,0,0,0,0,0
#ShameOnICC there is no rain in england matches why?,eng,hasoc_en_345,0,0,0,0,0,0,0,0,0,0,0,0
Great Britain's next Prime Minister folks.  Let's tell the world what we think of him.  #jft96 #Liverpool #BorisJohnsonShouldNotBePM #borisbehindbars #ToryLeadeshipContest https://t.co/zKTHXoqvcc,eng,hasoc_en_347,0,0,0,0,0,0,0,0,0,0,0,0
Trends for you  #DellMostTrustedBrand  #WorldBloodDonorDay  #SCOSummit2019  #ENGvWI  #SaveBengal  #MumbaiSaga  #FridayFeeling  #MenInMaroon  #FridayMotivation  #ShameOnICC,eng,hasoc_en_348,0,0,0,0,0,0,0,0,0,0,0,0
Is it time yet for all of us to wake up and realize all of this time since November 2016 was actually a nightmare and Hillary was actually elected?    Is it?    #fucktrump  #Impeachment,eng,hasoc_en_351,0,0,0,0,0,0,0,0,0,0,0,0
The US #military is not briefing @realDonaldTrump on major cyber warfare operations against #Russia &amp,eng,hasoc_en_353,0,0,0,0,0,0,0,0,0,0,0,0
AIIMS Delhi doctor continues protest against Bengal violence wearing helmet in viral photo https://t.co/CbMlxmCv9f  #SaveBengal #Savethedoctors #HinduSamrajyaDiwas #DoctorsFightBack,eng,hasoc_en_355,0,0,0,0,0,0,0,0,0,0,0,0
A mandatory new course in karate and kungFu will be introduced in the MBBS course from the new session as a self defence to protect the doctors...#IMA #DoctorsFightBack,eng,hasoc_en_356,0,0,0,0,0,0,0,0,0,0,0,0
Don’t think #Celtics and #NBA beat writers understand that the fans don’t want Kyrie back and didn’t want to trade the world for a one year rental. Davis going to LA with them giving up major haul is a sign of relief for Celtics fans #Dickhead,eng,hasoc_en_359,0,0,0,0,0,0,0,0,0,0,0,0
I stand with Ms #Dhoni. This Balidan #symbol is nothing to do with #cricket game.. #DhoniKeepsTheGlove https://t.co/nFIT0Sdi2E,eng,hasoc_en_360,0,0,0,0,0,0,0,0,0,0,0,0
Even the Kool Aid man don’t like walls #FuckTrump https://t.co/xqT5nrRs0n,eng,hasoc_en_362,0,0,0,1,0,0,0,0,0,0,0,1
@akilyn6972 @ericswalwell Bull in bold...face turn. #douchebag,eng,hasoc_en_363,0,0,0,0,0,0,0,0,0,0,0,0
Keep Voting #India     #IndianCricketTeam #ICCWorldCup2019 #ICCCricketWorldCup2019 #ICCWC2019 #ICCWorldCup #ICC2019 #CWC19  #CWC2019  #Trending #TrendingNow #TrendingTopics #TrendingNews #DhoniKeepsTheGlove #DhoniKeSaathDesh #DhoniKeepTheGloves #Dhoni #EkAurBaar #MaukaMauka #Bharat,eng,hasoc_en_366,0,0,0,0,0,0,0,0,0,0,0,0
@realDonaldTrump @USArmy HAPPY BIRTHDAY TO AUSCHWITZ!    1940 – Seven hundred twenty-eight Polish political prisoners from Tarnów become the first inmates of the Auschwitz concentration camp.    #FuckTrump,eng,hasoc_en_367,0,0,0,0,0,0,0,0,0,0,0,0
Trump teases additional deal that Mexican Foreign Secretary suggests doesn't exist #Resist #ResistTrump #FuckTrump https://t.co/f1E69yd5Q2,eng,hasoc_en_369,1,1,0,0,0,0,0,0,0,0,0,1
I stand with my medical brothers and sisters ✊🏽 #DoctorsFightBack #BiplobDirghojibiHok https://t.co/punwVAy6jU,eng,hasoc_en_370,0,0,0,0,0,0,0,0,0,0,0,0
Who will win     #CWC19 #INDvPAK #PAKvIND #TeamIndia #WeHaveWeWill #ViratKohli #sarfarazahmed #ShameOnICC,eng,hasoc_en_371,0,0,0,0,0,0,0,0,0,0,0,0
@TomLondon6 the phwaarr factor i.e making a noise with your mouth but not saying anything    #BorisJohnsonShouldNotBePM,eng,hasoc_en_374,0,0,0,0,0,0,0,0,0,0,0,0
@RandalBudzilo @USATODAY Swastikas are offensive to most civil people ...trumpturds disagree..#FuckTrump,eng,hasoc_en_377,0,0,0,0,0,0,0,0,0,0,0,0
Matt Gaetz wants “to be the conservative AOC.” Take a look at him trying #Resist #ResistTrump #FuckTrump https://t.co/E0nPjcL0br,eng,hasoc_en_378,0,0,0,0,0,0,0,0,0,0,0,0
@BradKemsley Cheers for the unblock to tweet that... You’re a dickhead as well 👍🏼👍🏼👍🏼... #Dickhead,eng,hasoc_en_379,0,0,0,0,0,0,0,0,0,0,0,0
How about the crowd in Oval in today's #AUSvIND holding Balidan badge banners along with Indian flags? #DhoniKeepsTheGlove,eng,hasoc_en_381,0,0,0,0,0,0,0,0,0,0,0,0
@narendramodi Respected PM @narendramodi Ji   Address the issue of #AssaultOnDoctors and speak on measures to #StopViolenceAgainstDoctors and #SaveTheDoctors .  #DoctorsUnderOppression   #DoctorsFightBack,eng,hasoc_en_382,0,0,0,0,0,0,0,0,0,0,0,0
@stonecold2050 Keeping it all in the fucked-up family.  #fucktrump  #fuckallthetrumps,eng,hasoc_en_385,0,0,0,0,0,0,0,0,0,0,0,0
Because this administration isn’t already doing enough to kill things beautiful and pure to diminish this planet. Fuck you @realDonaldTrump #FuckTrump https://t.co/cmMyalF4lT,eng,hasoc_en_390,0,0,0,0,0,0,1,0,0,0,1,1
@MusiicTown @ShivaniPatel23 @AmaalMallik Change your name to 'Amaal-Armaan' fanpage  Begging attention from their school going fans to get RT's and followers lol    Chutiya samajh rakha hai logo ko?  #Douchebag,eng,hasoc_en_391,0,0,0,0,0,0,0,0,0,0,0,0
@thephotoist Sick motherfuckers! &amp,eng,hasoc_en_392,0,0,0,0,0,0,0,0,0,0,0,0
Wezone Digital DVB-S2 Set Top Box 888A Free to Air Satellite TV Receiver 1080P with Dongle Full HD PVR USB HDD  https://t.co/PZaLLtHGOs  #jpgecommerce  #OnePlus7IsHere  #JusticeForTwinkleSharma  #RahulGandhiWayanad  #DhoniKeSaathDesh  #BalidanBadge  #IndiaWithDhoni  #DhoniKeepsTheGlove https://t.co/rSJ1x6FCd2,eng,hasoc_en_395,0,0,0,0,0,0,0,0,0,0,0,0
Proven that @MamataOfficial is in support of terror mob and in favor of changing demography of Bengal. CM is zaddi and same working like Hitler. #DoctorsFightBack #BengalDoctorsStrike #hitlerdidi  #MamataLosingControl #MamataBanarjee #mamtafrustrated https://t.co/hKZGxr3lUo,eng,hasoc_en_398,0,0,0,0,0,0,0,0,0,0,0,0
Just watched this guy spray the crap from his curb to the curb of his next door neighbor.   #DickHead,eng,hasoc_en_400,0,0,0,0,0,0,0,0,0,0,0,0
@MathiasCormann But #LNP have a 'mandate'? #dickhead,eng,hasoc_en_401,0,0,0,0,0,0,0,0,0,0,0,0
Holy Sh*t between @LewisHamilton and @MBrundleF1 I don’t know who is the bigger #douchebag #CanadaGP,eng,hasoc_en_402,0,0,0,0,0,0,0,0,0,0,0,0
@CNN Disgusting! And they don’t change their culture or come up with vetting system or preventative ways to stop this from occurring. This will continue to happen. The Catholic Church needs to go! #rapist #ChildTrafficking #CatholicChurch #CatholicTwitter,eng,hasoc_en_403,0,0,1,0,0,0,0,0,0,0,0,1
Dhoni before today's match #IndvAus #DhoniKeepsTheGlove https://t.co/k0hsonc7Uz,eng,hasoc_en_405,0,0,0,0,0,0,0,0,0,0,0,0
@realDonaldTrump Resign now motherfucker! #IllegitimatePresident #DouchebagDonnie #shitgibbon #pedophile #rapist,eng,hasoc_en_406,0,0,0,0,0,0,0,0,0,0,0,0
Tomorrow #INDvPAK  Toss Update:    Weather won the Toss and chose to Rain first      #ShameOnICC  #CWC19 https://t.co/DJohxTv9Nz,eng,hasoc_en_408,0,0,0,0,0,0,0,0,0,0,0,0
Rain is in forecast on Sunday. The match between India and pakistan is likely to be called off. #Worstworldcup #ShameOnICC,eng,hasoc_en_409,0,0,0,0,0,0,0,0,0,0,0,0
@ICC @BCBtigers can repeat the history. Its Difficult to beat @englandcricket in their own soil.  All the best to both team.  It will be great fight.  #DhoniKeepTheGlove   #DhoniKeepsTheGlove,eng,hasoc_en_412,0,0,0,0,0,0,0,0,0,0,0,0
Meanwhile in other punny stories!!!  #DoctorsFightBack #DoctorsUnderOppression #DoctorsStrike #DoctorsStrike #SAVEDOCTORS #Savethedoctors #SaveBengal #MamataLosingControl #MamataBanarjee #MamataFrustrated   Photo courtesy to @ANI https://t.co/I4Hu3Ex4y8,eng,hasoc_en_413,0,0,0,0,0,0,1,0,0,0,1,1
1. Doctors are more than Gods for the needy ones...they must not forget their duty come what may.    2. Those who play politics are worse than killers rather parasites.    May the sense prevails!  #DoctorsProtest  #WestBengal   #DoctorStrike   #DoctorsUnderOppression  #DoctorsFightBack,eng,hasoc_en_414,0,0,0,0,0,0,0,0,0,0,0,0
Day by day.. WB politics becomes worst..  #DoctorsFightBack  #DoctorsProtest  #standwithdoctors https://t.co/U78LzShuJk,eng,hasoc_en_415,0,0,0,0,0,0,0,0,0,0,0,0
Trump's birthday today. Called Mar-a-Lago 1-561-832-2600 &amp,eng,hasoc_en_417,1,0,0,0,0,0,0,0,0,0,0,1
@KimKardashian #trump2020 #fucktrump  Maybe you can hire the ex cons to perform with you in your sex tape enterprises.    Dog Vomit Trump and his porn star presidency.  Horseshit. https://t.co/qKHEfvp5qQ,eng,hasoc_en_419,1,0,0,0,0,0,0,0,0,0,0,1
Now I am watching @ndtvindia and what @Drmanugautam is saying is really relatable! Both central govt. And state govt. Of every state should understand this problem. #StandWithDoctors  #StopViolenceAgainstDoctors  #DoctorsFightBack,eng,hasoc_en_420,0,0,0,0,0,0,0,0,0,0,0,0
@Comey I am crushed that no one is calling attention to the lie that @hogangidley45 told about #JamesComey being a convict!!!  See the short clip to confirm that #Trump Administration is lying.  #TrumpIsATraitor #TrumpResign #TrumpTantrum #WhiteHouse http,eng,hasoc_en_422,1,0,0,0,0,0,1,0,0,0,0,1
@TheRealOJ32 You belong in jail and then in hell #murderer #JusticeForNicoleAndRon,eng,hasoc_en_423,0,0,0,0,0,0,0,0,0,0,0,0
Don't know y no rain in England's match . Does this #WorldCup2019 is fixed ? 5th match of England but no rain or a drop of water in there games 😠😠🤨 . I think that @ICC and @ECB_cricket had fixed the #CWC19 for them .  #ShameOnICC   #ENGvWI   #ENGvWI   #TeamIndia   #INDvsPAK,eng,hasoc_en_425,0,0,0,0,0,0,0,0,0,0,0,0
Fact One  @RoryStewartUK and #BorisJohnson attend Eton and Oxford  #RoryStewart becomes Foreign office Diplomat awarded OBE for services in Afghanistan  #BorisJohnson becomes Times Newspaper Columnist sacked for deception  #roryforleader #BorisJohnsonShouldNotBePM,eng,hasoc_en_426,0,0,0,0,0,0,0,0,0,0,0,0
Its better if ICC switches to swimming events they may at least fee for swimming  from kids lol #ShameOnICC,eng,hasoc_en_427,0,0,0,0,0,0,0,0,0,0,0,0
@MamataOfficial Didi wouldn't let it go down too well.  Will she? Her own MP is in for #doctorsstrike. #DoctorsProtest #DoctorsFightBack https://t.co/wT3CJEQP67,eng,hasoc_en_428,0,0,0,0,0,0,0,0,0,0,0,0
if you will see a #Rapist then what u will do to them ?,eng,hasoc_en_429,0,0,0,0,0,0,0,0,0,0,0,0
'WE THE PEOPLE'                   👀  ⬇⬇⬇⬇⬇⬇⬇⬇   #HongKongProtest                   💪  ⬇⬇⬇⬇⬇⬇⬇⬇  #TheResistance  #ResistersForum  #PeoplesMarch                   ✊  ⬇⬇⬇⬇⬇⬇⬇⬇  #trumpCrimeFamily  #trumpIsACriminal  #trumpIsATraitor   #trumpObstructedJustice  #LiarInChief,eng,hasoc_en_430,0,0,0,0,0,0,0,0,0,0,0,0
#Kashmir  Countries sponsoring #Terrorism must be held accountable:   PM Modi at #SCOSummit2019  In #Bishkek #Kyrgyzstan    #TerrorismFreeKashmir   #ModiSCOToughTalk  #ModiExposesPak  #Pakistan  #dawn  #freebalochistan  #Pashtun  #terroristnationpakistan  @STcom #cpec  https://t.co/IY0HO6BVGY,eng,hasoc_en_431,0,0,0,0,0,0,0,0,0,0,0,0
Few people are asking me I am a engineer why I am promoting doctors?  If my support is promoting doctors than its fine. My sister and my bestfriends are doctors. I can't imagine anyone attacking them ever. As said earlier doctors and soldiers deserve respect. #DoctorsFightBack,eng,hasoc_en_433,0,0,0,0,0,0,0,0,0,0,0,0
@ashutosh83B @SwetaSinghAT Ab ye btayega who is better Dhoni or Gavaskar? FYI Sunil Gavaskar once said Dhoni is the best limited over player India produced after Kapil dev. Jai Hind 🇮🇳✌️👍 #DhoniKeepsTheGlove #Dhoni #AUSvIND,eng,hasoc_en_434,0,0,0,0,0,0,0,0,0,0,0,0
@realDonaldTrump @OANN ✌💚💜🍫🎨🍯😘  #GTFOofMyWhitehouse  #Traitors  #NazisNOTWelcome  #NOQUARTER4Racist  #NOQUARTER4RacistSympathizers  #ResignORImpeach  #Derelict  #Unfit  #Incompetent   #Rapist   #ImpeachTheMF   G E T  O U T...❗❗❗  GET THEM ALL O U T,eng,hasoc_en_436,0,0,0,0,0,0,0,0,0,0,0,0
Following OJ Simpson would be entertaining but I dont need to follow a murderer sociopath when people like his tweets and he's automatically on my TL. He is crazy! Just saw him rambling about Kloe K. Damn why isn't he locked up😞 #murderer,eng,hasoc_en_437,0,0,0,0,0,0,0,0,0,0,0,0
@DrDenaGrayson I can’t wait for the debates. So much to chose from. #TrumpIsADisgrace #TrumpIsACriminal #TrumpIsATraitor #ImpeachDonaldTrump,eng,hasoc_en_438,0,0,0,0,0,0,0,0,0,0,0,0
@mrjamesob @JamesCleverly I hope they make him Chancellor so he can find out how much unicorns really cost.  #BorisJohnsonShouldNotBePM #StopBrexit #RevokeArticle50,eng,hasoc_en_439,0,0,0,0,0,0,0,0,0,0,0,0
Fascinating summary of UK #ToryLeadershipContest candidates records after the #C4debate for #ToryLeadershipElection which may decide #BrexitShambles or #RevokeArticle50 #RemainAndRebuild : #RoryTalks #gove (&amp,eng,hasoc_en_440,0,0,0,0,0,0,0,0,0,0,0,0
@INCIndia We know who’s power hungry. We haven’t forgotten what this vile woman did to #PVNarasimhaRao and his legacy. #congressmuktbharat,eng,hasoc_en_445,0,0,0,1,0,0,0,0,0,0,0,1
@ReverseAndy As long as it’s not that ahole from Iceland Wolf Stansson.  😡#dickhead.,eng,hasoc_en_447,0,0,0,0,0,0,0,0,0,0,0,0
BUSTED: The ugly internal 2020 polls #CrookedTrump said didn’t exist just got leaked #TrumpIsATraitor https://t.co/qJf8gwDsej,eng,hasoc_en_449,0,0,0,0,0,0,0,0,0,0,0,0
Mitch #McConnell admits #IdiotTrump's trade war is just a tax hike 'on working-class people' https://t.co/TisyHdPwBn,eng,hasoc_en_450,0,0,0,0,0,0,0,0,0,0,0,0
@mcgibbond If anything it will allow his followers to share more lies and misinformation on the interweb even faster and more efficiently. #BorisJohnsonShouldNotBePM #borisjohnson #liar,eng,hasoc_en_451,0,0,0,0,0,0,0,0,0,0,0,0
@Nathan_Scoble7 @TDeathAdder @SCElites What was I thinking with Greene? First and last time for him. Balta came in under $200k (I think the week before).  Bought Josh Kelly in this week too!! 🤪 #dickhead,eng,hasoc_en_452,0,0,0,0,0,0,1,0,0,0,1,1
Ex-Student Fights College Over Fate of Alleged #Rapist - Jun 16 @ 2:48 AM ET https://t.co/3kCdAIBNdP,eng,hasoc_en_454,0,0,0,0,0,0,0,0,0,0,0,0
@ICC does not see anything wrong with this picture because there is no Balidaan symbol in it 😠 #shameonIcc https://t.co/nIBaGMHKT9,eng,hasoc_en_456,0,0,0,0,0,0,0,0,0,0,0,0
@ericswalwell Enough of what #douchebag?,eng,hasoc_en_457,0,0,0,0,0,0,0,0,0,0,0,0
@brianstelter @OANN I went looking for dickheads this weekend and I found you.  #douchebag,eng,hasoc_en_458,0,0,0,0,0,0,0,0,0,0,0,0
@DonaldJTrumpJr You are such a little #douchebag...,eng,hasoc_en_459,0,0,0,0,0,0,0,0,0,0,0,0
@HuffPost Is she wearing clothes?  #TrumpIsATraitor,eng,hasoc_en_460,0,0,0,0,0,0,0,0,0,0,0,0
TruMcP Jr needs to turn himself in!!! #fucktrump  https://t.co/xTHc4LF2z3,eng,hasoc_en_461,0,0,0,0,0,0,1,0,0,0,1,1
Thank you capstan  #EidMubarak #PTI #imranhataomulkbachao #imrankhan @ImranKhanPTI https://t.co/jLabxRFggg,eng,hasoc_en_462,0,0,0,0,0,0,0,0,0,0,0,0
Yesterday match #AUSvWI Gayle got out by lbw in no ball..ICC @ICC Don't have time to fine umpires for poor umpiring. But they have time to say remove the balidan symbol from dhoni gloves😡😡 it's ridiculous 😡 #DhoniKeepsTheGlove https://t.co/unD55VKbmZ,eng,hasoc_en_463,0,0,0,0,0,0,0,0,0,0,0,0
Is it just cold or these guys are really on something? Umpiring has reached its absolute lowest. Even the reputed ones as well.    #ENGvWI #WeAreEngland #MenInMaroon #CWC19 #ShameOnICC,eng,hasoc_en_465,0,0,0,0,0,0,0,0,0,0,0,0
@shiplaplove His own son died of cancer.. and hw can cure it? I'd say he's a #Douchebag,eng,hasoc_en_466,0,0,0,0,0,0,0,0,0,0,0,0
I Helped Obama Win in 2012. Now Trump Is Using the Same Playbook. #Resist #ResistTrump #FuckTrump https://t.co/qy0rwBNfy3,eng,hasoc_en_468,1,0,0,0,0,0,0,0,0,0,0,1
#DoYourJobMitch When will you get serious? 9/11 #FirstResponders responded in 5 secs they have waited 8yrs for you to respond😠  #YouShouldBeAshamed   #Resist #FuckTrump #VoteBlueToEndThisNightmare #VoteBlue2020 #ImpeachTrump #ImpeachMconnell https://t.co/4sTj7JPPo4,eng,hasoc_en_469,0,0,0,0,0,0,0,0,0,0,0,0
@realDonaldTrump Psst You were installed not elected with help from foreign entity. There were also iregularies with voting machines.   #VoteBlueToSaveAmerica   #VoteBlueToEndThisNightmare   #TrumpIsATraitor,eng,hasoc_en_470,0,0,0,0,0,0,0,0,0,0,0,0
We'll all wave 'buh-bye' to those 30 or more treasonous #Remain #Tories who have held citizens in chaos during their #BrexitBetrayal &amp,eng,hasoc_en_471,0,0,0,0,0,0,0,0,0,0,0,0
#notmypresident Looking forward to seeing the donald blimp in D.C.  #fucktrump #realDonaldTrump  EPIC! https://t.co/Z9cGY5j8tK,eng,hasoc_en_472,0,0,0,0,0,0,0,0,0,0,0,0
So Sad and Worried! #imranhataomulkbachao https://t.co/6FKbEwOe3y,eng,hasoc_en_473,0,0,0,0,0,0,0,0,0,0,0,0
#ShameOnICC Fans have been left frustrated as rain delays and washouts are slowly starting to dominate the narrative around the World Cup.ICC should feel ashamed as Eden Gardens has facility of full covering during a rain threat in Kolkata Why not London? 4 matches already lost.,eng,hasoc_en_474,0,0,0,0,0,0,0,0,0,0,0,0
@RVCJ_FB #INDPAKVSRAIN @ICC  @cricketworldcup   #CWC19   #ShameOnICC     ''This is not India vs Pakistan  This is IND-PAK VS RAIN,eng,hasoc_en_475,0,0,0,0,0,0,0,0,0,0,0,0
Why do British people call people they don't like shower bags? #Douchebag,eng,hasoc_en_476,0,0,0,0,0,0,0,0,0,0,0,0
@UKMoments @BorisJohnson What could be more important than attending a debate that Millions of lives depend on? #BorisJohnsonShouldNotBePM,eng,hasoc_en_477,0,0,0,0,0,0,0,0,0,0,0,0
@cricketaakash @tanwer_m Dhoni is legend and i guess he will do better whatever he decides later but this controversy will effect on games focus...    Let the rule of cricket on top when playing cricket.  #DhoniKeepsTheGlove #Dhoni,eng,hasoc_en_478,0,0,0,0,0,0,0,0,0,0,0,0
.@RealDonaldtRUMP has to establish a record of telling the truth. MSM should never believe anything he says until then. It's a safe bet that will never happen. #FuckTrump #maga #FOXNews #WednesdayWisdom https://t.co/pF6TJ4sAMO,eng,hasoc_en_480,0,0,0,0,0,0,0,0,0,0,0,0
Opinion: Myanmar's Suu Kyi cozying up to Orban is absurd #Antimuslim https://t.co/CYIrYZueP0,eng,hasoc_en_481,0,0,0,0,0,0,0,0,0,0,0,0
Family Services Counselor Fired After Speaking Out Against Surveillance of Unaccompanied Migrant Children #Resist #ResistTrump #FuckTrump https://t.co/nIR5rEsDlT,eng,hasoc_en_482,0,0,0,0,0,0,0,0,0,0,0,0
@RepMarkMeadows Wake up Mark.   #Trumpisatraitor  Which makes you an accessory.   #GOPbetraysUSA   Remove them from public office.  Save the nation.,eng,hasoc_en_483,0,0,0,0,0,0,0,0,0,0,0,0
So now OJ is going to take time off finding the 'real killer' just long enough to 'get even'!?!?  Disgusting...  #OJSimpson #SerialKiller #murderer,eng,hasoc_en_484,0,0,0,0,0,0,0,0,0,0,0,0
Odisha docs hold protest in support of agitating doctors in  https://t.co/6Q3X00Ts0R  #DoctorsFightBack  #SaveBengal https://t.co/e4G7X7TYJ7,eng,hasoc_en_485,0,0,0,0,0,0,0,0,0,0,0,0
#IdiotTrump Gets Free Speech Wrong While Refusing To Fire #Kellyanne #TrumpIsATraitor #VoteBlue2020  https://t.co/FZWdWH79LO,eng,hasoc_en_486,0,0,0,0,0,0,0,0,0,0,0,0
#Gavaskar Sahib 1st of all your rule dosent apply on the Respect of #Indianarmedforces let me be very loud and clear.Dhoni's Gloves is not breaching the ICC Rules &amp,eng,hasoc_en_487,0,0,0,0,0,0,0,0,0,0,0,0
@Subbu_06 @FFan__ @mahan_saria True that #ShameOnICC,eng,hasoc_en_490,0,0,0,0,0,0,0,0,0,0,0,0
@realDonaldTrump You are the biggest Baby on earth! #FUCKTrump #25thAmendment #ImpeachDonaldTrumpNOW,eng,hasoc_en_491,0,0,0,0,0,0,0,0,0,0,0,0
@realDonaldTrump It’s not funny when Donald Trump makes announcements on TV that he would gladly cooperate with foreign entities to work against Americans. #TrumpMustResign #TRUMPISACROOK #TrumpIsATraitor #TrumpIsAFraud @GOP @LindseyGrahamSC #GOPComplicit,eng,hasoc_en_492,1,0,0,0,0,0,0,0,0,0,0,1
#ShameOnICC keep on scheduling like this guys ....,eng,hasoc_en_493,0,0,0,0,0,0,0,0,0,0,0,0
#TrumpIsATraitor and a #Liar   Happy #JohnMcCainDay https://t.co/r3PV6vjgiC,eng,hasoc_en_494,0,0,0,0,0,0,0,0,0,0,0,0
“Every time I see Boris he’s hanging from a wire with straps round his baws” #janeygodleyvoiceover #swearing #BorisJohnsonShouldNotBePM https://t.co/uHyiYiW7Dk,eng,hasoc_en_497,0,0,0,0,0,0,0,0,0,0,0,0
This one is understandable. #dickhead! https://t.co/qR6r72AgQQ,eng,hasoc_en_498,0,0,0,0,0,0,0,0,0,0,0,0
#trendingnow #terrorist #murderer #dumptrump  Craig Hicks sentenced to life in 2015 murders of 3 Muslim college students in North Carolina https://t.co/cLvAkCFkhw,eng,hasoc_en_499,0,0,1,0,0,0,0,0,0,0,0,1
@kylegriffin1 @POTUS really? You have taken it away from journalists?     You can dish it out but you can’t take it.     #TrumpIsADisgrace   #TrumpIsATraitor,eng,hasoc_en_501,0,0,0,0,0,0,0,0,0,0,0,0
Straight to the point! 🤣🤣🤣🤣  #democrat #democrats #voteblue #fucktrump #bluewave #hatersgonnahate #democrats #demswin2020 #demslifestyle #michelle46 #michelle2020 #demsmakeamericagreat #dmag #lockuptrump #lut #obama… https://t.co/gqEjbphWtZ,eng,hasoc_en_502,1,0,0,0,0,0,0,0,0,0,0,1
Shoutout to @rosannaphillip she is a true blue #Resister #BlueWave2018 #WomensRights #Fucktrump 🌊💙❤️,eng,hasoc_en_503,0,0,0,0,0,0,0,0,0,0,0,0
#JusticeForGudiya    Not a single Muslim below condemned rapists.    @amnesty   @aamir_khan   @Javedakhtarjadu   @AzmiShabana   @Shehla_Rashid   @Soni_Razdan   @MaheshNBhatt  @aliaa08  @MehboobaMufti  @OmarAbdullah  @asadowaisi  @FarOutAkhtar  @ReallySwara  @ArvindKejriwal  #rapist    #khanmarket https://t.co/qaRx4rmDza,eng,hasoc_en_508,0,0,1,0,0,0,0,0,0,0,0,1
@RoryStewartUK @EFTA4UK National service for farm workers will solve it. Conscripted cows and sheep in servitude will weather the Brexit Storm. #Dickhead,eng,hasoc_en_509,0,0,0,0,0,0,0,0,0,0,0,0
***PROOF OF BRIBERY &amp,eng,hasoc_en_510,0,0,0,0,0,0,0,0,0,0,0,0
@davidfrum Because #trumpIsATraitor,eng,hasoc_en_511,0,0,0,0,0,0,0,0,0,0,0,0
Almond #OnePlus7Pro coming today at 12 NOON  Get Ready to get your GOLD ! on @amazonIN 👇👇👇    #OnePlus7IsHere #OnePlus7 #smartphone #AmazonSpecials #FridayMotivation #FridayFeelings #NBAFinals #ShameOnICC #WeTheNorth #CWC19 #ENGvWI #MIBWithMN #MIBInternational #MIB,eng,hasoc_en_512,0,0,0,0,0,0,0,0,0,0,0,0
Alternate title: '@GOP &amp,eng,hasoc_en_513,0,0,0,0,0,0,0,0,0,0,0,0
@asadowaisi  we proud of our #muslimsociety who never favour any #rapist or #criminal or #traitor...  #trueindiamuslim  #AligarhMurderCase,eng,hasoc_en_514,0,0,0,0,0,0,0,0,0,0,0,0
People been getting high for 2.500 years. Why is it I'm forced to go to the doctor (unless I'm broke) to get over priced 'medicine' that literally created an epidemic. One reason. Rich white people who will trade lives for money.   #legalizeit #fucktrump    https://t.co/vh7L5qgNs2,eng,hasoc_en_515,0,1,0,0,0,0,0,0,0,0,0,1
@realDonaldTrump @JedediahBila your source is a Fox and Friends co-host?     SAD!    #resisters   #TrumpIsATraitor   #TrumpColluded   #TrumpObstructed   #TrumpCrimeSyndicate   #trumpcorrupt,eng,hasoc_en_517,0,0,0,0,0,0,0,0,0,0,0,0
Bill Cosby?    You people forget the REAL story!    #Trump #Rapist #MAGA? https://t.co/Yxd3LGolJx,eng,hasoc_en_518,1,0,0,0,0,0,0,0,0,0,0,1
@FBI see comments made on national television by @POTUS #TrumpIsATraitor #lockhimup https://t.co/aejTwo6RjE,eng,hasoc_en_520,0,0,0,0,0,0,0,0,0,0,0,0
@realDonaldTrump In May 2018 you pulled US out of the internationally signed &amp,eng,hasoc_en_521,0,0,0,0,0,0,0,0,0,0,0,0
Worst world cup every... Seems to be already decided to give it to england ..#ShameOnICC,eng,hasoc_en_522,0,0,0,0,0,0,0,0,0,0,0,0
i can't listen to @Jim_Jordan --  drives me crazy--makes me want to put a pencil thru my retina.    #Dickhead,eng,hasoc_en_523,0,0,0,0,0,0,0,0,0,0,0,0
Indian Share market is down as People are withdrawing  money from the market on last working day for betting on #INDvsPAK match.    #ENGvWI #ShameOnICC,eng,hasoc_en_525,0,0,0,0,0,0,0,0,0,0,0,0
Today would have been my 9 year anniversary with my ex and my calendar just kindly reminded of it since I forgot to delete the alert after we broke up 🤦🏽‍♀️🌚 #dickhead,eng,hasoc_en_526,0,0,0,0,0,0,0,0,0,0,0,0
https://t.co/YtAHEGcwrT Go watch 🔥   #BharatBlockbuster   #EXOLSelcaDay  #DhoniKeepsTheGlove   #PrinceDay   #fordisfailing,eng,hasoc_en_529,0,0,0,0,0,0,0,0,0,0,0,0
#JackAssTrump humiliates #Pence: 'I love Mike' but I won't endorse him for 2024 #TrumpIsATraitor #VoteBlue2020  https://t.co/jvBnUINTOW,eng,hasoc_en_530,0,0,0,0,0,0,0,0,0,0,0,0
Khan Saanp ki Saadgi Part 1:    2017/2018  Budget for PM House was 96 Crore Rs.  Actual expenditures was 100 Crore Rs.    2018/2019  Budget for PM House was 98 Crore Rs.  Actual expenditures was 102 Crore Rs.  #TellThem  #AltafHussain  #imranhataomulkbachao,eng,hasoc_en_531,0,0,0,0,0,0,0,0,0,0,0,0
'Vietnam was too far. I disagreed with the war. I like people who weren't captured. My feet hurt.' But sure I guess this is real patriotism.  #TrumpIsATraitor https://t.co/dTlo2Hlq1J,eng,hasoc_en_532,0,0,0,0,0,0,0,0,0,0,0,0
It was decided 2 have fix working hours but still we r forced 2 work inhumanly. #omkarmurdercase #justice4omkar   #DoctorsFightBack #DoctorsStrike #doctors_against_assualt   #UnitedRDA   @Drmanugautam @drharshvardhan @PMOIndia   @drmanishjain680 @DrHarjitBhatti @drankitom @NeetFiles https://t.co/thlVk2qyqh,eng,hasoc_en_533,0,0,0,0,0,0,0,0,0,0,0,0
Seriously what the fuck is up this his hair line that shit is disgusting I hate this motherfucker #fucktrump #ImpeachTrump #trumparacist #hishairlinesucks https://t.co/uJ27ePDmIe,eng,hasoc_en_534,0,0,0,0,0,0,0,0,0,0,0,0
Does anybody else feel like “Wag the Dog” and “Weapons of Mass Destruction” are engaged and may or may not be having a baby????  #MakeItStop  #FuckTrump,eng,hasoc_en_535,0,0,0,0,0,0,1,0,0,0,1,1
AAAAARRRRRGGGGGHHHHH!!!!!!!! it's as if the #muellerreport didn't even exist. #fucktrump https://t.co/Pq1rHlBWIj,eng,hasoc_en_537,0,0,0,0,0,0,1,0,0,0,1,1
Attention india ! Listen to your fellow indian #DhoniKeepTheGlove   #DhoniKeepsTheGlove   #DhoniKeSaathDesh https://t.co/S105MJPIzB,eng,hasoc_en_538,0,0,0,0,0,0,0,0,0,0,0,0
@Cernovich And you hang around with the likes of Jacob @$$Wohl. I had to look you up as I had no idea who the eff you even were. Found out that you weren't anything. #douchebag,eng,hasoc_en_539,0,0,0,0,0,0,0,0,0,0,0,0
@pam_brundige @MjaneMarshall @DellaCooper3 @23Cookieboo @lavndrblue @FinFox2 @citizenyid @NoFascismMarch @BrendaLynne10 @mpgarza2012 @tru50liv @AmyAyers16 @TreasonAgainst @turttle63 @USAirForce92 @jjsmokkieBOY57 @telepole42 #Resist This is no longer optio,eng,hasoc_en_542,0,0,0,0,0,0,0,0,0,0,0,0
Wish the aam aadmi had more sense! People will continue beating #docs until stringent deterrent laws come in #DoctorsFightBack https://t.co/4fWtESfEjV,eng,hasoc_en_543,0,0,0,0,0,0,0,0,0,0,0,0
A new survey shows how economic policy divides the GOP and unites Democrats #Resist #ResistTrump #FuckTrump https://t.co/IZ1orEthmR,eng,hasoc_en_545,0,0,0,0,0,0,0,0,0,0,0,0
⁦@DonnyDeutsch⁩ Gives #IdiotTrump A Giant Thank You For Boosting His Show's Ratings https://t.co/SZm2lKPOpS,eng,hasoc_en_547,0,0,0,0,0,0,0,0,0,0,0,0
@Acosta Did your book preface start with Dear Diary? 🤡  #Narcissist  #douchebag,eng,hasoc_en_548,0,0,0,0,0,0,0,0,0,0,0,0
@Woods3Cg @charliekirk11 So let’s imagine the guy on the right says he has dirt that can help win an election.    The guy on the left says he’d take it &amp,eng,hasoc_en_549,1,0,0,0,0,0,0,0,0,0,0,1
@Klse_2_my_soul @vaishali_w024 @republic U seem to be a student or jr doctor. N just learning to loot. First thing yr senior will teach u to ask this question #DoYouHaveInsurance  look at the glitter in doctors' eyes when the answer is yes. #DoctorsFightB,eng,hasoc_en_550,0,0,0,0,0,0,0,0,0,0,0,0
@TomiLahren @realDonaldTrump ”I’d take it”  was @realDonaldTrump ‘s response when asked if he would accept information against a political opponent from a foreign agent.     He incriminates himself on a daily basis.     #IdiotTrump https://t.co/MyiEXk382B,eng,hasoc_en_551,0,0,0,0,0,0,0,0,0,0,0,0
meth barbie  #TrumpsWorseThanNixon #ResignOrBeImpeached @realDonaldTrump #BillionDollarLoser #FakePresident #TrumpCrimeFamily #ImpeachTrump #TrumpMustResign @funder @SHSanders45 #StableGenius #BeBest #PutinsGOP #CadetBoneSpurs #TrumpsAnInternationalDisgrace #TrumpIsATraitor https://t.co/vJqWGprhjA,eng,hasoc_en_552,0,0,0,0,0,0,0,0,0,0,0,0
@RepMarkMeadows I believe they’re dealing with the obstruction of justice trump did - not the conspiracy to violate election law trump did nor the espionage trump did. #FixedItForYou #dickhead,eng,hasoc_en_553,1,0,0,0,0,0,0,0,0,0,0,1
If things will happen like this then world cup should be named as umbrella cup 🤬🤬🤬   Ind vs Pak = Rain     #CWC #cricketlive #ICCCricketWorldCup2019 #ICCWorldCup #England #Umbrellacup #ICCWC2019 #ShameOnICC https://t.co/OnRliIA7DV #rainingcricket #CWC19 #INDvNZ #INDvsPAK,eng,hasoc_en_554,0,0,0,0,0,0,0,0,0,0,0,0
It's ICC RAIN WORLD CUP 2019. Totally flopped.  #ShameOnICC #icc #CWC19 #RainStopsMatch https://t.co/g5WhLHUcGZ,eng,hasoc_en_555,0,0,0,0,0,0,0,0,0,0,0,0
@thehill Projection Projection Projection.  PROJECTION PROJECTION PROJECTION PROJECTION PROJECTION PROJECTION PROJECTION PROJECTION PROJECTION PROJECTION PROJECTION PROJECTION PROJECTION PROJECTION PROJECTION PROJECTION #TrumpCrimeFamily #FuckTrump  #Dera,eng,hasoc_en_556,0,0,0,0,0,0,0,0,0,0,0,0
@RED_IN_PA @aboyandhiscat1 @LindaMusgrove9 @johninphx @Real_AzKyle @TwistedOne96 @rogueranger23 @Randal68052371 @RickLRobbins @unctarheels5633 @judgejed1 @wwoodward921 @cyberwalkers @mystormee @saywhn @RobertBradleyJ2 @RomesburgJeremy @Long1Ryder @karolje,eng,hasoc_en_557,0,0,0,0,0,0,0,0,0,0,0,0
Alabama court forces rape survivor to allow #rapist to have visitation with children https://t.co/eihmn95vjz,eng,hasoc_en_558,0,0,0,0,0,0,0,0,0,0,0,0
@DhuntHindi Due to the controversy created by @ICC @cricketworldcup and no support from @BCCI on #DhoniKeepsTheGlove I am not watching any of the cricket match.,eng,hasoc_en_559,0,0,0,0,0,0,0,0,0,0,0,0
We all know the story of the Ant &amp,eng,hasoc_en_560,0,0,0,0,0,0,0,0,0,0,0,0
@CNNnewsroom @jimsciutto @RepMcCaul @RepMcCaul says 'I think the President may be a little confused on the law'  DT BELIEVES the law does NOT apply to him  He BELIEVES he can do whatever he pleases  And why shouldn't he?  Trump has NEVER paid any conseque,eng,hasoc_en_563,1,0,0,0,0,0,0,0,0,0,0,1
@GStephanopoulos @ABCWorldNews I purpose that we tweet #FuckTrump over and over. #VoteAgainst ALL @GOP #RemoveTrumpFmOffice #LockThemUp,eng,hasoc_en_564,0,0,0,0,0,0,0,0,0,0,0,0
@sudhirchaudhary @ICC When will this chaudhary guy understand.. why should icc object when this was before/after the game not between the game... Journalist ho common sense use karo nahi to log mazaake udaye ge    #DhoniKeepsTheGlove bcoz it's not politic,eng,hasoc_en_566,0,0,0,0,0,0,0,0,0,0,0,0
We are very unfortunate to have this man as our PM. @MaryamNSharif @AWGoraya @ammarjan   #PuppetPM  #tabdeelikisuicide   #ImranHataoMulkBachao https://t.co/53SPlMyLrw,eng,hasoc_en_569,0,0,0,1,0,0,0,0,0,0,0,1
Biggester scamster #Congress itself got scammed by the data experts!! That's great fun to watch 🤣🤣🤣🤣🤣🤣🤣🤣🤣🤣🤣🤣🤣🤣🤣🤣🤣🤣🤣🤣🤣🤣🤣🤣🤣🤣🤣🤣🤣🤣🤣🤣🤣🤣🤣🤣🤣  #CongressMuktBharat #loksabhaelectionresults2019     https://t.co/jpMtPL4WGV,eng,hasoc_en_571,0,0,0,0,0,0,1,0,0,0,1,1
Emergency OT at Murshidabad Medical College. EMERGENCY SERVICES are still going on deespite en masse resignation. DONT BELIEVE ON RUMOURS spread by Didi's goons and her paid Media.     #DoctorsFightBack #DoctorsStrike https://t.co/dlpL38N0ch,eng,hasoc_en_572,0,0,0,0,0,0,0,0,0,0,0,0
Pride in Pictures: Toronto Pride is one of the largest in the world #Resist #ResistTrump #FuckTrump https://t.co/3S5LJbeoYg,eng,hasoc_en_574,0,0,0,0,0,0,0,0,0,0,0,0
.@senatemajldr @LindseyGrahamSC Every day this is more true than the day before. #TrumpTaxReturns #TrumpIsATraitor (Sleepy @RickSantorum needs to be added to this. @OutFrontCNN). https://t.co/mwsyd6pXzT,eng,hasoc_en_576,0,0,0,0,0,0,0,0,0,0,0,0
Is this the cricket world cup or swimming world cup?    #ShameOnICC #CWC19 https://t.co/TWtiO82fuG,eng,hasoc_en_579,0,0,0,0,0,0,0,0,0,0,0,0
Anyone noticed where England matches are scheduled there is no rain..surprisingly doubtful🤔🤔  #ShameOnICC  #ICCWorldCup2019  #ENGvWI https://t.co/O6Lg9feKdc,eng,hasoc_en_580,0,0,0,0,0,0,0,0,0,0,0,0
Oh geez. @Twitter please ban this man. He doesn’t deserve an account. #murderer https://t.co/d4pTdFMmRU,eng,hasoc_en_583,0,0,0,1,0,0,0,0,0,0,0,1
@realDonaldTrump WE do not believe YOU.     #TrumpLies     #TrumpIsATraitor     #TrumpIsAFraud    #TrumpIsAMoron https://t.co/xi5ZFIHuL4,eng,hasoc_en_584,0,0,0,0,0,0,0,0,0,0,0,0
#DhoniKeepTheGlove  @ICC @cricketworldcup   I think your busy enough to note glove than a important thing.#DhoniKeepsTheGlove https://t.co/PrN5BXvxrB,eng,hasoc_en_585,0,0,0,0,0,0,0,0,0,0,0,0
Team #USMNT will have a good soccer team when all the Mexican Americans join there team #fucktrump,eng,hasoc_en_586,0,1,0,0,0,0,0,0,0,0,0,1
@SpeakerPelosi How does the voting public Not see your failure to Impeach as more Democratic timidity and abdication of duty? #ImpeachNow #TrumpsAnInternationalDisgrace #TrumpIsATraitor,eng,hasoc_en_587,0,0,0,0,0,0,0,0,0,0,0,0
A billion people waited for four years to watch how it rains in England.   #ShameOnICC .,eng,hasoc_en_588,0,0,0,0,0,0,0,0,0,0,0,0
@tonyposnanski @PressSec @realDonaldTrump So well said. I totally agree with every word.  The White House is full of corrupt habitual liars.  #FuckTrump and his pathetic puppets.,eng,hasoc_en_590,0,1,0,0,0,0,0,0,0,0,0,1
#Trump #IndictTrump #LockHimUp #FuckTrump #Progressive #Dems #ReSisters #Resistance #Resist #TraitorTrump #TrumpTreason #TrumpTraitor #PutinsPuppet #JailTrump #TrumpRussia #NotMyPresident #NoTrump  Love the #crazy!  Keep up the good work.  #Trump2020!  Hey Baby!   @ActionTime!,eng,hasoc_en_592,1,0,0,0,0,0,0,0,0,0,0,1
Well planned swimming world cup 👍🏻👍🏻keep planning the same #ShameOnIcc,eng,hasoc_en_593,0,0,0,0,0,0,0,0,0,0,0,0
@imVkohli Why u r not supporting @msdhoni ??   Leave world cup it's not important than our armed forces     #DhoniKeepsTheGlove #DhoniKeepTheGloves  #DhoniKeSaathDesh,eng,hasoc_en_594,0,0,0,0,0,0,1,0,0,0,1,1
A small note to all sensible people around..👇🏻  Understand them.. Help them.. Save them.. Save Humanity..  #Savethedoctors #DoctorsFightBack #SaveBengal https://t.co/BH0btTJ2Xt,eng,hasoc_en_595,0,0,0,0,0,0,0,0,0,0,0,0
@davidhogg111 This is a Trump-made war to keep him in office! #FUCKTRUMP,eng,hasoc_en_597,1,0,0,0,0,0,0,0,0,0,0,1
Fact Two  @RoryStewartUK award winning author of four books. The Places In Between was a New York Times best-seller and #rorystewart is an award winning documentary film maker  #Boris Johnson writes moderately received book on Churchill    #roryforleader #BorisJohnsonShouldNotBePM,eng,hasoc_en_598,0,0,0,0,0,0,0,0,0,0,0,0
House Intel Committee Drops WH Nuke Sure To Send #Trump Into Seizure #TrumpIsATraitor #VoteBlue2020  https://t.co/kFli36hTF9,eng,hasoc_en_599,1,0,0,0,0,0,0,0,0,0,0,1
@_Mansoor_Ali Such a hypocrite and liar you are Mr. Selected PM @ImranKhanPTI.  Why don't you accept you failed miserably in past 10 months? Stop crying about past. Show progress or go home. You could not achieve any of your 2018-2019 set goals.  #imranha,eng,hasoc_en_601,0,0,0,0,0,0,0,0,0,0,0,0
Surgeon Simulator- Bobs Getting His Brain Ripped Out  #fail #surgeonsimulator #surgeon #simulator #gaming #youtube #youtubegaming #murderer #quarkgames #pcgaming #indie #indiegame #LetsPlay #brain #funny #Complete  #epic #brainhealth   https://t.co/jDox2KmVkc,eng,hasoc_en_602,0,0,0,0,0,0,0,0,0,0,0,0
Hear @icecube Take Aim at @realDonaldTrump on New Song ‘#ArrestThePresident’ https://t.co/dbw0wvzaTe via @RollingStone #FuckTrump,eng,hasoc_en_603,0,0,0,0,0,0,0,0,0,0,0,0
i screamed into the void listening to Maddow this morning and the clips of that asshat saying he would gladly take foreign help. like we don't already know. so yeah. i'm fucking angry too. we're all angry. and we fucking should be.     #FuckTrump https://t.co/R4bfOiEHws,eng,hasoc_en_604,0,0,0,0,0,0,0,0,0,0,0,0
The notion that doctors are equivalent to God had hurt us(#Doctors) the most till now.people and media should avoid such notion #standwithNRS #DoctorsFightBack #DoctorsUnderOppression,eng,hasoc_en_606,0,0,0,0,0,0,0,0,0,0,0,0
@realDonaldTrump HA HA HA HA cos the US knows no violence!!!! 😂😂😂😂🤣🤣🤣🤣 Fix ur own problems first. #dickhead,eng,hasoc_en_607,0,0,0,0,0,0,1,0,0,0,1,1
@Nidhi @ShekharGupta Military is not a #brand madam of which #Dhoni is becoming an #ambassador.  So try to think before saying.  Thankyou.  #DhoniKeepTheGlove   #CabinetAnnouncement2019 #Brands #Dhoom4 #DhoniKeSaathDesh @BCCI @ICC @msdhoni @imVkohli #AirF,eng,hasoc_en_611,0,0,0,0,0,0,0,0,0,0,0,0
@timesofindia Mamta is doing wrong. But where was IMA when there were incidents of Dr. assaults in different states? Here is a list: #DoctorsFightBack #DoctorsStrike #DoctorStrike #DoctorsProtest     https://t.co/lnPeICZWM6,eng,hasoc_en_612,0,0,0,0,0,0,0,0,0,0,0,0
@IndiaToday #DoctorsFightBack  #DidiDividesIndia    No Wonder Junior Doctors &amp,eng,hasoc_en_613,0,0,0,0,0,0,0,0,0,0,0,0
How many overalls are TOO many overalls? Oh #LIMITLESS you say? Limitless amounts of overalls?!  Cool. I’ll take ‘em. #overalls #summeruniform And just for the hell of it: still: #fucktrump https://t.co/hiaLslNaeI,eng,hasoc_en_614,0,0,0,0,0,0,0,0,0,0,0,0
Look @ d sun ☀ shine during #ENGvsWI  Match. It's a total conspiracy against all other team.  #England choose their venue where #Rain chances r Zero. How come eng never faced Rain?  CBI shud intervene n investigate against #ICCCricketWorldCup2019  #ShameOnICC https://t.co/4FNqPsapwB,eng,hasoc_en_616,0,0,0,0,0,0,0,0,0,0,0,0
#ShameOnICC     1. ICC on Dhoni's gloves                   Vs  2. ICC planning the World Cup    Agree-#Retweet    #CWC19 #NBAFinals #FridayMotivation #INDvNZ     @ImBhupenSingh19 @BCCI @ICC @cricketworldcup https://t.co/4TPahkCr1s,eng,hasoc_en_617,0,0,0,0,0,0,0,0,0,0,0,0
Many people are saying that there’s no secret deal with Mexico. WRONG! Another fake news story. I have the proof right here.  #Resist #fucktrump https://t.co/cK29y7D3Tj,eng,hasoc_en_618,0,0,0,0,0,0,0,0,0,1,1,1
I can never make it more than 10 minutes into #GhostAdventures before #douchebag levels peak and my eyes roll out of my head.   How are there so many seasons of this horseshit? 👻🙄,eng,hasoc_en_619,0,0,0,0,0,0,0,0,0,0,0,0
@GOP @realDonaldTrump Look how many medals John McCain got for serving our country. Trump didn't get any because he's a #DraftDodge.   #JohnMcCainDayJune14   #JohnMcCainDay   #TrumpIsATraitor https://t.co/JcUI4wc9lC,eng,hasoc_en_623,1,0,0,0,0,0,0,0,0,0,0,1
AMERICA NEEDS A NEW PRESIDENT ASAP. TRUMP IS A TRAITOR. WILL ONLY GET WORSE! @realdonaldtrump go off and die like an old diseased riddled dog you ARE YOU ABSOLUTE POS #ImpeachTrumpNow #trumpisatraitor #trumpisadisgrace,eng,hasoc_en_624,1,0,0,0,0,0,1,0,0,0,0,1
@GOP Happy #JohnMcCainDayJune14   #FuckTrump,eng,hasoc_en_625,0,0,0,0,0,0,0,0,0,0,0,0
#JohnMcCainDay #JohnMcCainDay #JohnMcCainDay #JohnMcCainDay #JohnMcCainDay #JohnMcCainDay #JohnMcCainDay #JohnMcCainDay #JohnMcCainDay #JohnMcCainDay #JohnMcCainDay #JohnMcCainDay #JohnMcCainDay #JohnMcCainDay #JohnMcCainDay #JohnMcCainDay    Finally ....  #FuckTrump,eng,hasoc_en_626,0,0,0,0,0,0,0,0,0,0,0,0
Hail in the clown king #BorisJohnsonShouldNotBePM #Hatefield https://t.co/8LzXd2UYO1 https://t.co/F6CiqYBbXj,eng,hasoc_en_627,0,0,0,0,0,0,0,0,0,0,0,0
@BetoORourke Hey Beto shut the front door Robert Francis O’Rourke  conMan #DoucheBag,eng,hasoc_en_629,0,0,0,0,0,0,0,0,0,0,0,0
@dhruv_rathee @pbhushan1 Here is the lady in Dehradun running pillar to post for justice. The criminal lawyer stole her cheque book &amp,eng,hasoc_en_630,0,0,0,0,0,0,0,0,0,0,0,0
Lots of support for @realDonaldTrump in downtown Indianapolis. #FuckTrump https://t.co/ZmqljlIu34,eng,hasoc_en_631,0,0,0,0,0,0,0,0,0,0,0,0
#Classic 🤦🏽‍♂️  Meanwhile back on earth.....  for the love of #likes  #DiCkhead https://t.co/X5IVLJ9v1F,eng,hasoc_en_634,0,0,0,0,0,0,0,0,0,0,0,0
Tommy is spot on I didn't think he had it in him also fuck off curtis #dickhead #LoveIsland,eng,hasoc_en_636,0,0,0,0,0,0,0,0,0,0,0,0
@ICC  why are you insulting our nations pride❓    @msdhoni   #DhoniKeepsTheGlove,eng,hasoc_en_637,0,0,0,0,0,0,0,0,0,0,0,0
@Emmabarnett Yes I care as this speaks to his character.  Just like so many things about him #BorisJohnsonShouldNotBePM,eng,hasoc_en_638,0,0,0,0,0,0,0,0,0,0,0,0
#ShameOnICC #INDvPAK  #maukamauka #INDvNZ #CWC19 @StarSportsIndia #CricketKaCrown @BCCI @TheRealPCB #ENGvWI  it's time to remind this epic ad @virendersehwag @cricketaakash @sanjaymanjrekar @tiwarymanoj  @cricbuzz https://t.co/vX2krYzBBn,eng,hasoc_en_640,0,0,0,0,0,0,0,0,0,0,0,0
Chipotle could raise burrito prices to cover cost of Trump's tariffs - 😂😂😂 No Tarrif needed #chipotle. Nice try though. #douchebag  https://t.co/jQ6MU9B1mo,eng,hasoc_en_641,1,0,0,0,0,0,0,0,0,0,0,1
#TrumpLapDog @kayleighmcenany get's owned on @CNN &amp,eng,hasoc_en_646,0,0,0,0,0,0,0,0,0,0,0,0
@shiv_iipm @MamataOfficial Law and order of the state has blown up like anything,eng,hasoc_en_647,0,0,0,0,0,0,0,0,0,0,0,0
@realDonaldTrump @GStephanopoulos @ABC Yeah that will help you. Let's get some More lies on tape.  #TrumpIsADisgrace   #TrumpIsNotAboveTheLaw   #TrumpIsATraitor   #TrumpIsAFraud   #TrumpIsAMoron   #TrumpIsTheEnemyOfThePeople   #TrumpIsARacist   #TrumpIsAN,eng,hasoc_en_648,0,0,0,0,0,0,0,0,0,0,0,0
The State has no doctors. Doctors have no state.    877 resignations    #DoctorsFightBack #DoctorStrike #DoctorsProtest #India #health #WestBengal #NRSMCH     https://t.co/DLg9a94mEo,eng,hasoc_en_649,0,0,0,0,0,0,0,0,0,0,0,0
@SrBachchan please raise your voice against the same who people who saved you in multiple occasions !!  Doctors their diagnosis and prompt treatment....    #DoctorsFightBack   #NRSMCH #DoctorsProtest   #paribaha,eng,hasoc_en_650,0,0,0,0,0,0,1,0,0,0,1,1
#fucktrump and fuck all his racist supporters too!! https://t.co/XwtycvxMIT,eng,hasoc_en_652,0,0,0,0,0,0,1,0,0,0,1,1
this is eerily similar to how the Vietnam War started #fucktrump https://t.co/3qn5WDKL9Y,eng,hasoc_en_653,0,0,0,0,0,0,0,0,0,0,0,0
#DoctorsFightBack May be cm @MamataOfficial will start treating patients herself 🤷🏻‍♀️🤔.Shameful of behaviour of people and politicians toward doctor.#standwithNRS #save https://t.co/AHkojEKqWA,eng,hasoc_en_654,0,0,0,0,0,0,0,0,0,0,0,0
#Pakistan #Islam #Muslim #blessed #RestoreAmnestyIntInIOK  #INDvPAK #ShameOnICC #Sudan    Blessing Your Timeline.. ⛈❤🌸 https://t.co/3pL6hiwazB,eng,hasoc_en_656,0,0,1,0,0,0,0,0,0,0,0,1
Click &amp,eng,hasoc_en_657,0,0,0,0,0,0,0,0,0,0,0,0
What a fucking idiotic thing to do! Threaten proper journalists for supposedly being biased while working for one of the worst disinformation newspapers around! #Dickhead https://t.co/kP77Mv931Z,eng,hasoc_en_659,0,0,0,0,0,0,0,0,0,0,0,0
@BillCosby For all the good women who have wonderful fathers BLOCK THIS #RAPIST @BillCosby,eng,hasoc_en_660,0,0,0,0,0,0,0,0,0,0,0,0
@LeftwardSwing We have our favorites. That said.....  #VoteBlueToSaveAmerica   #TrumpIsTheEnemyOfThePeople   #TrumpIsATraitor   #VoteBlue #ResistanceUnited,eng,hasoc_en_661,0,0,0,0,0,0,0,0,0,0,0,0
What about #DhoniKeepsTheGlove #BalidaanBadge kya Dhoni is match me istemal karengay?#sachinopenagain @StarSportsIndia @IrfanPathan @sachin_rt @SGanguly99 @jatinsapru,eng,hasoc_en_662,0,0,0,0,0,0,0,0,0,0,0,0
@donnabrazile #FuckBiden #FuckTrump     We need a progressive to beat Trump!,eng,hasoc_en_663,1,0,0,0,0,0,0,0,0,0,0,1
@whrjongo55 @LescakSharon Not just a joke in America #TrumpIsATraitor,eng,hasoc_en_664,0,0,0,0,0,0,0,0,0,0,0,0
@zerohedge Trump trying to take us to another war! #fucktrump #maga #magaidiotsareidiots #FalseFlag #trumpdistractons #trumpsucks,eng,hasoc_en_666,1,0,0,0,0,0,0,0,0,0,0,1
#terroristNationPakistan loses another match haha 😂,eng,hasoc_en_667,0,0,0,0,0,0,0,0,0,0,0,0
#ShameOnICC #INDvPAK #PAKvIND   Let's hope the Rain doesn't spoil this. https://t.co/yTgnDPFTJG,eng,hasoc_en_668,0,0,0,0,0,0,0,0,0,0,0,0
We stand with dhoni infact India stand with him. #DhoniKeepsTheGlove https://t.co/Z96nNKVYxS,eng,hasoc_en_670,0,0,0,0,0,0,0,0,0,0,0,0
@RepStevenSmith Is #Douchebag a @GOP term?  Because so many of  you are.,eng,hasoc_en_673,0,0,0,0,0,0,0,0,0,0,0,0
@POTUS Happy #JohhMcCainDay! #TrumpIsATraitor,eng,hasoc_en_675,0,0,0,0,0,0,0,0,0,0,0,0
@realDonaldTrump Oh no!! Who will you find to lie for you so effortlessly? Will the new person do their job for which they’re paid and hold press briefings more than twice a year? #TrumpLies #TrumpsWorseThanNixon #DesperateDonald #FuckTrump #ByeFelicia,eng,hasoc_en_676,0,0,0,0,0,0,1,0,0,0,1,1
Just a daily reminder to @realDonaldTrump  that he is a National Disgrace.     #TraitorTrump   #TrumpIsADisgrace   #TrumpIsATraitor https://t.co/O09IV9NZGf,eng,hasoc_en_677,0,0,0,0,0,0,0,0,0,0,0,0
ICC or I See See OR I don't see #CWC19 #ShameOnICC what an awesome way of spoiling such an important tournament! you rock!,eng,hasoc_en_678,0,0,0,0,0,0,0,0,0,0,0,0
Dirty city.Dengue.  Child dies in hospital.  Let's hit doctors.  Dirty air.   Asthma.  Patient dies in hospital   Let's hit doctors.  We r those who will never question Municipality !   Let's hit doctors  #doctors_against_assualt  #DoctorsFightBack,eng,hasoc_en_680,0,0,0,0,0,0,0,0,0,0,0,0
This number goes up EVERYDAY and the Dems still refuse to do anything about it. #trump #TrumpIsATraitor #GOP #MAGA @realDonaldTrump @HouseDemocrats https://t.co/p071jnyaYF,eng,hasoc_en_682,1,0,0,0,0,0,0,0,0,0,0,1
Can doctors go on strike after their working hours ? Little children &amp,eng,hasoc_en_684,0,0,0,0,0,0,0,0,0,0,0,0
@TrueFactsStated When are we ready to admit we done with tolerating @realDonaldTrump #fucktrump,eng,hasoc_en_685,0,0,0,0,0,0,0,0,0,0,0,0
@realDonaldTrump A REAL #Potus44 who worked for ALL Americans.    #FuckTrump https://t.co/Ebm89yplCx,eng,hasoc_en_687,0,0,0,0,0,0,0,0,0,0,0,0
Erin Burnett calls out Fox News for baseless Biden claim #Resist #ResistTrump #FuckTrump https://t.co/O7az8ZdOPK,eng,hasoc_en_688,1,0,0,0,0,0,0,0,0,0,0,1
Opinion: Kavanaugh wants us to know he's won #Resist #ResistTrump #FuckTrump https://t.co/wkluYVuSGT,eng,hasoc_en_689,0,0,0,0,0,0,0,0,0,0,0,0
@tariqnasheed @GeneralNikkiX Hey wypipo here’s another one of yours you let loose #Sheriff #Louisiana #childmolester #rapist #blacktwitter https://t.co/m5giWDY5V5,eng,hasoc_en_691,0,0,0,0,0,0,0,0,0,0,0,0
#ShameOnICC Please give some rain to Chennai....,eng,hasoc_en_692,0,0,0,0,0,0,0,0,0,0,0,0
@christopherhope If you see a Conservative Party leadership candidate fitting this description... #BorisJohnsonShouldNotBePM #PutRoryThrough https://t.co/bKYBxaXhPm,eng,hasoc_en_693,0,0,0,0,0,0,0,0,0,0,0,0
I bought like 10 things from this store just bc of the shirt alone 👌🏻 #fucktrump https://t.co/Zhwhp0LLcb,eng,hasoc_en_694,0,0,0,0,0,0,0,0,0,0,0,0
If you yhink about it cricket is run by indian ppl's money and ECB is wasting it #ShameOnICC,eng,hasoc_en_695,0,0,0,0,0,0,0,0,0,0,0,0
#TraitorTrump Thanks Mitch #TraitorMcConnell For Covering Up His Russia Crimes   #TrumpIsATraitor  https://t.co/djz8zEhBeR,eng,hasoc_en_697,0,0,0,0,0,0,0,0,0,0,0,0
And my semi functional one is dying of loneliness  #BorisJohnsonShouldNotBePM #GTTO https://t.co/anTAUP0E81,eng,hasoc_en_698,0,0,0,0,0,0,0,0,0,0,0,0
@WalshFreedom @Christi46119463 I’m not surprised!  Maybe he doesn’t want to stick his foot in his mouth like a trump did!  #FUCKTRUMP #Fucktreason #Fuckbarr,eng,hasoc_en_699,1,0,0,0,0,0,0,0,0,0,0,1
Hey #doctors_against_assualt and #IMAFraud and @BJP4India @MukulR_Official @me_locket @KailashOnline @drharshvardhan @MoHFW_INDIA  👇for partisan and divisive guys like you https://t.co/Zvyr9oon31,eng,hasoc_en_701,0,0,0,0,0,0,0,0,0,0,0,0
Come to Bengal and speak whatever language you want to.  We have seen what lingual terrorism can do during the Bangladesh Independence war and divisive politics will not work .  পশ্চিমবঙ্গ ভারতের একটি অংশ।     #DoctorStrike #DoctorsFightBack     https://t.co/7PbhTwDUbB,eng,hasoc_en_702,0,0,0,0,0,0,0,0,0,0,0,0
Facebook Lawyer Says Users ‘Have No Expectation of Privacy’ #Resist #ResistTrump #FuckTrump https://t.co/0S6nFLuPzG,eng,hasoc_en_703,0,0,0,0,0,0,0,0,0,0,0,0
That’s why I’m saying give the management to @AmitShah ji he can manage anything #ShameOnICC #INDvPAK #CWC19   For full video click-https://t.co/yna7XKaysV https://t.co/c3M1o8QDsm,eng,hasoc_en_704,0,0,0,0,0,0,0,0,0,0,0,0
My Twitter is tiny so I see the algorithm at work. Tweets about food v politics v tech v LGBT issues are seen by discrete sets of followers that don't necessarily overlap. Maybe I should put #fucktrump #yummyfood #gaystuff #technerd in all my tweets to introduce everyone. 😁 https://t.co/dAC0ePzmmT,eng,hasoc_en_705,0,0,0,1,0,0,0,0,0,0,0,1
@realDonaldTrump OBSTRUCTION!  enter it into the court records.  #JohnMcCainDay #June16th  #FathersDay #HappyFathersDay   #HappyJohnMcCainDay #DonaldJr  #TrumpFascist #TrumpForPrison  #ImpeachTrump #ImpeachDonaldTrumpNOW  #TrumpIsTheEnemyOfThePeople #TheR,eng,hasoc_en_706,0,0,0,0,0,0,0,0,0,0,0,0
Future Doctors for our politicians  #DoctorsFightBack https://t.co/psC2LmxlMw,eng,hasoc_en_707,0,0,0,0,0,0,0,0,0,0,0,0
#Retweet This. #MustWatch #Budget2019 #ImranHataoMulkBachao https://t.co/iUn36v0Qtk,eng,hasoc_en_709,0,0,0,0,0,0,0,0,0,0,0,0
@tictoc @MerrillEdge ANTI TRUMP LASER DEFENSE SYSTEM. - A defense perimeter around my property where anyone suspected of being a MAGAT is immediately vaporized with a  high powered laser that leaves nothing behind but red and white MAGAT hat “fur”.  #fuck,eng,hasoc_en_710,1,1,0,0,0,0,0,0,0,0,0,1
Imagine being so suited to being Prime Minister of the United Kingdom that you refuse to be scrutinised.....just think about that for a second...sounds a little crazy doesn’t it...#BorisJohnsonShouldNotBePM,eng,hasoc_en_711,0,0,0,0,0,0,0,0,0,0,0,0
#Trump does a blinding flip-flop on earlier comments ...    “Trump said Friday that “of course” he would go to the #FBI or the attorney general if a foreign power offered him dirt about an opponent”    #LiarInChief   #TrumpisaTraitor   #TrumpIsADisgrace     https://t.co/TIrngBoTqE,eng,hasoc_en_712,1,0,0,0,0,0,0,0,0,0,0,1
@officialmcafee Suuuuuure ye have. #Dreamer #Rapist #Scumbag,eng,hasoc_en_714,0,0,0,0,0,0,0,0,0,0,0,0
Surprise me...   Union only an afterthought for Johnson.    #borisjohnson #BorisJohnsonShouldNotBePM https://t.co/l6HTuwCx5U,eng,hasoc_en_715,0,0,0,0,0,0,0,0,0,0,0,0
@ICC could thing about the matches...   They should find a different way for cancelled matches...   Because it's not a tri or country cup..  It's a #WorldCup.  #ShameOnICC,eng,hasoc_en_716,0,0,0,0,0,0,0,0,0,0,0,0
@QuancyClayborne Is that a serious question? Bring on the #BurningRingOfFire because #FuckTrump! https://t.co/yoZzRv6GaP,eng,hasoc_en_717,0,0,0,0,0,0,0,0,0,0,0,0
@SNPChris Christopher you really do fancy yourself don’t you 😂 with a chin like that you’re easy pickings 🥊 meant to be a politician as well 🙄 very professional. #douchebag,eng,hasoc_en_718,0,0,0,0,0,0,0,0,0,0,0,0
Remember that time when @realDonaldTrump bragged about sexually assaulting women? #TrumpIsASexualPredator #TrumpIsAMoron #TrumpIsAFraud #TrumpIsATraitor #Trump2020 #Trump2020LandslideBaby #Trump2020LandslideVictory #TrumpRussia #TrumpIsATraitor #Trump https://t.co/ngHg5wJo1N,eng,hasoc_en_720,1,0,0,0,0,0,0,0,0,0,0,1
@BSYBJP sir please take the #IMAJewels #IMAFraud case to @narendramodi and hand it over to CBI plz we are counting on you 😭😭,eng,hasoc_en_721,0,0,0,0,0,0,0,0,0,0,0,0
A billion Cricket fans waited four years to watch how it rains in England .    #ShameOnICC  #shameful @ICC @cricketworldcup @ICCMediaComms @ICCLive https://t.co/NSLzFpx3Ws,eng,hasoc_en_722,0,0,0,0,0,0,0,0,0,0,0,0
@BluGrlRedTwn @maggie51852 @chiniakak @ECMcLaughlin The GOP has been obstructing and stalling any attempt at Immigration Reform for decades. Their idea of real reform is a policy of Whites Only All POC Not Welcome Here. Building the Wall is a waste of tim,eng,hasoc_en_723,0,0,0,0,0,0,0,0,0,0,0,0
#DhoniKeepsTheGlove because Dhoni is a Lt Colonel @ICCMediaComms,eng,hasoc_en_724,0,0,0,0,0,0,0,0,0,0,0,0
@BillCosby OJ SIMPSON AND BILL COSBY TAKING OVER TWITTER!!! ##Rapist #Murderer #mondaythoughts https://t.co/6htKiKxnZI,eng,hasoc_en_725,0,0,0,0,0,0,1,0,0,0,1,1
#doctorsfightback  The asaulting patient party may have hurt  those doctors directly involved in the case. But Mamata has hurt the entire community of doctors and the society by her unmindful response.,eng,hasoc_en_726,0,0,0,0,0,0,0,0,0,0,0,0
Happy #JohnMcCainDay !  #TrumpIsATraitor   #ImpeachTrumpNow https://t.co/woP49B6gvW https://t.co/XH4ycq40sW,eng,hasoc_en_727,0,0,0,0,0,0,0,0,0,0,0,0
@realDonaldTrump An actual presidential poll:    Sliding down a 10 foot razor blade using your balls as brakes 42%    Trump 41%    #MAGA #Trump2020 #poll #dumbasses #fucktrump,eng,hasoc_en_730,1,0,0,0,0,0,0,0,0,0,0,1
The Ordinance provides for constitution of Designated Courts in specified areas.    This Court will be headed by a judge not below the rank of district &amp,eng,hasoc_en_731,0,0,0,0,0,0,0,0,0,0,0,0
@richardmarx I am currently unfollowing anyone who I find follows him. #murderer #sickandtwisted #killer #fuckOJ,eng,hasoc_en_732,0,0,0,0,0,0,0,0,0,0,0,0
Oh look Socialism!  Our farming conglomerates who will reap the majority of these benefits totally desire this upward accumulation of funds that never make it to the people! #idiotTrump #CorruptGOP #snakes #POTUSignoramus https://t.co/feviFLrm8a,eng,hasoc_en_733,0,0,0,0,0,0,0,0,0,0,0,0
.@BorisJohnson is using his column this morning to promise tax cuts for high earners. This would cost £9.6bn.    Never mind spending that on things like:    👉🏾Supporting the 4.5m children in poverty    👉🏾Helping the record number of families using food banks    #BorisJohnsonShouldNotBePM,eng,hasoc_en_734,0,0,0,0,0,0,0,0,0,0,0,0
@JewdyGold @The_RealOJ32 aren’t you still in jail? #murderer,eng,hasoc_en_736,0,0,0,0,0,0,0,0,0,0,0,0
ur damp cricket parks not only washed out games but also dumped d morale of players n fans across the globe. #ShameOnICC,eng,hasoc_en_737,0,0,0,0,0,0,0,0,0,0,0,0
Cricket World Cup 2019  Follow tillTOSS for more updates.🎤⠀    ⠀⠀⠀⠀⠀⠀⠀⠀⠀⠀  #tilltoss #fantasysports #fantasyleague #gamechangers #dream #instasport #tilltoss #fantasysports #cricketworldcup2019 #cwc2019 #ShameOnICC #INDvNZ #CWC19 #SharkFin #SLvAUS #SaturdayMotivation⠀ https://t.co/ikUqPW6Gkr,eng,hasoc_en_738,0,0,0,0,0,0,0,0,0,0,0,0
@Stop_Trump20 @mercyg238 Understand that #fuckTrump supporters aren't sane to begin with,eng,hasoc_en_739,0,0,0,0,0,0,0,0,0,0,0,0
@BDUTT also agrees with Chowkidar @MusaNV18 !!!  #DhoniKeepsTheGlove ! https://t.co/cWAkO6qCxe,eng,hasoc_en_740,0,0,0,0,0,0,1,0,0,0,1,1
We don't toil for 5 yrs to get beaten up for no faults. This trend of attacking doctors should stop.#stand_with_NRS #SaveDoctors Don't forget doctors are humans too. The whole fraternity stands united.  #DoctorsFightBack   @tripuramedicalcollege https://t.co/4tubBp1uGQ,eng,hasoc_en_741,0,0,0,0,0,0,0,0,0,0,0,0
#fucktrump seriously.    https://t.co/m2Anb2Kez8,eng,hasoc_en_742,0,0,0,0,0,0,0,0,0,0,0,0
Really @ICC this is your world cup plans. I mean you guys don't even have enough covers to protect the outfield from rains and you are focusing on the gloves of msd... #ShameOnICC,eng,hasoc_en_743,0,0,0,0,0,0,0,0,0,0,0,0
@MMARLONMORAES  Good luck tonight. Please #knockout this arrogant #DOUCHEBAG @HenryCejudo,eng,hasoc_en_744,0,0,0,0,0,0,0,0,0,0,0,0
Feel free brother,eng,hasoc_en_745,0,0,0,0,0,0,0,0,0,0,0,0
Watching now they see us... #fucktrump,eng,hasoc_en_746,0,0,0,0,0,0,0,0,0,0,0,0
Enact strict law to protect doctors against #attacks : @drharshvardhan   https://t.co/RCT7e85jlC  #DoctorsFightBack #DoctorsProtest #DoctorsStrike #DoctorsUnderOppression #Kolkataviolence #westbengalclashes https://t.co/REkLMkaSVe,eng,hasoc_en_747,0,0,0,0,0,0,0,0,0,0,0,0
We should not play #Pakistan on the 16th June 2019.   #Terrorists  #terroristNationPakistan  #KashmirAllOut   #PakVsIndia   #Indvspak,eng,hasoc_en_748,0,0,0,0,0,0,0,0,0,0,0,0
#Texas pastor #StephenBratton who defended proposed bill criminalizing #abortions accused of #molesting teenage relative for years https://t.co/0U2ZAnJYT3 #OfCourse #Rapist #Rape #BecauseWhatBetterWayToHideYourDepravityThanWithHypocrisy,eng,hasoc_en_749,0,0,0,0,0,0,0,0,0,0,0,0
Dear @ICC     #ICCWorldCup2019 at a glance:    Insufficient facilities in hotels for teams (Gym &amp,eng,hasoc_en_750,0,0,0,0,0,0,0,0,0,0,0,0
Piers Morgan is a total weapon and THE most unlikable human.     #SoccerAid #SoccerAid2019 #soccer #PiersMorgan #dickhead,eng,hasoc_en_751,0,0,0,0,0,0,0,0,0,0,0,0
#TheBachelorette    Ok  #LukeP  Needs to go...    Please   Oh  Please     Luke gives   #DoucheBag   A whole new meaning! https://t.co/rCaLnCuxPe,eng,hasoc_en_752,0,0,0,0,0,0,0,0,0,0,0,0
Remember a couple months ago when #Trump 'jokingly' fired @PressSec #SarahHuckabeeSanders for being 'too popular?'    Funny thing about being popular - it doesn't have to equate with being liked.    #TrumpIsATraitor  #TrumpLiesMatter   #ImpeachTrumpNow,eng,hasoc_en_753,1,0,0,0,0,0,0,0,0,0,0,1
ICC should not be conducting a premium cricket tournament in such wet weather conditions in England and also the lack of reserve days and now the Indo-Pak clash is also in doubt due to the weather  #ShameOnICC,eng,hasoc_en_756,0,0,0,0,0,0,0,0,0,0,0,0
In honer of Trumps birthday I will NOT be posting any political posts (after THIS one) all weekend. For me it's a total blackout of Trump all weekend. #trumpboycott #fucktrump #impeachtrump #impeach45 #boycotttrump  #happybirthday  #TrumpFreeDay https://t.co/VwIpEcGvPJ,eng,hasoc_en_757,1,0,0,0,0,0,0,0,0,0,0,1
.@derekobrienmp   Quizmaster... A quiz for you.  Ask your moronic boss to solve n behave  @PMOIndia  @timesofindia  #DoctorsFightBack   #Kolkata  @AITCofficial  #India https://t.co/bP6f9lSNy8,eng,hasoc_en_759,0,0,0,0,0,0,0,0,0,0,0,0
@realDonaldTrump You are causing Market volatility.  The market will be falling before the 2020 election thanks to you. You have set American back!  Wish Obama was still President. #ImpeachTrumpNow #TrumpIsATraitor #Resist #TrumpResignNow https://t.co/I4t,eng,hasoc_en_760,1,0,0,0,0,0,0,0,0,0,0,1
@nebhuskergma @mapgirl61 @SandyM418 @BostonGlobe Isn’t she his handler? Asking for a friend. #TrumpIsATraitor #PutinPuppet #PutinsGOP,eng,hasoc_en_761,0,0,0,0,0,0,0,0,0,0,0,0
Fresh Fact: The people who follow #ExCon #OJSimpson are the exact same people who think #HateHoaxCrime  #JussieSmollett and puddin-pop #Rapist #BillCosby are innocent. - So many lives have been hurt/destroyed by these men.,eng,hasoc_en_763,0,0,0,0,0,0,0,0,0,0,0,0
Icc members while planning.#ShameOnICC https://t.co/yNJZBNQhtk,eng,hasoc_en_764,0,0,0,0,0,0,0,0,0,0,0,0
I looked so good last summer lol #fucktrump https://t.co/pplzrAFERY,eng,hasoc_en_765,0,0,0,0,0,0,0,0,0,0,0,0
CHRIST on a cracker #Resist #Resistance #TheResistance #DitchMitch #DitchMitch2020 #VoteBlue2020 #VoteThemOut #VoteBlueNoMatterWho #VoteBlueToSaveAmerica #FuckTrump   The Trump White House defense of Kellyanne Conway's Hatch Act violations is fooling no one https://t.co/wbo1MuTKls,eng,hasoc_en_766,1,1,0,0,0,0,0,0,0,0,0,1
RT if u ever said this.    #TerroristNationPakistan https://t.co/cUy7fOcUvd,eng,hasoc_en_767,0,0,0,0,0,0,0,0,0,0,0,0
#DoctorsFightBack Prime years of a doc are drowned in books &amp,eng,hasoc_en_768,0,0,0,0,0,0,0,0,0,0,0,0
#DoctorsFightBack vs #LeecheeFightBack how many competent Doctors Intelligent General Class (NonResereved) in Bihar to save babies!,eng,hasoc_en_769,0,0,0,0,0,0,0,0,0,0,0,0
@KP24 1.There is no proper facility of Gym in Hotel for Team India.  2. Players force to Traveling by bus instead of Train.  3. Not proper Security for Team India.    @ICC @BCCI     #ShameOnICC,eng,hasoc_en_770,0,0,0,0,0,0,0,0,0,0,0,0
I can see why Republicans have turned for The President. This is it. He has compromised their integrity with dirt on THEM. He has associated them directly by saying Members of Congress take info from foreign countries too. #FuckTrump #ProudAmerican #PutinsPresident,eng,hasoc_en_771,0,0,0,0,0,0,0,0,0,0,0,0
@uncle04jim1 @MAGAIT My apologies I must be getting too caught up in this and wasn’t paying attention!  #fucktrump #BlueWave2020,eng,hasoc_en_772,0,0,0,0,0,0,0,0,0,0,0,0
Rationalizing #treason    #IdiotOrange™ #TrumpIsaTraitor #IMPEACH45    https://t.co/HCqoxdTzvv  https://t.co/YmHIVE86R8  https://t.co/QTsVuBHVgY  https://t.co/GXlNPdFHNO    @realDonaldTrump @VP @PressSec @SenateMajLdr @SenJeffMerkley @ChuckSchumer @SpeakerPelosi https://t.co/cusdGaUIru,eng,hasoc_en_773,0,0,0,0,0,0,0,0,0,0,0,0
Here comes the #hotstepper #MURDERER 😂😂 https://t.co/sETR8yI6G3,eng,hasoc_en_774,0,0,0,0,0,0,0,0,0,0,0,0
#kolkata: Junior doctors of NRS Medical and Hospital continue their strike for the fifth day over violence against #doctors. #WestBengal #DoctorsFightBack https://t.co/x0ZFtWOICV,eng,hasoc_en_775,0,0,0,0,0,0,0,0,0,0,0,0
#MSDhoni an honorary Lt Col  He's belongs to 106 Infantry Battalion TA Para.  He's completed his 1st para jump from 15k feet  By wearing the #BalidaanBadge over his gloves #MSDhoni has shown his love &amp,eng,hasoc_en_778,0,0,0,0,0,0,0,0,0,0,0,0
#ToryLeadershipContest you back Boris then you just want a job in the cabinet!   #BorisJohnsonShouldNotBePM,eng,hasoc_en_780,0,0,0,0,0,0,0,0,0,0,0,0
Trump &amp,eng,hasoc_en_781,1,0,0,0,0,0,0,0,0,0,0,1
@ICC can keenly look into wht is on @msdhoni gloves but cannot properly plan a tournament vch comes once in 4yrs #CWC19 #RainStopsMatch #ShameOnICC,eng,hasoc_en_782,0,0,0,0,0,0,0,0,0,0,0,0
Tell someone who gives a shit. #Murderer https://t.co/j6wJIIuCTC,eng,hasoc_en_783,0,0,0,0,0,0,0,0,0,0,0,0
Trump Administration to Hold Migrant Children at Base That Served as WWII Japanese Internment Camp.  #trump #BorderCrisis #migration #Immigration     Repeating history huh? Are the #Jews next?   #ImpeachTrump #FakePresident #FakePOTUS #fucktrump,eng,hasoc_en_784,1,0,0,0,0,0,0,0,0,0,0,1
@marinashutup The kids should go to prison with their traffickers. #FuckTrump #FuckDrumpf #EndChildTraffickerSeparation #Russia,eng,hasoc_en_785,0,0,0,0,0,0,0,0,0,0,0,0
#Sociopath - a person with a personality disorder manifesting itself in extreme antisocial attitudes and behavior and a lack of conscience.     #Murderer - a person who commits murder,eng,hasoc_en_787,0,0,0,0,0,0,0,0,0,0,0,0
#ShameOnICC..  Rain cup... Give the cup to England.. The decision was made.,eng,hasoc_en_788,0,0,0,0,0,0,0,0,0,0,0,0
#DictatorTrump   #DefeatGOPin2020 #DitchMitch  #ImpeachmentInquiryNow #ImpeachmentHearingsNow  #TraitorTrump #TreasonousTraitorTrump  #TrumpisaTraitor  #TreasonousTrump #treason   Every Member of Team Trump Is Now Enabling Treason https://t.co/Wc6M9X0HzV via @thedailybeast,eng,hasoc_en_789,1,0,0,0,0,0,0,0,0,0,0,1
The Murderer. Some concept i'm doing for a short comic.    Hope you like It! 😊    #murderer #sketch #conceptart #concept #comic #comicbookartist #comicartist #franplobato #ipadpro #procreate @procreate https://t.co/7C09F3Y5WD,eng,hasoc_en_790,0,0,0,0,0,0,0,0,0,0,0,0
@realDonaldTrump So ironic that you of all people still don’t seem to understand what constitutes treason. #TrumpTreason #TrumpIsATraitor,eng,hasoc_en_793,0,0,0,0,0,0,0,0,0,0,0,0
This West Bengal state election is last hope for Bengal or else it's will be another Kashmir for India soon.  #WestBengal #Kolkata #DoctorsFightBack #MamtaBanerjee #communists https://t.co/W2v8fzsQf0,eng,hasoc_en_794,1,0,0,0,0,0,0,0,0,0,0,1
@spectatorindex Please boycott Huawei #boycotthuawei #boycottchina #UyghurGenocide,eng,hasoc_en_796,0,0,0,0,0,0,0,0,0,0,0,0
@RepSwalwell @realDonaldTrump Drunk again eh Eric? #douchebag,eng,hasoc_en_797,0,0,0,0,0,0,0,0,0,0,0,0
@SenTedCruz @NASA Are the Concentration Camps Hidden too? Funny How you support Israel but wont denounce whats happening in Tornillo Texas? Guess you dont know whats happening in your own State. #TrumpIsATraitor #ConcentrationCamps #TraitorTrump #TrumpCon,eng,hasoc_en_798,0,0,0,0,0,0,0,0,0,0,0,0
@RoArquette I feel the same way - if you support this corruption and cruelty F off forever! #FuckTrump,eng,hasoc_en_799,0,0,0,0,0,0,0,0,0,0,0,0
@ThabangNtshela You referring to the #rapist #nicholasninow the #drostrapist,eng,hasoc_en_800,0,0,0,0,0,0,0,0,0,0,0,0
#ToryLeadershipDebate Brexit #Brexit Boris Johnson #borisjohnson #BorisJohnsonShouldNotBePM #Boris    When will Bullshit Boris be allowed to open his mouth and derail his campaign?,eng,hasoc_en_801,0,0,0,0,0,0,0,0,0,0,0,0
@AndrewYang Nope.  He broke the law and must suffer the consequences of his choices.    Don't do the crime if you can't do the time!    #TrumpCrimeFamily   #TrumpIsATraitor   #ImpeachTrumpNow   #BenedictDonald,eng,hasoc_en_804,0,0,0,0,0,0,0,0,0,0,0,0
@MSNBC Sanders knew she was lying and admitted it under sworn testimony #TrumpCrimeFamily #TrumpIsATraitor #TrumpLiesEveryTimeHeSpeaks #45IsAcriminal,eng,hasoc_en_806,0,0,0,0,0,0,0,0,0,0,0,0
@CNNnews18 @ImranKhanPTI @narendramodi @maryashakil @AmitShah @ImranKhanPTI If possible pls take @MehboobaMufti to pakistan. She could be a great leader for ur #TomatoNation.   #TerroristNationPakistan,eng,hasoc_en_808,0,0,0,0,0,0,0,0,0,0,0,0
Democrats to Scrutinize Ex-Lobbyist’s Role in Trump’s Arms Sales to Gulf Nations #Resist #ResistTrump #FuckTrump https://t.co/Md6xsF1aC0,eng,hasoc_en_809,1,0,0,0,0,0,0,0,0,0,0,1
@MargieMargie72 @WinstonWolfLV Because rockies manager is #douchebag,eng,hasoc_en_810,0,0,0,0,0,0,0,0,0,0,0,0
Employees turn their back on Agriculture secretary over being relocated to Kansas City #Resist #ResistTrump #FuckTrump https://t.co/aP859lYCSm,eng,hasoc_en_811,0,0,0,0,0,0,0,0,0,0,0,0
Analysis: Fox News crosses the line on Biden #Resist #ResistTrump #FuckTrump https://t.co/3M7rGYwH4b,eng,hasoc_en_812,1,0,0,0,0,0,0,0,0,0,0,1
The Trump Administration Wants to Make It Harder for Transgender People to Access Homeless Shelters #Resist #ResistTrump #FuckTrump https://t.co/PDSkPcM2Hx,eng,hasoc_en_815,1,0,0,0,0,0,0,0,0,0,0,1
@KP24 I thought... If rain comes again then England will select Swimming first 😂😂😂  Thanks to God no rain today in England..  #ShameOnICC   #ENGvWI,eng,hasoc_en_816,0,0,0,0,0,0,0,0,0,0,0,0
WaPo: NRA paid thousands to board members for services #Resist #ResistTrump #FuckTrump https://t.co/uVLLjGZprD,eng,hasoc_en_817,0,0,0,0,0,0,0,0,0,0,0,0
#TrumpIsATraitor  as if we didn't already know. https://t.co/tji2yfIFJp,eng,hasoc_en_818,0,0,0,0,0,0,0,0,0,0,0,0
@SocialPowerOne1 Why isn't that thing flying over the White House every day?  #trumpbabyblimp #fucktrump #fuckallthetrumps #fucktrumpsupporters,eng,hasoc_en_819,0,1,0,0,0,0,0,0,0,0,0,1
the king of word salad. #fucktrump https://t.co/634hNHjgVC,eng,hasoc_en_820,0,0,0,0,0,0,0,0,0,0,0,0
@ArunSFan @RahulGandhi Moron.. Wen u will talk about India.. And not restrict u r self to a party.. Think beyond party.. Think beyond congress.. Think for poor people. Think for.. Developing India.. U #@#@#.. #congressmuktbharat,eng,hasoc_en_821,0,0,0,0,0,0,0,0,0,0,0,0
If you curl 55lbs in a squat rack you might be a #douchebag,eng,hasoc_en_822,0,0,0,0,0,0,0,0,0,0,0,0
Hmmmmmm. This seems ironic and hypocritical with that #RussianAsset we have in the WH.    #TrumpIsATraitor #CORRUPTION #TrumpForPrison https://t.co/jyirVVbf5B,eng,hasoc_en_823,0,0,0,0,0,0,0,0,0,0,0,0
Being a Moroccan med student means:  Your dad being FIRED.  Your professors being FIRED.  Your basic rights being TAKEN from you.  The government THREATENING you.  #DoctorsUnderOppression   #DoctorsFightBack   #SOS,eng,hasoc_en_827,0,0,0,0,0,0,0,0,0,0,0,0
#ShameOnICC@I hope All team will win trophy not from performance but will win from rainy day.....rain is fourth umpire... https://t.co/EVf3tYfNX2,eng,hasoc_en_828,0,0,0,0,0,0,0,0,0,0,0,0
Lack of ethic? How about announcing to foreign adversaries his openness to interference? It's pretty much 'attack America because I am open to your agenda'. #BringBackHangingForTreason #TrumpIsATraitor #IndictTrump https://t.co/A2OTnaKbPR,eng,hasoc_en_830,0,0,0,0,0,0,0,0,0,0,0,0
Imagine studying hard for 10 years after taking huge loans for paying off the fees and then going to a village to serve people just because your profession demands you to.    Respect doctors and their rights ! #DoctorsFightBack,eng,hasoc_en_831,0,0,0,0,0,0,0,0,0,0,0,0
If England can do this  so why not india can do this   #ICC #Balidan #DhoniKeepsTheGlove https://t.co/Hfj3HklEfu,eng,hasoc_en_834,0,0,0,0,0,0,0,0,0,0,0,0
@realDonaldTrump @senatemajldr @MarkWarner Happy John McCain Day! #truehero #JohnMcCainDay #TrumpIsATraitor,eng,hasoc_en_838,0,0,0,0,0,0,0,0,0,0,0,0
Epic trolling 😂😂 This handle continue to give us best humor these days in such a gloomy and pathetic world cup where only rain is the winner . #ShameOnICC  @ICC @cricketworldcup https://t.co/SgTkYRY6lY,eng,hasoc_en_839,0,0,0,0,0,0,0,0,0,0,0,0
@realDonaldTrump She a LIAR JUST LIKE U. U GOING DOWN SHE LEAVING U BE 4 IT HAPPENS #DICKHEAD,eng,hasoc_en_841,0,0,0,0,0,0,0,0,0,0,0,0
@BillCosby You kidding me? You know how many fathers despise you? Fear you as an example of the very worst of man? #rapist #shuttheFuckUp,eng,hasoc_en_842,0,0,0,1,0,0,0,0,0,0,0,1
@realDonaldTrump The Orange Menace @realDonaldTrump is siding with Russia against American institutions. #TrumpIsATraitor #PutinsPuppet @GOP @LindseyGrahamSC #GOPComplicitTraitors #TrumpIsAFraud #TrumpLies #ImpeachTheMFTraitor #ImpeachDonaldTrump,eng,hasoc_en_843,0,0,0,0,0,0,0,0,0,0,0,0
#DhoniKeepsTheGlove Where is sports spirit  ??? Game is not great than love for country....,eng,hasoc_en_844,0,0,0,0,0,0,1,0,0,0,1,1
Who was talking about 'audacity' again?  #DoctorsFightBack #DoctorsProtest #DoctorsStrike https://t.co/9cbvMApDWb,eng,hasoc_en_846,0,0,0,0,0,0,0,0,0,0,0,0
Assault on doctors again in Murshidabad Medical College.  #Savethedoctors #DoctorsStrike #DoctorsFightBack,eng,hasoc_en_847,0,0,0,0,0,0,0,0,0,0,0,0
This proves that @ImranKhanPTI is the biggest hacker of #TerroristNationPakistan https://t.co/315WkNP1iH,eng,hasoc_en_849,0,0,0,0,0,0,0,0,0,0,0,0
@realDonaldTrump HA! 73 looks too OLD!  #Trump #TrumpIsATraitor #JohnMcCainDayJune14th,eng,hasoc_en_850,1,0,0,0,0,0,0,0,0,0,0,1
@MattHancock @BorisJohnson Hang on Matt. You’ve already downgraded a promise - with no indication how it will be paid for - TL a pledge. Will it soon be an aspiration. Whatever... it’ll never happen as it’s another Johnson nonsense #BorisJohnsonShouldNotB,eng,hasoc_en_852,0,0,0,0,0,0,0,0,0,0,0,0
Boris Johnson’s no-deal Brexit plan ‘will trigger early election’  Top Tories say attempt to appease hardliners means coalition of support for his leadership bid will not survive the autumn https://t.co/kFINjBsguY  #BorisJohnsonShouldNotBePM   #PutItToThePeople #SummerOfResistance,eng,hasoc_en_853,1,0,0,0,0,0,0,0,0,0,0,1
#DoctorsFightBack who is the Bengal government trying to protect ? It's obvious that kins of the patient affected must have hit the doctor. Why no arrest till now ? @sudhirchaudhary @sardanarohit @republic,eng,hasoc_en_854,0,0,0,0,0,0,0,0,0,0,0,0
#DoctorsFightBack  Sir @SrBachchan Doctors of all over india demand justice for brutal assault of kolkata doctors.  Your response will help in raising our voice. 🙏,eng,hasoc_en_855,0,0,0,0,0,0,0,0,0,0,0,0
@dianenodwell @realDonaldTrump He made it 'ok' to be a nazi. #FuckTrump. Hope he spends his next birthday (and all the ones after that) in prison.,eng,hasoc_en_856,0,0,0,0,0,0,0,0,0,0,0,0
Keep tweeting this guys @ICC puppet of pakistan  #ShameOnICC,eng,hasoc_en_857,0,0,0,0,0,0,0,0,0,0,0,0
#DoctorsFightBack    Good job doctors     We are stay with u https://t.co/oKsISU4s5l,eng,hasoc_en_860,0,0,0,0,0,0,0,0,0,0,0,0
Is this the same piece of paper McCarthy used to waive around as his list of 'Known Comunists' #FuckTrump @realDonaldTrump https://t.co/IbcYReJZxF,eng,hasoc_en_861,0,0,0,0,0,0,0,0,0,0,0,0
#DhoniKeepsTheGlove urge all proud Indian viewers on ground to display posters of #BalidanBadge in Pak match @msdhoni ..Jai Hind..,eng,hasoc_en_862,0,0,0,0,0,0,0,0,0,0,0,0
@realDonaldTrump @senatemajldr @MarkWarner Doesnt Mitch have his own issues? Conflicts of interest #secoftransportation Time for #ImpeachmentInquiryNow #TrumpNatSecRisk #TrumpIsATraitor #TrumpColluded #TrumpObstructed #IndictTrump https://t.co/RciozPd0Zg,eng,hasoc_en_863,0,0,0,0,0,0,0,0,0,0,0,0
@dipaksamanta Yes! #DhoniKeepsTheGlove On!,eng,hasoc_en_864,0,0,0,0,0,0,0,0,0,0,0,0
I salute his love for the nation and soldiers!  We are proud you dhoni ❤ continue to wear your gloves till we lift the World cup  I stand by @msdhoni #DhoniKeepsTheGlove https://t.co/ctEFK39QWX,eng,hasoc_en_865,0,0,0,0,0,0,0,0,0,0,0,0
#MeghanMcCain mystifies co-hosts by defending #IdiotTrump with a bizarre #Ebola rant: ‘It’s my No. 1 fear in life’ - https://t.co/vyPc9kAVvy,eng,hasoc_en_866,0,0,0,0,0,0,0,0,0,0,0,0
@IvankaTrump @realDonaldTrump That was the worst day of our lives. The coward has been ruining America ever since.  #TrumpIsTheEnemyOfThePeople   #TrumpIsAFraud   #TrumpIsATraitor   #TrumpIsAMoron   #TrumpIsANationalSecurityThreat   #TrumpIsACriminal   #T,eng,hasoc_en_868,0,0,0,0,0,0,0,0,0,0,0,0
Well honestly who does Tim Martin think he is?  BoJo's advisor!!  #BorisJohnsonShouldNotBePM  https://t.co/lEuc9K4cq4,eng,hasoc_en_870,0,0,0,0,0,0,1,0,0,0,1,1
Nuf said. #fucktrump #NotMyPresident #LiarInChief https://t.co/d0IaQdDWGI,eng,hasoc_en_871,0,0,0,0,0,0,0,0,0,0,0,0
This is all a lie folks! That’s why Kushner was in Saudi Arabia so much. Saudi Arabia help stage the boat taking a bomb off that oil tanker. Iran has nothing to do with all of this! #BoltonIsBehindIt #NoMoreWars #ImpeachDonaldTrumpNOW #TrumpIsATraitor https://t.co/MqbQhLvZD6,eng,hasoc_en_872,0,0,0,0,0,0,0,0,0,0,0,0
That was the best #JohnMCainDay day.  Ever.      #FuckTrump   #FuckTheGOP   #FuckTrumpSupporters,eng,hasoc_en_873,0,0,0,0,0,0,0,0,0,0,0,0
I demand #justice for twinkle sharma  #Shame on this constitution😶  #rapist ko phasi do,eng,hasoc_en_874,0,0,0,0,0,0,0,0,0,0,0,0
SAY NO #Beijing2022 #Olympics  #China #CCP #Genocide #StopChina #BoycottChina #StopGenocideChina  #Tibet #FreeTibet #SaveTibet #Uyghur #FreeUyghur #SaveUyghur  #EastTurkistan #FreedomForEastTurkistan #FreeMongolia #FreeSouthMongolia #ウイグル  https://t.co/Ii4z15Ig5R,eng,hasoc_en_875,0,0,0,0,0,0,1,0,0,0,1,1
Worst cricket World Cup experience #ShameOnICC,eng,hasoc_en_876,0,0,0,0,0,0,0,0,0,0,0,0
@The_OJSimpson32 Did you find Nicole’s killer yet? And Ron’s? #murderer,eng,hasoc_en_877,0,0,0,0,0,0,0,0,0,0,0,0
@BCCI It's raining tomorrow #CWC19 another washout... Sad.  #ShameOnICC https://t.co/heXMj3HBOV,eng,hasoc_en_878,0,0,0,0,0,0,0,0,0,0,0,0
Doctors in huge numbers protesting against CM @MamataOfficial in Kolkata   @MamataOfficial  govt had threatened doctors as a result nationwide protest began     #DidiVsDoctors #WestBengal #DoctorsFightBack #SaturdayMotivation #electionfacts #DoctorsProtest https://t.co/DONuZpKPxK,eng,hasoc_en_880,0,0,0,0,0,0,0,0,0,0,0,0
@tweetmommybop @ParkerMolloy Pete whatever is trump’s kind of guy #TrumpIsACheater #TrumpMustResign #TrumpIsATraitor,eng,hasoc_en_881,1,0,0,0,0,0,0,0,0,0,0,1
@Ronniesoak @JMarkDodds @TufferB @JamesMelville I hope you blocked him ☝🏻 #Dickhead,eng,hasoc_en_882,0,0,0,0,0,0,0,0,0,0,0,0
#truth #TrumpIsATraitor  can’t wait to #seehiminhandcuffs https://t.co/fNAQit190G,eng,hasoc_en_884,0,0,0,0,0,0,0,0,0,0,0,0
@ErinBurnett @gtconway3d #trumpisatraitor he said himself he would listen to foreign countries for information on opponents. #whattrueAmericandoesthat,eng,hasoc_en_887,0,0,0,0,0,0,0,0,0,0,0,0
Oh dear god. Boris?. He cannot even employ a decent hair dresser.  He will be in charge of appointing people to key positions like defence.  I have a blow up dingy at the ready.  The last person he spoke up for as foreign minister got additional time. #BorisJohnsonShouldNotBePM,eng,hasoc_en_888,0,0,0,0,0,0,0,0,0,0,0,0
“Mystery in paradise: Suspicious deaths in #DominicanRepublic resorts lead American travelers to cancel their trips” - New York Daily News  ⁦@GoDomRep⁩ #Serial #Murderer(s)  https://t.co/0Ni97rnZhO,eng,hasoc_en_889,0,0,0,0,0,0,0,0,0,0,0,0
Pakistan team praying for Rain on Sunday against India because Baap rocks on Father's Day #ShameOnICC https://t.co/EzSt0mvWnt,eng,hasoc_en_890,0,0,0,0,0,0,0,0,0,0,0,0
🎶 Thanks for the memories 🎶 #FuckTrump https://t.co/sdZNIMRxIv,eng,hasoc_en_891,0,0,0,0,0,0,0,0,0,0,0,0
Latest Pics coming out of UK:    Early morning practice seasons by players!!     #ShameOnICC https://t.co/uou4xEvYDc,eng,hasoc_en_892,0,0,0,0,0,0,1,0,0,0,1,1
Dear @NCPCR_ @MinistryWCD please take cognizance of this offensive practice. Why should the minor #RapeSurvivor and her family organise feast in the village? Victim and her family is further victimised here. #Rajgarh dist #MadhyaPradesh  The need to punish the #Rapist is important https://t.co/YCqSY2gQ1u,eng,hasoc_en_893,0,0,0,0,0,0,0,0,0,0,0,0
#Dhoni The Mr. cool of Indian #cricket was forced to remove his gloves But  he didn't say anything.  He is such an ambassador for cricket. And the entire nation is behind him in all of his decisions  https://t.co/I0gDG5psrW     #dhonikesaathdesh #DhoniKeepsTheGlove  #ICCWorldCup2019 https://t.co/EQIq6CXhRw,eng,hasoc_en_895,0,0,0,0,0,0,0,0,0,0,0,0
Precollusion?  #TrumpIsATraitor https://t.co/zoqrtkBjtG,eng,hasoc_en_896,0,0,0,0,0,0,0,0,0,0,0,0
@RandPaul found this old #gem #2ndAmendment #Bernie2020 #TrumpIsATraitor #GOP #Democrats @BernieSanders @AOC @PeteButtigieg @ewarren https://t.co/9zs8DgDOkl,eng,hasoc_en_897,0,0,0,0,0,0,0,0,0,0,0,0
@Bizarro_Prisuta @realDonaldTrump #Douchebag @DonnyDeutsch of the rebooted 1930's #National #democrat #Socialist #Workers #Party &amp,eng,hasoc_en_898,1,0,0,0,0,0,0,0,0,0,0,1
It's National John McCain Day!!!  #June14JohnMcCainDay #JohnMcCainDay #JohnMcCain #FuckTrump #ToiletTrump https://t.co/O5MrTVc0RJ,eng,hasoc_en_901,0,0,0,0,0,0,1,0,0,0,1,1
@ICC @cricketworldcup   @BCCI   Tomorrow's match has 70% chance of being washed out.    #ShameOnICC https://t.co/Dm2PXVHh0O,eng,hasoc_en_903,0,0,0,0,0,0,0,0,0,0,0,0
@pam_brundige @PatriciaRGilbr1 @beerluvr2 @TheUnicorn999 @Heather4enviro1 @sbuchbinder @Mathsgeist @mnelson64 @NoFascismMarch @Orvidageri5 @pseudosudio @ryconsean @Alan_in_NC @lalaboo62 @gr8fulgirl24 @LillianVikingDK @eztempo Thanks to all who have follow,eng,hasoc_en_904,0,0,0,0,0,0,0,0,0,0,0,0
Cric-n-Show: Cricket World Cup Updates : Ind vs NZ  Match Calle... https://t.co/ysbrc4Qvud    #shameonicc #INDvsNZ #cwc19,eng,hasoc_en_905,0,0,0,0,0,0,0,0,0,0,0,0
#NA Speaker directs immediate arrest of #murderer of three real brothers     #APPNews @AsadQaiserPTI @Asadqaiser11 @NAofPakistan   https://t.co/YiN95OHt7l via @appcsocialmedia https://t.co/RXDjIGUXee,eng,hasoc_en_906,0,0,0,0,0,0,0,0,0,0,0,0
Duncan Hunter's wife pleads guilty to conspiring with husband to use campaign funds for personal use #Resist #ResistTrump #FuckTrump https://t.co/YUSPnX3Fcg,eng,hasoc_en_909,0,0,0,0,0,0,0,0,0,0,0,0
Twitter is ‘researching’ whether or not they should allow white nationalists to send racist tweets #Resist #ResistTrump #FuckTrump https://t.co/DOEO8NBt3b,eng,hasoc_en_910,0,1,0,0,0,0,0,0,0,0,0,1
#yuvarajsingh Yuaraj singh replacement WOLD CUP 2019 ???😕😧😟 #CWC19 #ICCWorldCup2019 #India #ICCCricketWorldCup2019 #ViratKohli #DhoniKeepsTheGlove #BCCI,eng,hasoc_en_911,0,0,0,0,0,0,1,0,0,0,1,1
@MarinaHyde MPs who blindly support a loser #BorisJohnsonShouldNotBePM without evidence will ultimately have to face the electorate. Do they think @BorisJohnson_MP is worth them losing their seats to other parties? @MikeGapes,eng,hasoc_en_912,0,0,0,0,0,0,0,0,0,0,0,0
Read everything about Dhoni’s army insignia gloves here:   https://t.co/5BToPrFQv0 #CricketWorldCup #DhoniAtCWC19 #DhoniKeepsTheGlove #DhoniKeSaathDesh #DhoniKeepBalidaanBadgeGlove,eng,hasoc_en_913,0,0,0,0,0,0,0,0,0,0,0,0
@Atheist_Krishna @KP24 @ICC #ShameOnICC  ICC want something  fast and result  some one meet yamdut #WorldCup2019 https://t.co/kg03jzAFgt,eng,hasoc_en_914,0,0,0,0,0,0,0,0,0,0,0,0
Imagine this. There are some patriots keeping out secrets from reaching Russia. #TrumpIsATraitor https://t.co/FKj9Cb9fyQ,eng,hasoc_en_915,0,0,0,0,0,0,0,0,0,0,0,0
AIIMS Delhi doctor continues protest against Bengal violence wearing helmet in viral photo https://t.co/CbMlxmCv9f  #BengalBurning #DoctorsFightBack #SaveBengal #Savethedoctors,eng,hasoc_en_916,0,0,0,0,0,0,0,0,0,0,0,0
HP Deskjet 1115 Single Function Ink Advantage Printer  @ Rs.2199 Apply Rs.300 coupon (mrp-3318)    https://t.co/9hzOrtvfB7    #DoctorsFightBack #SaveBengal #amazon #flipkart #deals #dealoftheday #amazingdeals #offers #discount #JaiShreeRam #ModiForAll,eng,hasoc_en_918,0,0,0,0,1,0,0,0,0,0,1,1
Now entire #world know about #BALIDAN #symbol... Because of this #controversy  #msdhonigloves #CWC19 #DhoniKeepsTheGlove #india #cricket #GautamGambhir #news https://t.co/GYlqXpAaQv,eng,hasoc_en_920,0,0,0,0,0,0,0,0,0,0,0,0
Too puffed up to debate #BorisJohnsonShouldNotBePM https://t.co/uRndMh96gu,eng,hasoc_en_921,0,0,0,0,0,0,0,0,0,0,0,0
@toadmeister looking desperately for that attention he craves #fuckoff #shitbag #dickhead https://t.co/4VvP8FuZH7 https://t.co/JQ81mdY9Xz,eng,hasoc_en_922,0,0,0,0,0,0,0,0,0,0,0,0
We are with you #DhoniKeepsTheGlove,eng,hasoc_en_923,0,0,0,0,0,0,0,0,0,0,0,0
MP - Subhash Chndra Medical College     Doctor from Scheduled Tribe community in Madhya Pradesh beaten up by the relatives of patients who wanted 'upper caste' doctor. #DoctorsFightBack #DoctorsProtest  https://t.co/n2k6i00E28,eng,hasoc_en_925,0,0,0,0,0,0,0,0,0,0,0,0
We support doctor’s movement against violence. Its time to show unity and fight for physical violence against doctors. Lets come together and build a healthy patient-doctor relationship.  #TREATUSASHUMANS #SaveTheSaviour #DoctorsFightBack #stand_with_NRS #SaveDoctors https://t.co/yPMj0p5C86,eng,hasoc_en_926,0,0,0,0,0,0,0,0,0,0,0,0
#IndiaWithDhoni as same as @msdhoni also has to be with India no?! He should wear the 🧤or boycott @cricketworldcup for the nation first concept!  We want that!   #DhoniKeepTheGlove #DhoniKeepsTheGlove #Dhoni #DhoniKeSaathDesh #DhoniKeSathDesh  go f*** @ICC @BCCI,eng,hasoc_en_927,0,0,0,0,0,0,0,0,0,0,0,0
@CNNnews18 @MamataOfficial But what happened to the attackers? Have they been arrested for attempt of murder or not?  #DoctorsFightBack,eng,hasoc_en_928,0,0,0,0,0,0,0,0,0,0,0,0
Oh and if you don’t know now you know... #fucktrump &amp,eng,hasoc_en_929,0,0,0,0,0,0,0,0,0,0,0,0
#DhoniKeepsTheGlove  We r proud of u MSD .. https://t.co/lwxdiZDwJ3,eng,hasoc_en_930,0,0,0,0,0,0,0,0,0,0,0,0
@theJeremyVine So based on your story this is what we have to look forward to... #BorisJohnsonShouldNotBePM #Toryleadership @piersmorgan #cartoon #Caricature #comedypm @JonathanPieNews @McStinkDog #wearedoomed #BorisJohnson #channel4debate https://t.co/5M,eng,hasoc_en_931,0,0,0,0,0,0,0,0,0,0,0,0
Ted Cruz floats another theory of how Twitter is censoring conservatives #Resist #ResistTrump #FuckTrump https://t.co/PcwRQuRI30,eng,hasoc_en_934,0,0,0,0,0,0,0,0,0,0,0,0
#AIIMS doctors go on strike. It is but important to make a point. I #StandWithDoctors against violence. #DoctorsFightBack https://t.co/TXENmGOgEk,eng,hasoc_en_936,0,0,0,0,0,0,0,0,0,0,0,0
@vinodhansda So what??    who ask them to the schedul world cup in @ECB_cricket ?? They know every thing   #ShameOnICC,eng,hasoc_en_939,0,0,0,0,0,0,1,0,0,0,1,1
@TheRealOJ32 Nothing says God's blessing like 'getting even'.   #murderer,eng,hasoc_en_941,0,0,0,0,0,0,0,0,0,0,0,0
@ESPNcricinfo Rules are meant to be broken. I guess @ICC doesn't even know the power of India. Soon they will know  #DhoniKeepsTheGlove,eng,hasoc_en_943,0,0,0,0,0,0,0,0,0,0,0,0
How does a piece of shit like @TheRealOJ32 have followers? #OJSimpson #MURDERER,eng,hasoc_en_944,0,0,0,0,0,0,0,0,0,0,0,0
Oh god 🤮🤮🤮🤮🤮🤮🤮🤮🤮🤮  🤡🤡🤡🤡🤡🤡🤡🤡🤡🤡🤡🤡🤡  #BorisJohnsonShouldNotBePM https://t.co/LluidPj0gZ,eng,hasoc_en_945,0,0,0,0,0,0,0,0,0,0,0,0
#Alabama did nothing about the #Rapist.    The #Court is ordering the #Victim  to allow #VisitationRights or she goes to #Jail.    #Rapists who created the children gets nothing.    #Vicitim parent—forced to bare them—goes to jail.    #Alabama enforces #ShariaLaw.    https://t.co/g98G1OEq8l,eng,hasoc_en_946,0,0,0,0,0,0,0,0,0,0,0,0
@flyaway_k Unbelievable. Our government actually wants you to let people die. I fucking despise trump and the crime syndicate Republican Party. It’s all just sickening! #FuckTrump #FuckTheGOP #onMyThirdBeer,eng,hasoc_en_949,1,0,0,0,0,0,1,0,0,0,0,1
Humble request to our @narendramodi @PMOIndia @drharshvardhan @rashtrapatibhvn to take the action against wrong doing of @MamataOfficial #DoctorsFightBack #DoctorsProtest #doctors_against_assualt @MamataOfficial you should resign. @TheQuint @Arnaboffice @republic @OfficeofAG,eng,hasoc_en_950,0,0,0,0,0,0,0,0,0,0,0,0
@msdhoni is Lt. Colonel and he has  right to wear that balidan badge glove...india is proud of @msdhoni.  #DhoniKeepsTheGlove,eng,hasoc_en_951,0,0,0,0,0,0,0,0,0,0,0,0
#ShameOnICC  New Logo https://t.co/fVWuVlDrSF,eng,hasoc_en_952,0,0,0,0,0,0,0,0,0,0,0,0
Happy #JohnMcCainDay to all true patriots who celebrate. #TrumpIsATraitor,eng,hasoc_en_953,0,0,0,0,0,0,0,0,0,0,0,0
@ProFootballTalk You broke our hearts Juice. #Murderer,eng,hasoc_en_954,0,0,0,0,0,0,0,0,0,0,0,0
Late-Night Thinks Trump Must Be Confused About Collusion #Resist #ResistTrump #FuckTrump https://t.co/sB6xc0nMVj,eng,hasoc_en_955,1,0,0,0,0,0,0,0,0,0,0,1
Charlie Sykes with the #HappyJohnMcCainDay shoutout. 😃👍🍻 #RealTime #FuckTrump,eng,hasoc_en_956,0,0,0,0,0,0,0,0,0,0,0,0
#ShameOnICC Sometimes I wonder that even after having so much technology,eng,hasoc_en_957,0,0,0,0,0,0,0,0,0,0,0,0
Dragging religious matters to defend another point is not a proper way   I support dhoni fully   He's pride of our country   #DhoniKeepsTheGlove,eng,hasoc_en_958,0,0,0,0,0,0,0,0,0,0,0,0
Doctors at #Cuttack district headquarters hospital wear black badges to express solidarity with their counterparts protesting violence against some junior doctors in West Bengal #DoctorsFightBack #DoctorsStrike https://t.co/EX35msTNVJ,eng,hasoc_en_959,0,1,0,0,0,0,0,0,0,0,0,1
MOTHERS' #RUIN These are the three types of #mums most likely to raise a #murderer… is yours one of them?  #Mother doesn't always know best... about raising a son who won't end up #killing scores of people in a fit of rage or #sexual frenzy 🏴󠁧󠁢󠁳󠁣󠁴󠁿 https://t.co/7dTiZw40Nt,eng,hasoc_en_964,0,0,0,0,0,0,0,0,0,0,0,0
@TheRealOJ32 I am so happy to have this opportunity to tell you what a mephitic shitrendous soulless ball sac you are.  #MURDERER,eng,hasoc_en_966,0,0,0,0,0,0,0,0,0,0,0,0
Story of Simon Magus in the Bible: Acts 8:7-25    The following are modern-day Simon Magus (#Sorcerer) examples:    'David Blaine #Celebrity #Magic Compilation'  1. https://t.co/YB6zdIiWDZ    'Perfume The Story of a #Murderer 2006'  2. https://t.co/0x0cYq1oW8,eng,hasoc_en_969,0,0,0,0,0,0,0,0,0,0,0,0
Funny video of conservative pundits awkwardly criticizing the metric system #Resist #ResistTrump #FuckTrump https://t.co/rq3CNgFaql,eng,hasoc_en_971,0,0,0,0,0,0,0,0,0,0,0,0
#IdiotTrump’s #federalbudget deficit skyrocketed to $207.8 billion in the month of May - https://t.co/RqeiQ5PCld #MAGA #TrumpsWorseThanNixon,eng,hasoc_en_973,0,0,0,0,0,0,0,0,0,0,0,0
STOP 👏🏼GIVING👏🏼OJ👏🏼ATTENTION👏🏼 #MURDERER,eng,hasoc_en_975,0,0,0,0,0,0,0,0,0,0,0,0
New logo for world Cup designed by ICC #ShameOnICC https://t.co/AtFL15Gt9B,eng,hasoc_en_976,0,0,0,0,0,0,0,0,0,0,0,0
A billion Cricket fans waited four years to watch how it rains in England #ShameOnICC @ICC @BCCI #CWC19 https://t.co/hhGMF2CMKY,eng,hasoc_en_977,0,0,0,0,0,0,0,0,0,0,0,0
Even you haven't crashed the market and you bankrupted casinos. I do know that the national debt is at an all time high and you don't reimburse people who loan you money. #TrumpIsATraitor #DonTheCon https://t.co/VcU7GfafaS,eng,hasoc_en_980,0,0,0,0,0,0,0,0,0,0,0,0
prison would be too good for him. #toryscum #murderer  #Grenfell  https://t.co/4WXWQZ5Mwq,eng,hasoc_en_982,0,0,0,0,0,0,0,0,0,0,0,0
@NewsWestBengal #DoctorsFightBack  #DoctorsProtest #India  Junior doctors in #Telangana hold protests in support of West Bengal doctors - India Today https://t.co/a3wklhw7J9 #WestBengal,eng,hasoc_en_983,0,0,0,0,0,0,0,0,0,0,0,0
Truth from Russia with love 🤣 #FuckTrump https://t.co/gqISauAlff,eng,hasoc_en_985,0,0,0,0,0,0,0,0,0,0,0,0
@Raptors @DioVanRocker1 @NBA Kind of waiting what meal your president is going to offer you. Bet my life is not a BigMac.    #FuckTrump,eng,hasoc_en_986,0,0,0,0,0,0,0,0,0,0,0,0
PM has achieved the 3/4th of the objective he had set himself. The remaining 1/4th #RahulGandhi has embarked upon fulfilling it. What MK Gandhi failed to have done Rahul will achieve. #CongressMuktBharat https://t.co/P2INAy8e3M,eng,hasoc_en_987,0,0,0,0,0,0,0,0,0,0,0,0
#TrumpIsATraitor .  The End https://t.co/l5BglQoQ4i,eng,hasoc_en_988,0,0,0,0,0,0,0,0,0,0,0,0
@GOP IMPEACH DONALD TRUMP.    #ITMFA  #ComplicitGOP  #Fucktrump,eng,hasoc_en_989,1,0,0,0,0,0,0,0,0,0,0,1
#JohnMcCainDay Thanks for fund raising on the promise of Obamacare repeal from Republican voters only to screw them over by deciding it was more important to put yourself first just to screw Trump in a personal vendetta.    'preciate it. #AmericaFirst #Douchebag https://t.co/GdhglFZIeP,eng,hasoc_en_990,1,0,0,0,0,0,0,0,0,0,0,1
Before you say #ShameOnICC please look at those grounds in England and imagine how difficult it was to design cover for grounds with such weird shape. https://t.co/vX9TFxoOq4,eng,hasoc_en_991,0,0,0,0,0,0,0,0,0,0,0,0
It look like the rain is granting chivalry to icc board for arrangements shikhar dhawan is the only one to enjoy it. #WC2019 #INDvPAK for arrangements #ShameOnICC,eng,hasoc_en_992,0,0,0,0,0,0,0,0,0,0,0,0
Fuck Trump. #fucktrump https://t.co/e47mFepfSO,eng,hasoc_en_993,1,0,0,0,0,0,0,0,0,0,0,1
@realDonaldTrump @MarshaBlackburn Happy #JohnMcCainDay   #TrumpIsATraitor   #GuiltyAsSin  #WhoreMonger  #LiarInChief   #DerangedDonald   #BillionDollarLoser   #LowIQTrump  #DraftDodger   #PresidentBoneSpurs  #AryanAgentOrange  #NervousDonald,eng,hasoc_en_994,0,0,0,0,0,0,0,0,0,0,0,0
@ProFootballTalk @TheRealOJ32 Better watched your head. #murderer,eng,hasoc_en_995,0,0,0,0,0,0,0,0,0,0,0,0
@chandnijafri Any kids #Rapist should be given capital punishment .,eng,hasoc_en_997,0,0,0,0,0,0,0,0,0,0,0,0
#ISupportSarabjeetSingh and yeah #FuckDelhiPolice 🖕,eng,hasoc_en_998,0,0,0,0,0,0,0,0,0,0,0,0
ICC is trying their best to stop dhoni from showing his love to army.Dhoni should retaliate by donating his one year income to indian army. #CWC19 #DhoniKeepsTheGlove #DhoniKeepTheGloves #DhoniKeSaathDesh,eng,hasoc_en_1000,0,0,0,0,0,0,0,0,0,0,0,0
#DoctorsFightBack     Parents reaction when a doctor returns home safely in Bengal...😂😂😂 https://t.co/8Ar617t80U,eng,hasoc_en_1001,0,0,0,0,0,0,0,0,0,0,0,0
We stand with @msdhoni infact #indiastandswithdhoni  #DhoniKeepsTheGlove   #IndiaStandsWithDhoni https://t.co/58GaSwrSuK,eng,hasoc_en_1003,0,0,0,0,0,0,0,0,0,0,0,0
👉 Tripura doctors protest in solidarity with doctors in West Bengal  #Justice4DrParibaha  #DoctorsFightBack  👉 'https://t.co/gYuHm8hfxF'  @ATGDAofficial @sanjayswadesh @ChoudhuryKanak @Bismita14 @talk_anderson @JasBJP @Satyanewshi @biswajitroy2009 @AD_BJP @trunilss @jayhind22090440,eng,hasoc_en_1004,0,0,0,0,0,0,0,0,0,0,0,0
@saquibIM @sardesairajdeep @msdhoni What rules you are referring? Rules of having namaz in the play ground?    We can understand your feeling.    #biasedicc #DhoniKeepTheGlove #IndiaStandsWithDhoni #DhoniKeSaathDesh #DhoniKeepsTheGlove #dhonigloves,eng,hasoc_en_1005,0,0,0,0,0,0,0,0,0,0,0,0
Belgian backpacker reveals how Gumtree #rapist lured her into shed and kept her #hostage - Jun 16 @ 10:50 AM ET https://t.co/O3tWQJtrB2,eng,hasoc_en_1009,0,0,0,0,0,0,0,0,0,0,0,0
A billion Cricket fans waited four years to watch how it rains in England #shameonicc https://t.co/n3enbfwl78,eng,hasoc_en_1011,0,0,0,0,0,0,0,0,0,0,0,0
@ICC @ICCCAD @BCCI   Poorest management of #CWC19   Need to change venues  Please take a look of geographical  And environmental conditions  Not only on gloves.....  #ShameOnICC,eng,hasoc_en_1013,0,0,0,0,0,0,0,0,0,0,0,0
And the protest is on  @ArdPgimer    #DoctorsFightBack #DoctorsStrike #doctors_against_assualt     @htTweets https://t.co/nLTk7KvTjF,eng,hasoc_en_1014,0,0,0,0,0,0,0,0,0,0,0,0
Nation demand Justice for Twinkle Sharma  Watch Live at Sudarshan News #BindasBol    #TwinkleSharma    #JusticeForTwinkle     #JusticeForTwinkleSharma     #PAKvSL    #DhoniKeepsTheGlove    #DhoniKeSaathDesh    #IndiaWithDhoni    https://t.co/Fj8Xkti9Wr,eng,hasoc_en_1015,0,0,0,0,0,0,0,0,0,0,0,0
⚡⚡ MCK @ 11.35 a.m   Mass resignations begin at R.I.O. Faculty members said the entire dept. will file mass resignations at 2.00 p.m. after filing their resignations at the directors office. They stand in complete solidarity with our protests.   #DoctorsFightBack   #SaveTheDoctors https://t.co/QwGFNeQwjj,eng,hasoc_en_1016,0,0,0,0,0,0,0,0,0,0,0,0
@realDonaldTrump Looks like somebody doesn't understand what Treason is.    #TrumpIsATraitor #TrumpTantrum #ImpeachTrumpNow,eng,hasoc_en_1017,0,0,0,0,0,0,0,0,0,0,0,0
#RacistTrump Retweets #AntiMuslim Extremist &amp,eng,hasoc_en_1018,0,0,0,0,0,0,0,0,0,0,0,0
Because dictators love stupid populations- right #TrumpTrain?     #TrumpIsATraitor     https://t.co/nIwU0NJsVM,eng,hasoc_en_1019,0,0,0,0,1,0,0,0,0,0,1,1
No less than he deserves.    Boris Johnson (or Boorish Johnson as I call him) is unfit to be our next Prime Minister.     #ToryLeadershipContest #C4Debate #LobbyHustings #BorisJohnsonShouldNotBePM #BorisIsChicken https://t.co/MrwNBaXciE,eng,hasoc_en_1020,0,0,0,0,0,0,0,0,0,0,0,0
Nothing wrong in wearing the proud badge.. ICC have to consider... #DhoniKeepsTheGlove,eng,hasoc_en_1022,0,0,0,0,0,0,0,0,0,0,0,0
#DoctorsFightBack is trending at Number 1 on Twitter.    It took half a decade of writing posts as a blogger and pleading as a doctor on social media to finally see this one moment when the Twitterverse is supporting doctors protesting against violence. https://t.co/6QOwUAt77T,eng,hasoc_en_1028,0,0,0,0,0,0,0,0,0,0,0,0
#FuckTrump  ANOTHER ONERY DEM..... https://t.co/vXVoZRATpX,eng,hasoc_en_1030,0,0,0,0,0,0,0,0,0,0,0,0
@msdhoni stand with u.. #DhoniKeepsTheGlove,eng,hasoc_en_1032,0,0,0,0,0,0,0,0,0,0,0,0
India went to play the world cup not on war. It's better to follow the rule of ICC and stay away from controversy to be focused on game..!!    #BCCI #BalidanBadge #DhoniKeSaathDesh #DhoniKeepsTheGlove,eng,hasoc_en_1033,0,0,0,0,0,0,1,0,0,0,1,1
@ICC @MRFWorldwide This world cup 19 should be ban !! 😡😡 Rain rain rain motherfuckerr ICC   Shift this world to another country or ban this world cup 19 😡😡   #ShameOnICC 😡😡,eng,hasoc_en_1034,0,0,0,0,0,0,1,0,0,0,1,1
#Progressive Group Wants Dems to #Investigate Kavanaugh for #Perjury    #GangRapes #ChristineBlaseyFord #BrettKavanaugh #Rape #Rapist #BrettKavanaughRapist    https://t.co/ZBGkZDfElG,eng,hasoc_en_1035,0,0,0,0,0,0,0,0,0,0,0,0
@flotus would be better off with this: https://t.co/zkaMjVocgh @orgasmicize #pornhub #firstladydoesdallas #freeblowjobs #fucktrump #classy #resist #TrumpTantrum #JackieO #lookmomnohands #skillsandthrills #voteblue #deepthroatchampion #Disneyland https://t,eng,hasoc_en_1036,0,0,0,0,0,0,0,0,0,0,0,0
Farewell #SarahHuckabeeSanders! Your lies for the asshole POTUS Will NEVER be missed. #GladYourGone #FuckTrump,eng,hasoc_en_1038,0,0,0,0,0,0,0,0,0,0,0,0
Please read &amp,eng,hasoc_en_1040,0,0,0,0,0,0,0,0,0,0,0,0
@PaulSaucier9 @lamousie187ss13 @IvankaTrump #TrumpIsATraitor sick f**ks,eng,hasoc_en_1042,0,0,0,0,0,0,0,0,0,0,0,0
Proud of paramilitary forces and proud of Dhoni  #DhoniKeepsTheGlove https://t.co/EJbKeLitfp,eng,hasoc_en_1043,0,0,0,0,0,0,0,0,0,0,0,0
@ANI Pull out of world cup    #DhoniKeepsTheGlove,eng,hasoc_en_1044,0,0,0,0,0,0,0,0,0,0,0,0
@realDonaldTrump happy birthday you racist dumbass!!! I’m having tacos for lunch in your honor. And here’s a picture of your favorite senator. #TrumpIsATraitor #trumpsucks https://t.co/hzEJQsfmPI,eng,hasoc_en_1045,0,0,0,0,0,0,1,0,0,0,1,1
@HenriettaHumpl1 That's really clever.  Have you ever thought of writing something #dickhead #auspol,eng,hasoc_en_1046,0,0,0,0,0,0,0,0,0,0,0,0
Yesterday  Congress : blood donations are necessary blah blah blah   Today   Congress : snubbed on injustice on doctors in wb   Shame on u so called national opposition   #Thuuuuuuu #Congress #WestBengal #DoctorsFightBack #DoctorsProtest   #SoniaGandhi #RahulGandhi #priyankagandhi,eng,hasoc_en_1047,0,0,0,0,0,0,0,0,0,0,0,0
Who will #win in #Cardiff ?    #CWC19 #ENGvBAN #England #Bangladesh #englandfans #CricketWorldCup2019 #DhoniKeepsTheGlove #DhoniKeSaathDesh #IndiaWithDhoni #WWESSD #KnackDhanushBirthdayin50days #NationalFishAndChipDay #FrenchOpen #LoveIsland #DDay75 #RiseOfTheTigers #BCB,eng,hasoc_en_1048,0,0,0,0,0,0,0,0,0,0,0,0
#INDvAUS #AUSvIND #DhoniKeepsTheGlove #CWC19     Who else?????     Like... if you as well https://t.co/hi82lfQPKt,eng,hasoc_en_1049,0,0,0,0,0,0,1,0,0,0,1,1
#DICKHEAD SHOULD JUST FUCK KIM JONG UN ALREADY &amp,eng,hasoc_en_1050,0,0,0,0,0,0,0,0,0,0,0,0
So will #INDvAUS be with #BalidanBadge Glove or it will be #Balidan of Feelings of #MSDhoni... #DhoniKeepsTheGlove OR #ICC prevails... #CWC19 #ICCWC2019 Jo bhi ho All #india wants is Victory in #AUSvIND match... #IndiaWithDhoni #MenInBlue https://t.co/HgPuCOCK0g,eng,hasoc_en_1051,0,0,0,0,0,0,0,0,0,0,0,0
Official press release of #SaveTheSaviours movement. These are the demands for resuming all duties.     #DoctorsFightBack #Savethedoctors #SaveTheSaviours https://t.co/2XC4BjnnRI,eng,hasoc_en_1052,0,0,0,0,0,0,0,0,0,0,0,0
Today the only bigger question in cricket fan's mind than who will win #INDvsAUS match is which GLOVES will @msdhoni use? #DhoniKeepsTheGlove #MSD #ICCWC2019 #CricketWorldCup2019 @BCCI @ICC,eng,hasoc_en_1053,0,0,0,0,0,0,0,0,0,0,0,0
When you really like a certain celebrity and then they come out as an #antivaxxer 🤦🏽‍♀️ How embarrassing @JessicaBiel #dickhead,eng,hasoc_en_1054,0,0,0,0,0,0,0,0,0,0,0,0
@LASERDISC420 #Assange is not a #rapist  https://t.co/M4sfW7csXC,eng,hasoc_en_1056,0,0,0,0,0,0,0,0,0,0,0,0
This is getting bigger!  Dr. Plaban Mukherjee the first cardiologist to carry out a successful heart transplant in a govt. medical hospital in India &amp,eng,hasoc_en_1058,0,0,0,0,0,0,0,0,0,0,0,0
This is the day that reminds the world that @realDonaldTrump should have been aborted. #FuckTrump and while I’m at it #Fuck @FLOTUS for being a whore that fucks this piece of after birth abortion,eng,hasoc_en_1059,0,0,0,0,1,0,0,0,0,0,1,1
The Offiical Press release by Doctors   #Savethedoctors  #DoctorsFightBack @republic @TimesNow @MirrorNow @IndiaToday https://t.co/KHvj5jhFp4,eng,hasoc_en_1060,0,0,0,0,0,0,0,0,0,0,0,0
I love you #London!!!! Thank you for your support!!! #FuckTrump #TrumpVaginaNeck #ImpeachTheMotherFucker https://t.co/tZt7n5Nngu,eng,hasoc_en_1063,0,0,0,0,0,0,1,0,0,0,1,1
A very good initiative taken by @AdvTahirSDPI By filing PIL against Mansoor Khan founder and director of IMA group.  May Allah Help you brother @AdvTahirSDPI and may everyone get their hard earned money back.    #IMAJewels #IMAFraud #IMA #IMAFraudCase    https://t.co/uFeCruJFK0,eng,hasoc_en_1064,0,0,0,0,0,0,0,0,0,0,0,0
We Hold Scalpel To Operate And Cure  Not Guns To Treat Mankind Insecure    We Give Painkillers To Reduce Your Pain Not Wound To Make You Blood Stained We Cure Secure And Serve As True Nationalist   We Are Doctors Not Terrorists !   #DoctorsFightBack,eng,hasoc_en_1065,0,0,0,0,0,0,0,0,0,0,0,0
Embassies worldwide are defying Trump &amp,eng,hasoc_en_1066,1,0,0,0,0,0,0,0,0,0,0,1
#FuckTrump BREAKING: Trump asserts executive privilege to block access to census documents–President Don… via @POLITICO for iOS https://t.co/ondOP9Bayz,eng,hasoc_en_1067,1,0,0,0,0,0,0,0,0,0,0,1
Rallies will be held across #US tomorrow for #impeachment of @realdonaldtrump. Check local #grassroots for details. Prove that we do not tolerate the hatred that has crippled this country #impeachtrump #impeach45 #fucktrump #notmypresident #collusion #traitor #criminal https://t.co/DrGE3ilc6C,eng,hasoc_en_1068,0,0,0,0,0,0,0,0,0,0,0,0
If you can tweet for Syria and Paris .  Why not for doctors of your own country ?   Such a shame that cm of Bengal is doing injustice to doctors and the normal public is silent.  #DoctorsFightBack #SaveTheSaviour https://t.co/WAoAmpGqcI,eng,hasoc_en_1069,0,0,0,0,0,0,0,0,0,0,0,0
Some much needed clarification after #trumps unhinged comments yesterday.    #TrumpResignNow #TuckFrump #TrumpIsATraitor #ThursdayThoughts    FACT CHECK: Foreign Interference And 'Opposition Research' Are Not The Same https://t.co/xy34VWVsvA,eng,hasoc_en_1074,0,0,0,0,0,0,0,0,0,0,0,0
#ICC ...look at pak team...wht is going on.....nw this is appropriate...???boycott icc ...  #DhoniKeepsTheGlove https://t.co/FFbXAKDbF9,eng,hasoc_en_1075,0,0,0,0,0,0,1,0,0,0,1,1
Spectacular Win over Australia #TeamIndia   The captain and players has worked hard to defeat the Australian Team.  Also #DhoniKeepsTheGlove!!  #INDvAUS #CWC19 #WorldCup2019 #ViratKohli #ICCWorldCup2019     @BCCI @ICC @cricketworldcup,eng,hasoc_en_1076,0,0,0,0,0,0,1,0,0,0,1,1
THAT IS WHO HE IS!!!! #douchebag #shallow #nothinginside #thebachelorette,eng,hasoc_en_1077,0,0,0,0,0,0,1,0,0,0,1,1
#HappyBirthdayMrPresident?  Nope. GO FUCK YOURSELF is more like it.     #fucktrump,eng,hasoc_en_1078,0,0,0,0,0,0,0,0,0,0,0,0
Butterfly Eco SS Water Bottles from Rs.145    https://t.co/1sjwBwzoru    https://t.co/KLsD5lkRAp    #DoctorsFightBack #SaveBengal #amazon #flipkart #deals #dealoftheday #amazingdeals #offers #discount #JaiShreeRam #ModiForAll,eng,hasoc_en_1079,0,0,0,0,0,0,0,0,0,0,0,0
#ShameOnICC  @cricketworldcup #CWC19 had to be the best but due to the minor thoughts of @ICC it turned worst  @cricbuzz @BCCI can host the  tournaments best...  #ENGvsWI #WIvENG #CWC2019  Listen Michael Phelps claims the WC trophy coz he is best swimmer  @englandcricket shame on you,eng,hasoc_en_1080,0,0,0,0,0,0,0,0,0,0,0,0
@realDonaldTrump @foxandfriends @FoxNews Its 8:43 did i miss it? Awwww #fucktrump,eng,hasoc_en_1081,0,0,0,0,0,0,0,0,0,0,0,0
@msdhoni @BCCI @thebharatarmy  Every person who is attending next match of Indian team vs australia should wear a t shirt or clothing with balidaan insignia printed on it. That would be good response to ICC.😎😎  #DhoniKeepTheGlove   #DhoniKeepsTheGlove,eng,hasoc_en_1082,0,0,0,0,0,0,0,0,0,0,0,0
#TraitorTrump just flat out admitted he’s a #RussianAsset  https://t.co/e8Uf4zVTs4  #TrumpIsATraitor,eng,hasoc_en_1083,0,0,0,0,0,0,0,0,0,0,0,0
East Turkestan National Anthem  https://t.co/lgPRDPZZh3  #Uyghur #FreeUyghur #EastTurkistan #StopChina #BoycottChina #Genocide #ウイグル #RT,eng,hasoc_en_1084,0,0,0,0,0,0,1,0,0,0,1,1
Hilarious because closely brushing the truth 😂🤣😂🤣😆😉  #BorisJohnsonShouldNotBePM   Boris Johnson dodging public debates to avoid inadvertently fathering a child during one - https://t.co/fkY6BG4mMD via @newsthump,eng,hasoc_en_1086,0,0,0,0,0,0,0,0,0,0,0,0
#Icc can support a terrorist country(#Pakistan)to participate in wc tournament but they refushed a true country lover #Dhoni sir to wear his 'Balidaan' sign gloves.  #shameonyouicc 👎👎🖕🖕  #DhoniKeepsTheGlove 👍👍🤘🤘  #DhoniKeSaathDesh 🇮🇳🇮🇳🇮🇳  #DhoniKeepBalidaanBadgeGlove,eng,hasoc_en_1087,0,0,0,0,0,0,0,0,0,0,0,0
How big of a #douchebag must one be to do this to a #Lamborghini?     #lambo #ATLTraffic https://t.co/8hd8zXyM9X,eng,hasoc_en_1091,0,0,0,0,0,0,0,0,0,0,0,0
House Approves Court Action to Enforce Democrats’ Subpoenas #Resist #ResistTrump #FuckTrump https://t.co/Ts9QkCQHE3,eng,hasoc_en_1092,0,0,0,0,0,0,0,0,0,0,0,0
Who is @ICC to decide? @ICC @BCCI @cricketworldcup #DhoniKeepsTheGlove #DhoniVsICC,eng,hasoc_en_1093,0,0,0,0,0,0,0,0,0,0,0,0
This is so disturbing #murderer  #nurse   https://t.co/ldUPB9hk8Y,eng,hasoc_en_1094,0,0,0,0,0,0,0,0,0,0,0,0
#TrumpIsATraitor #ITMFA   Trump Now Says He Would ‘Absolutely’ Report Foreign Help https://t.co/EGUCKeEs7J,eng,hasoc_en_1097,1,0,0,0,0,0,0,0,0,0,0,1
#CWC19 #WC2019WithTimes #ICCWorldCup2019 #ShameOnICC @ICC should hold famous indian 'Denga Pani' world cup in this weather rather than #CricketWorldCup2019 #cricketlive @BCCI @CricketNDTV @Sports_NDTV @BBCSport @ECB_cricket #INDvPAK #INDvsPAK #INDvNZ #CricketKaCrown,eng,hasoc_en_1098,0,0,0,0,0,0,0,0,0,0,0,0
I dunno. Syphilis red?  -mao  #BillClinton #rapist #HillaryClinton #RapistEnabler #orangemanbad https://t.co/QS1eoVHsue,eng,hasoc_en_1100,0,0,0,0,0,0,0,0,0,0,0,0
Let's support our Doctors 🤗  #doctors_against_assualt #DoctorsProtest #DoctorsFightBack #doctor #Doctors #DoctorStrike https://t.co/6bqvqtzlZN,eng,hasoc_en_1101,0,0,0,0,0,0,0,0,0,0,0,0
@SassyKadiK Good riddance. That's why I put #fucktrump in my bio.😀I really think there are some fake resisters on here.,eng,hasoc_en_1102,0,0,0,0,0,0,0,0,0,0,0,0
@kylegriffin1 So in other words they intend to do exactly what he said in the ABC interview.     #TrumpsAnInternationalDisgrace   #TrumpIsATraitor,eng,hasoc_en_1103,0,0,0,0,0,0,0,0,0,0,0,0
@matthwatson @TheRealOJ32 We know the real OJ. #murderer,eng,hasoc_en_1105,0,0,0,0,0,0,0,0,0,0,0,0
@ICC I really want rain wash away #INDvPak  match ..... I oppose it.  #terroristNationPakistan,eng,hasoc_en_1106,0,0,0,0,0,0,0,0,0,0,0,0
@MamataOfficial is really lost her mind n plot completely.. She has cross psychic levels to satisfy the minority as what she feels can keep her in power but sadly not.. 😏😏    #DoctorsFightBack  #BengalBurning  #SaveBengalFromTMC    @ZeeNews  @sudhirchau,eng,hasoc_en_1107,0,0,0,0,0,0,0,0,0,0,0,0
If ICC allowed Dhoni to wear military  insignia in his Gloves then Fakhar should  be allowed to put a photo of ABhinandan  on his Helmet on 16th June.  #PAKvIND #Savage  #DhoniKeepsTheGlove   #Copied,eng,hasoc_en_1108,0,0,0,0,0,0,0,0,0,0,0,0
#ShameOnICC in INDIA the SCHOOL KID  know how to use WHEATHER FORECAST before going.....but ..ICC DON'T KNOW   how to use?? ....make me OFFICIAL of ICC....,eng,hasoc_en_1110,0,0,0,0,0,0,1,0,0,0,1,1
I liked the pledge of £350m/wk for the #NHS - @MattHancock do you think @BorisJohnson will make good on his pledges in the order he promised them?    If so he's got a lot to do if he'll sort the internet out by 2025.    #BorisJohnsonShouldNotBePM https://t.co/DkQujogvnG,eng,hasoc_en_1111,0,0,0,0,0,0,0,0,0,0,0,0
@INCIndia @BJP4India #NDA  'Blame is your own..'  'Covering up 'a lack of Democracy' within the CON 'Regress' is not going to improve the fortunes of your Party.'  #congressmuktbharat https://t.co/GV2DmQtO6X,eng,hasoc_en_1113,0,0,0,0,0,0,0,0,0,0,0,0
Official logo of this #WorldCup2019 after some modifications. #ShameOnICC #INDvPAK #Future https://t.co/6aTTnMB5pV,eng,hasoc_en_1115,0,0,0,0,0,0,0,0,0,0,0,0
This is why i love this motherfucker...    Shuts people down easily    #ArabForPresident  #FuckTrump https://t.co/nnufeKXPPn,eng,hasoc_en_1116,0,0,0,0,0,0,0,0,0,0,0,0
@losingmycool She is more of a Patriot then that treasonous Russian loving trump. #fucktrump,eng,hasoc_en_1118,1,0,0,0,0,0,0,0,0,0,0,1
@RepMattGaetz #Georgepopodoplis   Say it with us GEORGE POPODOPOLIS  Not benghazi.     #trumprussia only hire the best people.    #Benghazi #GymJordan   #Milkshake #douchebag,eng,hasoc_en_1119,0,0,0,0,0,0,0,0,0,0,0,0
Read it. Slowly   #Savethedoctors #DoctorsStrike #DoctorsFightBack https://t.co/e4qAfWRble,eng,hasoc_en_1125,0,0,0,0,0,0,0,0,0,0,0,0
@GOPLeader Happy #JohhMcCainDay @realDonaldTrump !  #TrumpIsATraitor  #MAGATraitor,eng,hasoc_en_1126,0,0,0,0,0,0,0,0,0,0,0,0
@realDonaldTrump @foxandfriends @FoxNews Enjoy? Your narcissism knows no bounds. #PrinceOfWhales #TrumpIsATraitor,eng,hasoc_en_1127,0,0,0,0,0,0,0,0,0,0,0,0
No Whitehouse visit this year!  #WetheNorth #FuckTrump,eng,hasoc_en_1128,0,0,0,0,0,0,0,0,0,0,0,0
Painted this in Islington #Boris4PM #BorisJohnsonShouldNotBePM #Boris #Art #Islington #London #PrimeMinister #JeremyHunt #borisbehindbars #politics #politicalcartoons #Political https://t.co/hx3QY6EQyw,eng,hasoc_en_1129,0,0,0,0,0,0,0,0,0,0,0,0
Happy #JohnMcCainDay     #JohnMcCainDayJune14   #FathersDay   #FuckTrump   #ImpeachTrump https://t.co/wZqlEuIXKB,eng,hasoc_en_1130,0,0,0,0,0,0,0,0,0,0,0,0
@JesseFFerguson @ryan1self Don’t forget they haven’t done a White House press briefing in about a year and just fired @PressSec Sarah BS Sanders. #TrumpIsATraitor,eng,hasoc_en_1131,0,1,0,0,0,0,0,0,0,0,0,1
@RepAndyHarrisMD @POTUS Let’s not forget ...    Today is #JohnMCainDay which is infinitely more celebratory than the birthday of a pathological lying corrupt criminal traitor.    #TrumpIsATraitor   #TrumpIsACriminal   #TrumpIsAMoron   #TrumpIsANationalSec,eng,hasoc_en_1132,0,0,0,0,0,0,0,0,0,0,0,0
@nedprice @Thirteen_IN It’s classic #IdiotTrump MO.,eng,hasoc_en_1134,0,0,0,0,0,0,0,0,0,0,0,0
Only people who are truly safe in Bengal are:  - Mamata Banerjee &amp,eng,hasoc_en_1135,0,0,0,0,0,0,0,0,0,0,0,0
Johnson has wimped out of a live Channel 4 TV debate on Sunday night. He will be represented by an empty chair ..  https://t.co/WiyeugmCyl    #BorisJohnsonShouldNotBePM  #BollocksToBoris  #BollockstoBrexit https://t.co/XXLOVNb0td,eng,hasoc_en_1136,0,0,0,0,0,0,0,0,0,0,0,0
⁦@RepJerryNadler⁩ shuts down Jordan during hearing: I'm speaking.  One thing we can always count on ⁦@Jim_Jordan⁩ being a #DoucheBag     https://t.co/b1dECLHzvR,eng,hasoc_en_1138,0,0,0,0,0,0,0,0,0,0,0,0
Imagine wishing a traitor bigot a happy Birthday....guess inbred trailer Trash needs a hobby too!!!🤔😡🖕🖕🖕🖕🖕🖕🖕 #TrumpIsATraitor https://t.co/p3Fgr0trZ8,eng,hasoc_en_1139,0,0,0,0,1,0,1,0,0,0,1,1
@BridgetSterli19 It's so satisfying yet horrifying.#fuckTrump,eng,hasoc_en_1140,0,0,0,0,0,0,0,0,0,0,0,0
The 'new law' fake promises are coming!     #SaveTheDoctors  #SAVETHESAVIOUR   #DoctorsStrike   #doctors_against_assualt   #DoctorsFightBack https://t.co/4TwxarIel0,eng,hasoc_en_1143,0,0,0,0,0,0,0,0,0,0,0,0
OH HELL NO! #FuckTrump https://t.co/E9BKqVx1cx,eng,hasoc_en_1144,0,0,0,0,0,0,0,0,0,0,0,0
@ANINewsUP @ANI I could crack a joke about it but that wouldn’t make it any bit the merrier! This is sad beyond the depths of the deepest pits.... #rapist,eng,hasoc_en_1146,0,0,0,0,0,0,0,0,0,0,0,0
What’s worse than a hillbilly?  How about a hillbilly revving a 4-wheelers engine in his driveway for 45 min!  #douchebag!,eng,hasoc_en_1147,0,0,0,0,0,0,0,0,0,0,0,0
What will you do #icc on 16th match of india vs pakistan there same weather like previous match fans are waiting for prope decision from #icc... better you shift all matches to other ground or make some good solution on this regard...#ShameOnICC,eng,hasoc_en_1148,0,0,0,0,0,0,0,0,0,0,0,0
Yeah...hard pass. #FuckTrump https://t.co/ajt52brVc0,eng,hasoc_en_1151,0,0,0,0,0,0,0,0,0,0,0,0
How can I remove all OJ Twitter posts from my timeline?  #Murderer,eng,hasoc_en_1153,0,0,0,0,0,0,0,0,0,0,0,0
Hahaha someone is scared. #tRumpIsATraitor https://t.co/s7Xxspk6dN,eng,hasoc_en_1154,0,0,0,0,0,0,0,0,0,0,0,0
Why in the hell is OJ Simpson on Twitter now???? Who would be stupid enough to follow him on here or even tweet to him?? #Murderer,eng,hasoc_en_1155,0,0,0,0,1,0,1,0,0,0,1,1
@ICC @cricketworldcup 13 year preparations for this ?#washoutworldcup #ShameOnICC https://t.co/hOBijZtv7m,eng,hasoc_en_1158,0,0,0,0,0,0,0,0,0,0,0,0
Prominent white supremacists are still on YouTube in wake of ban #Resist #ResistTrump #FuckTrump https://t.co/rS1m7H9Z2C,eng,hasoc_en_1159,0,1,0,0,0,0,0,0,0,0,0,1
Either rain or  one sided games. This World Cup sucks big fucking time. @ICC @cricketworldcup #ShameOnICC #RainStopsMatch #ENGvsWI #CWC #INDvNZ #WorldCup,eng,hasoc_en_1160,0,0,0,0,0,0,0,0,0,0,0,0
Deleting 33k emails with recipes in them is the real obstruction... 🤣🤣🤣🤣🤣🤣🤣🤣🤣🤣🤣🤣🤣🤣🤣🤣🤣🤣🤣🤣🤣 #dickhead https://t.co/Ens564GEm5,eng,hasoc_en_1162,0,0,0,0,0,0,0,0,0,0,0,0
#WorldCup2019 trophy re- designed 😂  #ShameOnICC #CWC19   #RainStopsMatch #Rainyworldcup https://t.co/RpFRxCfkh4,eng,hasoc_en_1163,0,0,0,0,0,0,0,0,0,0,0,0
@jaketapper Just abysmal. Anything to make Comrade Trump happy. #TrumpIsATraitor,eng,hasoc_en_1164,1,0,0,0,0,0,0,0,0,0,0,1
The fraudster(s) behind IMA Ponzi scheme    #IMAfraud #IMAScam    https://t.co/eXL1CtNe4f,eng,hasoc_en_1166,0,0,0,0,0,0,0,0,0,0,0,0
Doctors please remember that no liberal secular supposedly socialist person has come to support you it's only the bhakts who are supporting you. Do remember who it stands with justice and fair play.#DoctorsFightBack   #राष्ट्र_प्रथम,eng,hasoc_en_1169,0,0,0,0,0,0,0,0,0,0,0,0
With the real @BorisJohnson running scared &amp,eng,hasoc_en_1170,0,0,0,0,0,0,0,0,0,0,0,0
Trump said something about China that isn't even close to true #Resist #ResistTrump #FuckTrump https://t.co/uomdpLPUGr,eng,hasoc_en_1172,1,0,0,0,0,0,0,0,0,0,0,1
Wow this fucktard really just said that he wouldn't have allowed Kim Jung Un's haha brother cooperate with the #CIA under his presidency #WTF #FuckTrump #BeScared https://t.co/EVJ2T4Q1Od,eng,hasoc_en_1173,0,0,0,0,0,0,0,0,0,0,0,0
Doctors are not punch bags 😠😠😠 #BengalDoctorsStrike #DoctorsProtest #DoctorsFightBack #DoctorsStrike #doctors_against_assualt,eng,hasoc_en_1174,0,0,0,0,0,0,0,0,0,0,0,0
@realDonaldTrump Did I forget to wish you a VERY HAPPY  #JohnMcCainDay   #ImpeachTrumpNow   #TrumpIsATraitor,eng,hasoc_en_1175,0,0,0,0,0,0,0,0,0,0,0,0
Trump Says in Oval Office Interview If Russia Offered Dirt on His 2020 Opponent He’d Do Exactly What He Did Before—Take It #Resist #ResistTrump #FuckTrump https://t.co/mGM7eImay6,eng,hasoc_en_1177,1,0,0,0,0,0,0,0,0,0,0,1
Slazenger Footwear from Rs.449 @ 88% Off    https://t.co/jlltfTlHKl    #DoctorsFightBack #SaveBengal #amazon #flipkart #deals #dealoftheday #amazingdeals #offers #discount #JaiShreeRam #ModiForAll,eng,hasoc_en_1179,0,0,0,0,0,0,0,0,0,0,0,0
@MyloMegha Here everyone supports doctors &amp,eng,hasoc_en_1180,0,0,0,0,0,0,0,0,0,0,0,0
@nealxg This is an insult to real Americans!! #TrumpSupportersarestupid #trumpisatraitor #trumpisaliar #TrumpIsAMoron #fucktrump,eng,hasoc_en_1182,0,0,0,0,0,0,1,0,0,0,1,1
Sarah Sanders failed in almost every aspect of her job #Resist #ResistTrump #FuckTrump https://t.co/dZWdVrtnc0,eng,hasoc_en_1183,0,0,0,0,0,0,0,0,0,0,0,0
He sounds and acts like Steven Seagal doing his best (or worst) version of a New York tough guy. Or is this an outake from the Sopranoes? #TrumpResign #TrumpIsATraitor #TrumpMustResign #TrumpsAnInternationalDisgrace https://t.co/WvvYJwy2yC,eng,hasoc_en_1184,0,0,0,0,0,0,0,0,0,0,0,0
Do you think ICC not giving permission to Dhoni to use gloves with Army Insignia sign is justified?  #DhoniKeepTheGlove #ICCWorldCup2019 #BalidaanBadge #IndiaWithDhoni #dhonikeepstheglove,eng,hasoc_en_1185,0,0,0,0,0,0,0,0,0,0,0,0
If I haven’t said it today FUCK TRUMP 😂🤷‍♀️ #fucktrump,eng,hasoc_en_1186,1,0,0,0,0,0,0,0,0,0,0,1
@GOPChairwoman @PressSec @realDonaldTrump How about a statement on Donald's interview with @GStephanopoulos?    #TrumpIsATraitor,eng,hasoc_en_1187,0,0,0,0,0,0,0,0,0,0,0,0
The #Hypocrisy of @BorisJohnson in its full glory!  The man is a fraud #Brexit is his con.   #Boris   #BorisJohnsonShouldNotBePM  #ToryLeadershipContest   #ToryLeadershipDebate https://t.co/B9xrkE2J24,eng,hasoc_en_1189,0,0,0,1,0,0,0,0,0,0,0,1
I thought they are getting down but dhoni's glove argument made me think twice about everything I mean what kinda of intolerancy they are facing from the insignia basically every indian should say something because that insignia is the pride 🇮🇳🇮🇳 #DhoniKeepsTheGlove,eng,hasoc_en_1190,0,0,0,0,0,0,0,0,0,0,0,0
#indianmedia @aajtak @ndtvindia @IndianExpress don't u guys wonder only team to have played all there matches in this raining summer have been #England &amp,eng,hasoc_en_1191,0,0,0,0,0,0,0,0,0,0,0,0
Happy #JohnMcCainDay !     #FuckTrump   #ImpeachTrumpNow https://t.co/ggcFanQCJ5,eng,hasoc_en_1192,0,0,0,0,0,0,0,0,0,0,0,0
India vs Pakistan match should arrange @cricketworldcup on space centre to avoid rain.    #ShameOnICC   #INDvsPAK,eng,hasoc_en_1194,0,0,0,0,0,0,0,0,0,0,0,0
Entitled privileged attitude of the British elite establishment mafia ruling class..... says it all and why #borisjohnson #BorisJohnsonShouldNotBePM #C4Debate https://t.co/PGlPM3Kv9q,eng,hasoc_en_1197,0,0,0,0,0,0,0,0,0,0,0,0
Itne badhe event k liye proper planning krna chahiye tha....dranege system and comfortable cover ka use hona chahiye tha...is trh kaise hr match cancel hota rhega✊👊👊🤛😡😡😡 #ShameOnICC,eng,hasoc_en_1198,0,0,0,0,0,0,0,0,0,0,0,0
#unfollowtrump Happy #JohnMcCainDay #fucktrump https://t.co/LYFf3kMYgU,eng,hasoc_en_1200,0,0,0,0,0,0,0,0,0,0,0,0
@sagenaradamuni @bjptarunchugh @NaMo_Ganesh @HarishK04131926 @HIMESH_SS @mattarhegde @YashpalBJP @DheerajGbc @Harvansh_Batra @VictoryForNamo @narendramodi177 @LillyMaryPinto @narendramodi @sukanyaiyer2 @meenakshisharan @Meenu_71 @RamsaBJYM @bakoriya_kirti,eng,hasoc_en_1201,0,0,0,0,0,0,0,0,0,0,0,0
@ChrisEvans Johnny in Fantastic4   #missioncomplete #dickhead,eng,hasoc_en_1202,0,0,0,0,0,0,0,0,0,0,0,0
Man of the match RAIN  Man of the series RAIN  winner of world cup 2019 RAIN  The trophy of WORLD CUP 2019 thrown in sea.  #ShameOnICC,eng,hasoc_en_1204,0,0,0,1,0,0,0,0,0,0,0,1
@realDonaldTrump If you were a good person no one would believe the 'lies' told about you and you wouldnt have to waste your time defending yourself. Perhaps you are really just a #douchebag Accepting this reality will be the first step in recovery.,eng,hasoc_en_1205,0,0,0,0,0,0,0,0,0,0,0,0
@lizpeek @rdnagy Says someone who doesn't know how to punctuate.  #TrumpIsATraitor,eng,hasoc_en_1207,0,0,0,0,0,0,0,0,0,0,0,0
@ICC mindly disturb to the Indian team in world cup matches  1.. Bumarh medical test and   2..Dhoni gloves issue   @BCCI  To take care Indian squad ICC only focused on Indian squad please take care our  squad #DhoniKeepTheGlove #DhoniKeepsTheGlove,eng,hasoc_en_1209,0,0,0,0,0,0,0,0,0,0,0,0
@NPAShq I saw the helicopter UKP04 circling around Culcheth. I'm a citizen concerned for my safety so please can you tell me what has happened? #ukp04 #npas #culcheth #murderer #missingperson #prisonbreak #escapedprisoner #alien #polarbearwithchlamydia #p,eng,hasoc_en_1210,0,0,0,0,0,0,0,0,0,0,0,0
Violence is not the answer. It doesn't get you what you've lost nor does it give you the satisfaction of justice. Doctors deserve better than this.   #DoctorsFightBack #Srinivasdubba,eng,hasoc_en_1212,0,0,0,0,0,0,0,0,0,0,0,0
@RWPUSA @NorCalAntonio @nytimes #TrumpIsATraitor  He should be long gone by now.,eng,hasoc_en_1214,0,0,0,0,0,0,0,0,0,0,0,0
@realDonaldTrump I love it when you have these childish tantrums! Lol! #fucktrump #iamachild #smallpenis,eng,hasoc_en_1215,0,0,0,0,0,0,0,0,0,0,0,0
This must surely give the other candidates hope ...  #BorisJohnsonShouldNotBePM https://t.co/WFKFlmttKv,eng,hasoc_en_1216,0,0,0,0,0,0,0,0,0,0,0,0
Hear's hoping to soon being able to wish #POTUS45 a happy birthday when he is a private citizen.    Happy Holidays and Happy Flag Day!     Only thing that makes sense to me re #trump.    https://t.co/Tj9H30Ac4e    #FlagDay2019 #TwilightZone #TrumpIsATraitor https://t.co/87hqTqAi15,eng,hasoc_en_1219,1,0,0,0,0,0,0,0,0,0,0,1
So what's @BorisJohnson had to say for himself at this #C4debate then?     😂😂😂     #Dickhead #TurnUpYouSpoon,eng,hasoc_en_1220,0,0,0,0,0,0,0,0,0,0,0,0
@navikakumar How is this picture bears any relevance to #DoctorsFightBack protest? Who is the editors who are charged with content publishing?    @OpIndia_com https://t.co/zST98AW90r,eng,hasoc_en_1222,0,0,0,0,0,0,0,0,0,0,0,0
@Kokomothegreat So stupid it's scary. #IdiotTrump,eng,hasoc_en_1224,0,0,0,0,1,0,0,0,0,0,1,1
How a California Community Helped Hundreds of Migrants the Border Patrol Dropped at a Greyhound Station #Resist #ResistTrump #FuckTrump https://t.co/ae9VXxAk06,eng,hasoc_en_1225,0,0,0,0,0,0,0,0,0,0,0,0
Weather forecast before big tournaments are the basic things which is not done by @ICC also the worst umpiring is not seen.. coz @ICC is too busy arguing about @msdhoni's gloves! WOW great right!!! .. Aga icc padhavi vilaga vendrum😂😂  #DhoniKeepsTheGlove   #ICCWC2019,eng,hasoc_en_1226,0,0,0,0,0,0,1,0,0,0,1,1
@TheRealOJ32 Hey @TheRealOJ32 these hashtags came up under your name for some reason...  #murderer #killer #guilty #guiltyAF #doublemurder #brentwood #nakedgun,eng,hasoc_en_1227,0,0,0,0,0,0,0,0,0,0,0,0
@TheRealOJ32 Hey OJ! You need work? I've got some trees that need trimming and I'm looking for someone that's good with a blade. #murderer #rotinhell,eng,hasoc_en_1228,0,0,0,0,0,0,0,0,0,0,0,0
Pakistani players offered Namaz many times on ground then never get objection from ICC..  But MS Dhoni can't wear army insignia Gloves ??   #DhoniKeepsTheGlove,eng,hasoc_en_1230,0,0,0,0,0,0,1,0,0,0,1,1
@nytimes Whoever brought the charges against him should themselves be brought up on charges. #HumanRights #FuckTrump,eng,hasoc_en_1232,0,0,0,0,0,0,0,0,0,0,0,0
@ANI @ICC can see @msdhoni badge but doesn't see the ground was not covered.  Most developed Country in 🌏 and call 🏏 as the national sports Yet can't do anything for the biggest tournament. Learn something from #EdenGarden  #ShameOnICC #WorldCup2019 #ic,eng,hasoc_en_1233,0,0,0,0,0,0,0,0,0,0,0,0
@narendramodi @AmitShah @HMOIndia @PMOIndia @sambitswaraj @RakeshSinha01 @nsitharaman @BJP4India @OfficeOfRSP @rsprasad @smritiirani  🙏  We don't need to check D.O.B of a #Rapist.  If he is matured enough to Rape.  He is matured enough to be #Hanged.,eng,hasoc_en_1235,0,0,0,0,0,0,0,0,0,0,0,0
Well I laughed.   #dickhead https://t.co/hcQ1mlatgU,eng,hasoc_en_1237,0,0,0,0,0,0,0,0,0,0,0,0
#FEC Responds To #Trump Admitting He'd Commit A Felony To Win 2020 #TrumpIsATraitor #VoteBlue2020  https://t.co/gryvUprvWQ,eng,hasoc_en_1239,1,0,0,0,0,0,0,0,0,0,0,1
@realDonaldTrump Try all you want to Fat Donny. You are the WORST president in the history of our great nation. You will FOREVER be known as America’s Russian Manchurian president. #TrumpForPrison #TrumpIsATraitor,eng,hasoc_en_1241,0,0,0,0,0,0,0,0,0,0,0,0
Trump waves text of Mexico deal in front of reporters — but refuses to detail what it says #Resist #ResistTrump #FuckTrump https://t.co/mDEQzNTBLN,eng,hasoc_en_1243,1,0,0,0,0,0,0,0,0,0,0,1
@cmackinlay @BorisJohnson @Conservatives @BackBoris “I’m backing him because 65% of my people said to and not because I actually have an opinion or a spine of my own” #dickhead,eng,hasoc_en_1244,0,0,0,0,0,0,0,0,0,0,0,0
CNN reporter: Sanders hasn't held a briefing in 94 days #Resist #ResistTrump #FuckTrump https://t.co/cvplDrfJd5,eng,hasoc_en_1245,0,0,0,0,0,0,0,0,0,0,0,0
#DoctorsFightBack Angry Relatives Of Patients roughing up &amp,eng,hasoc_en_1246,0,0,0,0,0,0,0,0,0,0,0,0
Happy Birthday President Trump? How about #FuckTrump and fuck #TrumpBirthday? https://t.co/kMWgMk1051,eng,hasoc_en_1247,1,0,0,0,0,0,0,0,0,0,0,1
stop violence against doctors 🥼 https://t.co/RW5uCUuCiE  #DoctorsFightBack,eng,hasoc_en_1248,0,0,0,0,0,0,0,0,0,0,0,0
Happy #JohnMcCainDay   Happy #JohnMcCainDay   Happy #JohnMcCainDay   Happy #JohnMcCainDay     #ImpeachTheMF   #ImpeachTrumpNow   #ImpeachDonaldTrumpNOW   #ImpeachmentInquiryNow   #ImpeachmentHearingsNow   #fucktrump   #fucktrump   #FuckTrump https://t.co/nPduIkq1kG,eng,hasoc_en_1249,0,0,0,0,0,0,0,0,0,0,0,0
@TheRealOJ32 Coming soon to what? Confess your guilt? To kill again? To pay your civil debit? To rob again? To pretend you are still loved? You are a murderer. You will always be remembered as the man who got away with murder. No more juice.  #NicoleBrown,eng,hasoc_en_1250,0,0,0,1,0,0,1,0,0,0,0,1
If @ICC has any problem with @msdhoni Indian army's insignia then he should get a tattoo done for himself like @imVkohli or @hardikpandya7 to keep ICC's mouth shut |{https://t.co/Rq3fEYRGkq}  #DhoniKeepTheGlove #DhoniKeepsTheGlove #DHONI #IndianArmy #dhonigloves #DhoniKeSaathDesh https://t.co/fzc8scTEWZ,eng,hasoc_en_1251,0,0,0,0,0,0,0,0,0,0,0,0
#MalcolmNance Says #TraitorTrump Committed A Crime By Inviting More Election Interference #TrumpIsATraitor  https://t.co/HOzdDOjpRt,eng,hasoc_en_1252,1,0,0,0,0,0,0,0,0,0,0,1
This! #DitchMitch2020 #FlipSenateBlue2020 #VoteBlueNoMatterWho2020 #VoteBlue2020 #DoYourJobMitch #resist #FuckTrump #ResistTrump #TheResistance #VoteBlueNoMatterWho #VoteBlueToSaveAmerica #Resistance https://t.co/FFPMrCV1z7,eng,hasoc_en_1253,0,0,0,0,0,0,0,0,0,0,0,0
Raptor fans are pathetic cheering for an injury #douchebag #NBAFinals #warriors #Raptors,eng,hasoc_en_1254,0,0,0,0,0,0,0,0,0,0,0,0
@GlobalCalgary The Mayor @nenshi seemed far less concerned when he was pissing away millions on his Olympic legacy bid #dickhead,eng,hasoc_en_1256,0,0,0,0,0,0,0,0,0,0,0,0
@ktumulty #IdiotTrump So assassination is not as bad as what he’s experienced. #GlobalEmbarassmentTrump #TrumpForPrison,eng,hasoc_en_1257,0,0,0,0,0,0,0,0,0,0,0,0
#ShameOnICC    bcci for icc.. after worst management from icc..  'Important ye nhi voh chutiya hai  Important ye h ki voh hmara ladka..Hai..' 😂😂  #ICC #RainStopsMatch #ICCWorldCup2019 #CWC2019,eng,hasoc_en_1258,0,0,0,0,0,0,0,0,0,0,0,0
@MickySherriff73 Absolutely. Utter joke that he is even being considered. Clueless doesn’t even begin to cover it #BorisJohnsonShouldNotBePM,eng,hasoc_en_1260,0,0,0,0,0,0,0,0,0,0,0,0
@teluguinnews #DoctorsFightBack  #DoctorsProtest #India  Junior doctors in #Telangana hold protests in support of West Bengal doctors - India Today https://t.co/a3wklhw7J9 #WestBengal,eng,hasoc_en_1261,0,0,0,0,0,0,0,0,0,0,0,0
#ShameOnICC   We cricket lovers waited 4 years to witness this greatest Cricket tournament. And all the enthusiasm is now washed away by the rains in England.  ICC should have Focused more on #CWC2019 venue  than on someone's glove. 😏,eng,hasoc_en_1262,0,0,0,0,0,0,0,0,0,0,0,0
House committee passes bill to block Trump admin immigration changes #Resist #ResistTrump #FuckTrump https://t.co/6v52bNwxnl,eng,hasoc_en_1263,1,0,0,0,0,0,0,0,0,0,0,1
That is just tyrannical and insane! #FuckTrump #WaterProtectors #NoPipelines #PowerToThePeople https://t.co/eLEgBMqGR6,eng,hasoc_en_1264,0,0,0,0,0,0,0,0,0,0,0,0
Warner Brothers: Teenage Mutant Ninja Turtles ('90) Special Edition  Sign the Petition https://t.co/cauc2TxpeX via @Change #tmnt #Nickelodeon #sistercompany #NintendoDirectE3 #NBAFinals #aqachemistry #TuesdayMotivation #NintendoDirect #RedLine #newline #E32019 #resist #fucktrump,eng,hasoc_en_1265,0,0,0,0,0,0,0,0,0,0,0,0
@onefortySujit #ShameOnICC  ICC want something  fast and result  some one meet yamdut #WorldCup2019 https://t.co/LaAeT3nfBh,eng,hasoc_en_1267,0,0,0,0,0,0,0,0,0,0,0,0
#WestBengal #DoctorsProtest #KolkataViolence #protests #DoctorsStrike #DoctorsFightBack #BengalDoctorsStrike    #Bengal Doctors’ Protests Gain Momentum,eng,hasoc_en_1268,0,0,0,0,0,0,0,0,0,0,0,0
According to @ICC rule @msdhoni shouldn't wear the #BalidaanInsignia and Indian shouldn't always take the advantage of it's population.   #DhoniKeepsTheGlove   #DhoniKeSaathDesh   #IndvsAus   #DhoniAtCWC19   #DhoniKeepBalidaanBadgeGlove,eng,hasoc_en_1269,0,0,0,0,0,0,0,0,0,0,0,0
All the best to #TeamIndia for another swimming competition on Sunday against   #India 🇮🇳 #Pakistan. 🇵🇰     #INDvPAK #ShameOnICC  #CWC19 #CWC19Rains ☔☔ https://t.co/KtTKeIIUm7,eng,hasoc_en_1270,0,0,0,0,0,0,0,0,0,0,0,0
@RepBarbaraLee They don’t have the authority or legal right to do 98.5% of the shit they’re doing &amp,eng,hasoc_en_1272,0,0,0,0,0,0,0,0,0,0,0,0
WHoa 😮... WtF this shit is crazy 🤔🧐🤦🏾‍♂️ #rapist #pedophile   https://t.co/COvneyszzY,eng,hasoc_en_1274,0,0,0,0,0,0,0,0,0,0,0,0
#EastTurkistan World Wide Demonstration for Beijing Olympic. (Japan)  https://t.co/PsjNnzYpP1  #Uyghur #FreeUyghur #BoycottChina #ウイグル #RT,eng,hasoc_en_1275,0,0,0,0,0,0,0,0,0,0,0,0
#ICC what are you doing icc.why did you held the #CWC19 at england.#ShameOnICC,eng,hasoc_en_1276,0,0,0,0,0,0,0,0,0,0,0,0
Orenthal has joined Twitter. #Murderer,eng,hasoc_en_1277,0,0,0,0,0,0,0,0,0,0,0,0
#ShameOnICC  Britain better pray that #INDvPAK doesn't get rained out.     There will be riots otherwise.,eng,hasoc_en_1278,0,0,0,0,0,0,0,0,0,0,0,0
Between this fight of TMC &amp,eng,hasoc_en_1279,0,0,0,0,0,0,0,0,0,0,0,0
So Marco Rubio thinks I’m a #traitor because I don’t necessarily believe the habitually #lying @POTUS or the #murderer Mohamed Bin Salaam. I don’t believe the lying #murdering Iranian Clerics either. Fuck Marco Rubio’s dumb ass.,eng,hasoc_en_1280,0,0,0,0,0,0,0,0,0,0,0,0
You could make a drinking game every time Hannah jumps up on one of the bachelor's and wraps her legs around him. #barf #bachelorette #TheBachelorette @Andy @TMZ @HarveyLevinTMZ   #lukep #lukepisadick #kicklukepout #dickhead #fakeasfuck,eng,hasoc_en_1281,0,0,0,0,0,0,0,0,0,0,0,0
@cricketworldcup I will identify this kit by the his bag and pads the name of this legend is @msdhoni 🇮🇳🇮🇳🇮🇳  #DhoniKeepsTheGlove #CWC19,eng,hasoc_en_1282,0,0,0,0,0,0,0,0,0,0,0,0
@BBCr4today @BorisJohnson @JamesCleverly The EU has already said no..   This means no deal.  Parliament has already said no..  This means Johnson is screwed.    Also why isn't Johnson doing interviews.     #BorisJohnsonShouldNotBePM,eng,hasoc_en_1284,0,0,0,0,0,0,0,0,0,0,0,0
This Central Park 5 show is tough to watch. #FuckTrump,eng,hasoc_en_1285,0,0,0,0,0,0,0,0,0,0,0,0
@ShefVaidya @MamataOfficial It is really if you got stroke any one is delaying to give treatment you come to know so support @MamataOfficial #DoctorsFightBack,eng,hasoc_en_1286,0,0,0,0,0,0,0,0,0,0,0,0
Bless our @tedlieu. #TrumpIsATraitor #TrumpMustGo #TrumpMustResign https://t.co/ldOL3IJQcM,eng,hasoc_en_1287,0,0,0,0,0,0,0,0,0,0,0,0
#FuckTrump  'Happy Birthday Mr. President' I hope all them candles blow in the direction of that sprayed hair . Sticky looking Mother Fucker with no soul. Aint it time for him to see a Dr. ?? He is long past due.,eng,hasoc_en_1288,0,0,0,0,0,0,1,0,0,0,1,1
@ICC @icc please ask @ECB_cricket  to remove this logo   #DhoniKeepTheGlove   #DhoniKeepsTheGlove   #WorldCup2019 https://t.co/E20WzivLl1,eng,hasoc_en_1289,0,0,0,0,0,0,0,0,0,0,0,0
@Markfry809 I blocked him!  #MURDERER,eng,hasoc_en_1290,0,0,0,0,0,0,0,0,0,0,0,0
#IMAJewels   #Imafraud   Why is Ima Jewels Scam isn't a national news No big media house is covering this news on big level   The people of #Bengaluru have been cheated in this Fraud   We hate selected media coverage  @Republic_Bharat @abpnewstv @ZeeNewsHindi @Mimansa_Zee @dibang,eng,hasoc_en_1291,0,0,0,0,0,0,0,0,0,0,0,0
Too #innocent to be a #murderer. The Strange Killer: A Gripping Mystery Novel (The Missing Thieves Book 4) by ... https://t.co/WUUiCzM6Jc via @amazon,eng,hasoc_en_1292,0,0,0,0,0,0,0,0,0,0,0,0
Elizabeth Warren wants Congress to uphold its duty and impeach the President #Resist #ResistTrump #FuckTrump https://t.co/vXkJlwnPn1,eng,hasoc_en_1294,0,0,0,0,0,0,0,0,0,0,0,0
#DoctorsFightBack disagree fr special protection to doctors.@MamataOfficial should given dem confidence dat all r safe in WB.all citizens r protected by law dats it.Assualt on doctor should b investigated &amp,eng,hasoc_en_1295,0,0,0,0,0,0,0,0,0,0,0,0
@ICC  keep ur focus on umpiring then to have focus on dhoni's gloves....  #DhoniKeepsTheGlove,eng,hasoc_en_1297,0,0,0,0,0,0,0,0,0,0,0,0
@OmarAbdullah Shujaat Bukhari's murder was pre planned by Indian agencies and u like politicians... #murderer of innocent Kashmir's,eng,hasoc_en_1299,0,0,0,0,0,0,0,0,0,0,0,0
now every time i log in to twitter..there is some shaming going on.    #ShameOnKaranJohar  #ShameOnRohitShetty    And now-  #ShameOnICC,eng,hasoc_en_1301,0,0,0,0,0,0,0,0,0,0,0,0
Just tried writing a tweet in the search bar🤦‍♂️ #dickhead #toohigh,eng,hasoc_en_1304,0,0,0,0,0,0,0,0,0,0,0,0
oval office moron. &lt,eng,hasoc_en_1305,0,0,0,0,0,0,0,0,0,0,0,0
@realDonaldTrump Your still at 40% for the national average. Once again you're confusing Obama's rating of 50% as your own.  #FUCKTRUMP   #FUCKTRUMPSUPPORTERS   #FUCKREPUBLICANS,eng,hasoc_en_1307,0,0,0,0,0,0,0,0,0,0,0,0
If only ICC Officials focussed on planning the schedule and venue of World Cup 2019 as much as they focus on MS Dhoni's gloves. 😤😤😤 #INDvNZ #NZvIND #CWC19  #INDvPAK #PAKvIND #INDvNZ #NZvIND #CWC19    #TeamIndia     #CWC2010 #Dhoni #dhonikeepstheglove,eng,hasoc_en_1308,0,0,0,0,0,0,0,0,0,0,0,0
but why are we giving a mass murderer a standing ovation?? #murderer https://t.co/V8NrBDGmI1,eng,hasoc_en_1309,0,0,0,0,0,0,1,0,0,0,1,1
Would have loved to have seen these fingers broken. #GoAway #douchebag https://t.co/XFIVia6rGe,eng,hasoc_en_1312,0,0,0,0,0,0,0,0,0,0,0,0
@realDonaldTrump Why does the leader of the free world find the need to even care about the mayor of a city in another country????  #Pathetic #Sociopathic #Douchebag,eng,hasoc_en_1314,0,0,0,0,0,0,1,0,0,0,1,1
Like we are surprised. #ImpeachTrumpNow #TrumpIsATraitor https://t.co/1ncevzYQde,eng,hasoc_en_1316,0,0,0,0,0,0,0,0,0,0,0,0
@realDonaldTrump @USArmy #ArmyBDay and #JohnMcCainDay   Soon we await #ImpeachmentDay #FuckTrump,eng,hasoc_en_1317,0,0,0,0,0,0,0,0,0,0,0,0
@realDonaldTrump The United States of America needs a new President! #TrumpsAnInternationalDisgrace #TrumpIsAFraud #TrumpIsACriminal #TrumpIsATraitor,eng,hasoc_en_1321,0,0,0,0,0,0,0,0,0,0,0,0
Diverse Men's Solid Slim fit Formal Shirt (Pack of 2)  @ Rs.460 (mrp-1998)    https://t.co/Ervy33tZ7I    #DoctorsFightBack #SaveBengal #amazon #flipkart #deals #dealoftheday #amazingdeals #offers #discount #JaiShreeRam #ModiForAll,eng,hasoc_en_1322,0,0,0,0,0,0,0,0,0,0,0,0
I can't believe this is real. #trump #douchebag #pride2019 #Pride #PrideMonth #mikepence https://t.co/iUQ7p1RI6F,eng,hasoc_en_1323,1,0,0,0,0,0,0,0,0,0,0,1
A worrying headline - when even the @guardian uses 'Boris Johnson' and 'crown' in the same sentence.  #BorisJohnsonShouldNotBePM https://t.co/9sIAMXlnU2,eng,hasoc_en_1324,0,0,0,0,0,0,0,0,0,0,0,0
Episode 10: Fuck off Tommy! Molly-Mae has every right to be fuming!! You’re literally going round to all the boys saying your head has turned but yet you was like to Lucie and Molly-Mae no girl who walks in the Villa will turn my head! 🙄 pathetic #LoveIsIand #dickhead,eng,hasoc_en_1325,0,0,0,0,0,0,1,0,0,0,1,1
@GitaSKapoor @narendramodi BCCI ne captain ke sivay kishiko bhi wave back karne ko strictly mana Kiya hai.😁  Due to #DhoniKeepsTheGlove,eng,hasoc_en_1326,0,0,0,0,0,0,0,0,0,0,0,0
@hd_kumaraswamy @narendramodi Swamiji when we will get money from #TGSFraud and #DreamzGKFraud when you will show good gestures to 18000 people who lost money. In biggest scam.#IMAFraud #IMAJewels .  Your good friends are involved hence?Can you give to CB,eng,hasoc_en_1327,0,0,0,0,0,0,0,0,0,0,0,0
#ShameOnICC Icc and england cricket destroying big world cricket. England doesn't Deserve host the world cup. #sham https://t.co/vWdJV0HHrZ,eng,hasoc_en_1328,0,0,0,0,0,0,0,0,0,0,0,0
And lie some more #FuckTrump https://t.co/gqrgIxAejj,eng,hasoc_en_1329,0,0,0,0,0,0,0,0,0,0,0,0
Looks like @realdonaldtrump has a soulmate. #TrumpisaLiar #TrumpisaCrook #TrumpisaTraitor https://t.co/LxwJzOmIIF,eng,hasoc_en_1332,0,0,0,0,0,0,0,0,0,0,0,0
Mamta are you a human?  #DoctorsFightBack https://t.co/OeU3VECe0u,eng,hasoc_en_1333,0,0,0,0,0,0,0,0,0,0,0,0
It’s 2016 All Over Again #Resist #ResistTrump #FuckTrump https://t.co/9aTkUMgLOe,eng,hasoc_en_1334,0,0,0,0,0,0,0,0,0,0,0,0
Don't cancel matches due to Rain.  Just Give them Football.😉    #BCCI  #ICC  #ShameOnICC,eng,hasoc_en_1335,0,0,0,0,0,0,0,0,0,0,0,0
@TomSteyer @realDonaldTrump Yeh let all the illegals stay at your place Tom #douchebag,eng,hasoc_en_1338,0,0,0,0,0,0,0,0,0,0,0,0
@ashwaqM Should be hanged to death.    #Rapist,eng,hasoc_en_1339,0,0,0,0,0,0,1,0,0,0,1,1
New game...  How many dippin' sauces are in the pockets/purse of these two?  My guess?  47  #FuckTrump #SarahSanders https://t.co/CgoabRximn,eng,hasoc_en_1340,0,0,0,0,0,0,0,0,0,0,0,0
@realDonaldTrump Maybe dishonest polls. Maybe dishonest voters (say one thing and vote a different way). Maybe dishonest candidates. But not dishonest media they just report on the information they are given or uncover. #fucktrump #ImpeachDonaldTrump,eng,hasoc_en_1341,0,0,0,0,0,0,0,0,0,0,0,0
#Trump just confessed to being a traitor -   #TrumpIsATraitor  https://t.co/EkGv0T02fN,eng,hasoc_en_1342,1,0,0,0,0,0,0,0,0,0,0,1
#BrandonWebber  was a #murderer and #GTA     https://t.co/baHEN1084Y,eng,hasoc_en_1343,0,0,0,0,0,0,0,0,0,0,0,0
I don't trust polls. When our election is stolen via disinformation and hacking do we say 'I don't trust polls'.  Today I feel confident that the HOUSE will NOT allow another power to steal an election.  Today I trust the current polls...  #FucKtrump!  #BlueWave2020🌊🌊🌊🌊🌊🌊🌊🌊🌊 https://t.co/WdkIejFFHh,eng,hasoc_en_1347,1,0,0,0,0,0,0,0,0,0,0,1
@realDonaldTrump Literally just called the majority of our population losers.    #SenileAF #StableGenius #racist #rapist #pervert #treason #Resist #UnstablePresident #25thAmendmentNow,eng,hasoc_en_1349,0,0,0,0,0,0,0,0,0,0,0,0
Please don't Marsha Blackburn🤣🤣🤣  #TrumpIsATraitor #GOPtraitors #VoteBlueToSaveAmerica #UniteBlue https://t.co/4fpip5Rzqz,eng,hasoc_en_1350,0,0,0,0,0,0,0,0,0,0,0,0
@thehill Gotta hand it to Obama - at least he never met with foreign leaders in secret and destroyed the translators’ notes... #FuckTrump #MAGA #paytoplay,eng,hasoc_en_1351,0,0,0,0,0,0,0,0,0,0,0,0
The way @ICC is hosting the tournament in England without checking the weather conditions #ShameOnICC   If rains continues then @ICC should reschedule the matches  #CricketWorldCup2019,eng,hasoc_en_1352,0,0,0,0,0,0,0,0,0,0,0,0
#ShameOnICC: Indian Fans Unleash Their Wrath Upon ICC After Another World Cup Washout https://t.co/rIbQn4aveg,eng,hasoc_en_1353,0,0,0,0,0,0,0,0,0,0,0,0
@realDonaldTrump Trump cancels Iran Nuclear Deal.     Trump is surprised Iran won’t adhere to former Nuclear Deal (which Trump cancelled).     No wonder Don “The Art of the Deal” Trump has killed or bankrupted anything he touches.    #TrumpIsAMoron #Trump,eng,hasoc_en_1354,1,0,0,0,0,0,0,0,0,0,0,1
@DavidWohl @realDonaldTrump Now your boy Trump is going to start a war with Iran.  Trying hard to change narrative away from Obstruction and Impeachment.  #ImpeachTrumpNow #TrumpIsATraitor #resist https://t.co/fIpiLiU4UG,eng,hasoc_en_1356,1,0,0,0,0,0,0,0,0,0,0,1
@POTUS   @WhiteHouse   @FLOTUS   @EricTrump   @DonaldJTrumpJr   Happy #JohnMcCainDay !  #ImpeachTrumpNow   #TrumpIsATraitor https://t.co/bMNhCzKbTu,eng,hasoc_en_1357,0,0,0,0,0,0,0,0,0,0,0,0
💗THIS FRIDAY💗Jackhammer Complex at 9:30 @cher &amp,eng,hasoc_en_1360,0,0,0,0,0,0,0,0,0,0,0,0
@IvankaTrump This comment section is filled with Russian bots and NASCAR fans #FuckTrump,eng,hasoc_en_1361,0,0,0,0,0,0,0,0,0,0,0,0
#DhoniKeepsTheGlove don't change gloves make a sticker on it of your daughter's name.,eng,hasoc_en_1363,0,0,0,0,0,0,0,0,0,0,0,0
How will you take out before the 31st October  #BorisJohnsonShouldNotBePM https://t.co/TqPudJojCJ,eng,hasoc_en_1364,0,0,0,0,0,0,0,0,0,0,0,0
@FinancialXpress Who's responsible for mounts of 69 ....    #DoctorsFightBack #DoctorsProtest #DoctorsStrike @mangalpandeybjp @MoHFW_INDIA,eng,hasoc_en_1365,0,0,0,0,0,0,0,0,0,0,0,0
@TeamTrump @realDonaldTrump This comments thread is a real 'who's who' of whote supremecy! #TrumpsAmeriKKKa #TrumpDumpsters #FuckTrump #NotMyPresident #LockHimUp #LoserTrump #Criminal,eng,hasoc_en_1367,0,0,0,0,0,0,0,0,0,0,0,0
The #GOP loves how stupid #trump is! They are thriving off of it. #ImpeachmentNOW #Collusion #fucktrump #fuckthegop,eng,hasoc_en_1369,1,0,0,0,1,0,0,0,0,0,0,1
@IndiaToday @MamataOfficial   @PMOIndia : Why are you silent ?  #DoctorsFightBack   #DoctorStrike   #DoctorsProtest   #DoctorsUnderOppression   #doctor   #doctors_against_assualt,eng,hasoc_en_1370,0,0,0,0,0,0,0,0,0,0,0,0
@GavinNewsom Who voted for you!!  All about Trump as always. #douchebag,eng,hasoc_en_1371,1,0,0,0,0,0,1,0,0,0,0,1
@ssquirrel007 Hell yeah! I'm in! #fucktrump,eng,hasoc_en_1373,0,0,0,0,0,0,0,0,0,0,0,0
@BillCosby You forgot #rapist,eng,hasoc_en_1376,0,0,0,0,0,0,0,0,0,0,0,0
Funny how talking about remaking GOT s8 &amp,eng,hasoc_en_1377,0,0,0,0,0,0,0,0,0,0,0,0
I’d celebrate the better man any day #JohnMcCain was a hero and patriot  #TrumpIsANationalSecurityThreat Bone Spurs is Neither a patriot nor a hero  #TrumpIsATraitor #TrumpIsADisgrace #TrumpIsTheEnemyOfThePeople No one would say those things about McCain https://t.co/uojq8KmqLx,eng,hasoc_en_1378,0,0,0,1,0,0,0,0,0,0,0,1
We r With U @msdhoni Because U r Not Presenting Any Religious and Political Party in Stadium. U r Pride of India #DhoniKeepsTheGlove https://t.co/As6B6TUqwH,eng,hasoc_en_1379,0,0,0,0,0,0,0,0,0,0,0,0
I am with you @msdhoni  And I hope entire country with you this time #DhoniKeSaathDesh #DhoniKeepsTheGlove https://t.co/4DKm7aFKS1,eng,hasoc_en_1380,0,0,0,0,0,0,0,0,0,0,0,0
@realDonaldTrump @OANN #ImpeachTrumpNow  #TrumpIsATraitor  #TrumpResignNow  #Trump  #TrumpIsTheEnemyOfThePeople    Amazing how insecure @POTUS is that he has to tweet this https://t.co/dd9pw4deG5,eng,hasoc_en_1381,1,0,0,0,0,0,0,0,0,0,0,1
#rapist #rapevictim #evil #evilworld #rapevictim #secretdoorsunlocked #microtale   Read my thoughts on @YourQuoteApp #yourquote #quote #stories #qotd #quoteoftheday #wordporn #quotestagram #wordswag #wordsofwisdom… https://t.co/5m4s1hNaMg,eng,hasoc_en_1383,0,0,0,0,0,0,0,0,0,0,0,0
@billmaher  continues to try sooooo hard to remain relevant. #MSM is the only one who cares #LowRatings #LowIQ #DrugAddict #SexFiend #DoucheBag,eng,hasoc_en_1384,0,0,0,0,0,0,0,1,0,0,1,1
https://t.co/SV0zkbLaNZ    Written by one of the protesters in Kolkata. Read through their agony and pain.   #BengalDoctorsStrike #DoctorsProtest #DoctorsFightBack  #DoctorsStrike #DoctorsUnderOppression https://t.co/BrEbPYoZfO,eng,hasoc_en_1385,0,0,0,0,0,0,0,0,0,0,0,0
Save the doctors  save the democracy  #DoctorsFightBack  #SaveBengal https://t.co/tJ5XPVfNa3,eng,hasoc_en_1388,0,0,0,0,0,0,0,0,0,0,0,0
This is the main truth now #BalidanBadge #DhoniKeepsTheGlove https://t.co/uvm3D1mf76,eng,hasoc_en_1389,0,0,0,0,0,0,0,0,0,0,0,0
I’ve seen racer chases in women but this guy on your left is definitely a driver chaser.   #looser @austindillon3 #whenthemoneyrunsupyouwillbeforgotte #nascar #douchebag #wannabe #sucks #greatjobatbeingadouchebag https://t.co/00hoJbZWLX,eng,hasoc_en_1390,0,0,0,0,0,0,0,0,0,0,0,0
This shouldn't stop unless there's a strong action from the centre in the form of a law to protect doctors. #DoctorsFightBack #SaveTheDoctors https://t.co/dlZv91izwB,eng,hasoc_en_1392,0,0,0,0,0,0,0,0,0,0,0,0
@Steven_Swinford How does that help those who don’t reach the dizzying heights of a 40% tax bracket? #dickhead #cokehead,eng,hasoc_en_1393,0,0,0,0,0,0,0,0,0,0,0,0
Canada: Good at basketball  USA: Has basketball for President    In the words of the famous Robert de Niro: “#fucktrump',eng,hasoc_en_1394,0,0,0,0,0,0,0,0,0,0,0,0
@realDonaldTrump Not like Crif???🤷‍♂️  #SenileAF #StableGenius #racist #rapist #pervert #treason #Resist #UnstablePresident #25thAmendmentNow https://t.co/U3U26unzbB,eng,hasoc_en_1395,0,0,0,0,0,0,1,0,0,0,1,1
Come to Bengal and speak whatever language you want to.  We have seen what lingual terrorism can do during the Bangladesh Independence war and divisive politics will not work .  পশ্চিমবঙ্গ ভারতের একটি অংশ।     #DoctorStrike #DoctorsFightBack     #DoctorsFightBack,eng,hasoc_en_1398,0,0,0,0,0,0,0,0,0,0,0,0
Then #ABrandNewDayOUTNOW was released and it is AMAZING  And now #BoyWithLuv18thWin 🏆  #ShameOnICC @PlayBazaar @PlayBazzar #ABrandNewDayOutNow  #BoyWithLuv18thWin 🎉🎉🎉🎉🎉    Link Now https://t.co/bpgkmUDz5B https://t.co/UqLQufHtEK,eng,hasoc_en_1400,0,0,0,0,0,0,0,0,0,0,0,0
Choose one  #trumpcriminal #TrumpCriminal #trumpsucks #trump #trumpisatraitor #Trump #dumptrump #Repost #trumpisanidiot #trump💩 #muellerinvestigation #trumpisnotabovethelaw #impeachtrump #resist #fucktrump #muellertime #notmypresident,eng,hasoc_en_1401,1,0,0,0,0,0,0,0,0,0,0,1
@SenSchumer @realDonaldTrump @senatemajldr @SenateGOP Just like he flip flopped on Russia interference in our election. To I don't see why it would be #Russia to I don't see why it wouldn't be #Russia #TrumpRussia #PutinPuppet #TraitorTrump #TreasonousTru,eng,hasoc_en_1402,1,0,0,0,0,0,0,0,0,0,0,1
All they are concerned about who wore which badge. No wonder the popularity of the game is decreasing.   #ShameOnICC,eng,hasoc_en_1403,0,0,0,0,0,0,0,0,0,0,0,0
This is what your country will soon look like if you EVER let #China in-in any way‼️Finance/joint ventures/land ownership/infrastructure or 5G‼️Yes they own HK but we got complacent while Britain had it’s 99 year lease-this is no longer the #HongKong we knew!💔💔💔#BoycottChina🇨🇳 https://t.co/XHAM67GH7C,eng,hasoc_en_1404,0,0,0,0,0,0,1,0,0,0,1,1
@LeonardRoxon Great hair can't save the goofy bum toucher look on his face. #DoucheBag,eng,hasoc_en_1405,0,0,0,0,0,0,0,0,0,0,0,0
#DoctorsFightBack    @MamataOfficial   infant died by dr.chandrakala and hospital negligence.  how can they treat the patient through what's app?  how medical practice is allowed without incomplete infrastructure and equipments. Can you support us? It should not happened to others https://t.co/aCt5NQWb9g,eng,hasoc_en_1408,0,0,0,0,0,0,0,0,0,0,0,0
#DhoniKeepsTheGlove    Open challenge to ICC . Dhoni himself is a symbol of army.  You can ban his gloves but do you have the spine to ban MS Dhoni ?,eng,hasoc_en_1409,0,0,0,0,0,0,0,0,0,0,0,0
US embassy in Rome. #pride #pridemonth2019 #fucktrump https://t.co/8jv8ejYCVz https://t.co/vkf4lLTgRd,eng,hasoc_en_1410,0,0,0,0,0,0,0,0,0,0,0,0
We are loosing our freedom     #TrumpIsANationalSecurityThreat #TrumpIsATraitor #ImpeachmentInquiryNow #RussianAsset #Trump #ImpeachTrumpNow #ImpeachTheMFTraitor #ImpeachTheMFer https://t.co/AJYSa0uOYI,eng,hasoc_en_1411,1,0,0,0,0,0,0,0,0,0,0,1
@TheLastLeg #isitok that Nigel Farage says his 29% cannot be ignored yet the 48% remainders should be ignored?! #dickhead,eng,hasoc_en_1414,0,0,0,0,0,0,0,0,0,0,0,0
Yes dhoni Bhai you will keep the gloves because you are in army and you giving respect to army what is the matter #DhoniKeepsTheGlove,eng,hasoc_en_1416,0,0,0,0,0,0,0,0,0,0,0,0
#SAMIIBRAHIM #PakvsInd #FawadChaudhry #HinduSamarajyaDiwas #DoctorsFightBack #BoycottBankAlFalah Hahaha When You Type Bhikhari in Google Search It is Popping Up Imran Khan Pics 😂😂😂😂😂 https://t.co/hmmmzcxRYT,eng,hasoc_en_1417,0,0,0,0,0,0,0,0,0,0,0,0
@Emmablu1974 @GuntherGill Lol...I would slam the door in his face &amp,eng,hasoc_en_1419,0,0,0,0,0,0,0,0,0,0,0,0
Enough ALREADY!! #FuckTrump https://t.co/rfYR7Y87Yv,eng,hasoc_en_1420,0,0,0,0,0,0,1,0,0,0,1,1
@TheRealOJ32 The first tweet should be: 'I did it.'  And then you should shut up forever.  #MURDERER,eng,hasoc_en_1421,0,0,0,0,0,0,0,0,0,1,1,1
Analysis: Amash exposed a secret about conservatism under Trump #Resist #ResistTrump #FuckTrump https://t.co/JseDzEPYT7,eng,hasoc_en_1422,1,0,0,0,0,0,0,0,0,0,0,1
Something is really going wrong when the saviours are protesting to be saved  #DoctorsStrike #DoctorsFightBack  #BengalDoctorsStrike https://t.co/MQSxmS5P6J,eng,hasoc_en_1424,0,0,0,0,0,0,0,0,0,0,0,0
@realDonaldTrump Well HAPPY FU€KING BDAY TO YOU A$$HOLE....MAY IT BE YOUR LAST🙏🙏🙏🙏🙏 #TrumpIsATraitor #TrumpMustResign #TrumpsAnInternationalDisgrace #TrumpResignNow #DumpTrump #TrumpsBirthday is his last🙏,eng,hasoc_en_1425,0,0,0,0,0,0,0,0,0,0,0,0
@AdamKinzinger #FutzPuck  #warmongeringAss  #dickhead  #ZEROCredibility  #WouldNotKnowTheTruthIfIfWereSlappedUpsideYourStupidFace  #HaHaHaTrumpPickedAWomanForAirForceSecretary  #NOTYOULOL  #YouSuck  #VoteBlueNotYou   lol @Stonekettle Knows You Are A PUTZ!,eng,hasoc_en_1426,0,0,0,0,0,0,0,0,0,0,0,0
Who's next on the hit list? #SarahSandersResigns   #TrumpCrimeSyndicate #TrumpAdministration   #TrumpIsATraitor #CorruptGOP #TrumpMustResign https://t.co/qotxtcfs6O,eng,hasoc_en_1427,0,0,0,0,0,0,0,0,0,0,0,0
#Resist #resistance   #fucktrump  Who needs $ to get that baby in the air ?? https://t.co/R6jvweJWSh,eng,hasoc_en_1428,0,0,0,0,0,0,1,0,0,0,1,1
@LindseyGrahamSC @realDonaldTrump Hey it's your old friend's day! #JohnMcCainDay #JohnMcCainDayJune14 #JohnMcCainDayJune14th #JohnMcCainAmericanHero   vs.  #TrumpCriminalInvestigations #TrumpIsATraitor #TrumpsAnInternationalDisgrace #TrumpResignNow   See,eng,hasoc_en_1431,0,0,0,0,0,0,0,0,0,0,0,0
I am watching rain on Star Sports peacefully  But World Cup Matches interuppt it.  #ShameOnICC,eng,hasoc_en_1432,0,0,0,0,0,0,0,0,0,0,0,0
If Dhoni is allowed to keep that badge then we will soon see Pakistani players sporting big logos of Pakistani Rangers on their jerseys. And then we will see @ICC banning such things completely by amending the rules.   #IndiaWithDhoni #DhoniKeepsTheGlove #DhoniKeSaathDesh,eng,hasoc_en_1433,0,0,0,0,0,0,0,0,0,0,0,0
@JohnnyMercerUK No! Any politican who says 'trust me' and has a record of serial breaking that trust CANNOT BE TRUSTED! Ever. #BorisJohnsonShouldNotBePM,eng,hasoc_en_1434,0,0,0,0,0,0,0,0,0,0,0,0
@KimKardashian @IvankaTrump You’re a Kardashian politician!  Nothing to be proud of!  Daily photos of people who need help are better than photos of wealthy assholes laughing at the rest of us!  #Trump #TrumpIsATraitor #TrumpsAnInternationalDisgrace #Ivan,eng,hasoc_en_1435,1,0,0,0,0,0,0,0,0,0,0,1
Is dhoni playing with that gloves  #DhoniKeepsTheGlove,eng,hasoc_en_1436,0,0,0,0,0,0,0,0,0,0,0,0
@kathygriffin She done texted me for real y’all!!  Love you Kathy!  You are so funny and so smart. I’m honored that you texted me! #fucktrump https://t.co/nQGwXYieVF,eng,hasoc_en_1437,0,0,0,0,0,0,1,0,0,0,1,1
@prakas_pr @AGNEEPATHVIJAY @ICC @englandcricket @ECB_cricket No words  #ShameOnICC,eng,hasoc_en_1438,0,0,0,0,0,0,0,0,0,0,0,0
East Turkestan In 50 Seconds  https://t.co/GH1hIkbxOO  #Uyghur #FreeUyghur #EastTurkistan #China #StopChina #BoycottChina #Genocide #ウイグル #RT,eng,hasoc_en_1439,0,0,0,0,0,0,1,0,0,0,1,1
@hardball Guests @NatashaBertrand &amp,eng,hasoc_en_1440,0,0,0,0,0,0,0,0,0,0,0,0
@astype Me too! I guess calling him a serial #RAPIST didn't go over so well... 😳  #BlockedByCosby 😊,eng,hasoc_en_1442,0,0,0,0,0,0,0,0,0,0,0,0
The Funniest Protest Signs From Trump’s Visit To The UK  #FuckTrump #TrumpSucks  Here are the funniest protest signs made by some brilliant UK citizens… https://t.co/fa4Xfgp4nE,eng,hasoc_en_1444,1,0,0,0,0,0,0,0,0,0,0,1
@realDonaldTrump No such thing... except when you’re describing how you harass us. #douchebag #dumptrump #voteblue #byefelicia,eng,hasoc_en_1445,0,0,0,0,0,0,0,0,0,0,0,0
Proud of my alma mater. Violence against doctors on duty is not acceptable.  #RGKar #DoctorsFightBack #DoctorsProtest https://t.co/7hDWDa8VO2,eng,hasoc_en_1447,0,0,0,0,0,0,0,0,0,0,0,0
ICC Rejects Permission for Army Insignia on MSD's Gloves   #ICCWorldCup #DhoniKeepsTheGlove #DhoniKeSaathDesh #BCCI #ICC #MSD #ARMY #BalidaanBadge https://t.co/xHMTVH6ts4,eng,hasoc_en_1449,0,0,0,0,0,0,0,0,0,0,0,0
Connect the Dots to See Where Trump’s Taking Us #Resist #ResistTrump #FuckTrump https://t.co/uW4Z0CQfAw,eng,hasoc_en_1450,1,0,0,0,0,0,0,0,0,0,0,1
@realDonaldTrump The Motley Crew?Seriously Donald? I guess its better than being the Putin Crew. #TrumpIsATraitor #TrumpConspired #LiarInChief #IllegitimatePOTUS #ImpeachmentInquiryNow,eng,hasoc_en_1451,0,0,0,0,0,0,0,0,0,0,0,0
#ShameOnICC just go out and stop the rain in india - pak match,eng,hasoc_en_1452,0,0,0,0,0,0,0,0,0,0,0,0
#BorisJohnsonShouldNotBePM   You must watch this https://t.co/5tl7L0Hzsq,eng,hasoc_en_1453,0,0,0,0,0,0,0,0,0,0,0,0
Changed in last five years     1.First decide religion of the #rapist.   2.if #Muslim hang them otherwise protect(some protect them 4 politics not all)  3.whatever the crime is done first decide religion.   4.if you say something not happening good in #india means you are a #traitor.,eng,hasoc_en_1454,0,0,1,0,0,0,0,0,0,0,0,1
@igitwp I’m not gonna waste my time on someone who believes in conspiracies #wasteoftime #fuckoff #dickhead #scatterbrain #provaccines #9/11wAsaninsidejob #thefrogsaregay #nibba,eng,hasoc_en_1456,0,0,0,0,0,0,0,0,0,0,0,0
@realDonaldTrump @foxandfriends @FoxNews Just heard parts of it. It’s clear that   #TrumpIsATraitor   #TrumpLiesEveryTimeHeSpeaks   #DerangedDonald   #TrumpIsUnhinged   #TrumpIsADisgrace   #UnfitForOffice   #VoteBlueToSaveAmerica   #TrumpColluded,eng,hasoc_en_1457,0,0,0,0,0,0,0,0,0,0,0,0
All supporters in field must carry placard with balidan insignia #DhoniKeepsTheGlove,eng,hasoc_en_1458,0,0,0,0,0,0,0,0,0,0,0,0
Bengal healthcare in coma as over 700 doctors quit     READ: https://t.co/QfezMA4YJA     #DoctorsFightBack #DoctorsStrike https://t.co/DbYp87UcEI,eng,hasoc_en_1463,0,0,0,0,0,0,0,0,0,0,0,0
New India is fighting against Fraud leaders    Doctors fighting Mamta in Bengal    Engineers like E Sreedharan fighting in Delhi     #DoctorsFightBack   #MetroMan,eng,hasoc_en_1465,0,0,0,0,0,0,0,0,0,0,0,0
The 🧕☪️🕋🐽 Islamic onslaught in West Bengal: A saga that started long before the current state regime made it worse   #WestBengalClashes  #India Modi  @PMOIndia @rsprasad @AmitShah @narendramodi    #Savethedoctors  #DoctorsFightBack https://t.co/rJlK7gL8fM via @opindia_com,eng,hasoc_en_1466,0,0,0,0,0,0,0,0,0,0,0,0
@benmaller And people switching to the day shift will live longer. #fact. @benmaller is trying to shorten people's lives. He is a killer. #murderer,eng,hasoc_en_1467,0,0,0,0,0,0,0,0,0,0,0,0
@johnpavlovitz @realDonaldTrump Perhaps you prefer the #rapist #BillClinton or the #murderer #HillaryClinton ?,eng,hasoc_en_1468,0,0,0,0,0,0,0,0,0,0,0,0
2018/2019  Budgeted Operating expenses for PM House was 12 Crore Rs.  Actual operating expenses incurred are 18.5 Crore Rs.    #TellThem  #AltafHussain  #imranhataomulkbachao,eng,hasoc_en_1471,0,0,0,0,0,0,0,0,0,0,0,0
Evening Retweet Party!! 🥳🥳🥳     For @CajunBlueAZ1 come on #resisters let’s show her some love 💙❤️💙❤️  #ResistTogether   #fucktrump  #DumpTrump2020   #Unite2020   #VoteBlueNoMatterWho     It's simple     Just follow all who :    Like :    Retweets :    Comment :,eng,hasoc_en_1473,0,0,0,0,0,0,1,0,0,0,1,1
#DoctorsFightBack    Doctors playing in the hands of bjp and bjp is not going to let it go this easily.,eng,hasoc_en_1474,0,0,0,0,0,0,0,0,0,0,0,0
Congratulations Michael Phelps for winning Cricket World Cup 2019    #ShameOnICC https://t.co/q3mN7GtnkF,eng,hasoc_en_1475,0,0,0,0,0,0,0,0,0,0,0,0
Yesterday's #INDvsNZ match .😂😂😂 #ShameOnICC https://t.co/TM2j0MFNkk,eng,hasoc_en_1476,0,0,0,0,0,0,0,0,0,0,0,0
Fuck Trump and anybody who voted for that Lyin POS!  #FuckTrump https://t.co/sudpYAU1Eu,eng,hasoc_en_1477,1,0,0,0,0,0,0,0,0,0,0,1
So hanging out in the ER tonight.. doc thought severe numbness &amp,eng,hasoc_en_1478,0,0,0,0,0,0,0,0,0,0,0,0
This @abhishekroy works at RML Hospital and was a student of  #KolkataMedicalCollege. Listen to what he has to say over the ongoing face-off of between Doctors and @AITCofficial government. #doctors_against_assualt #DoctorsFightBack #DidiVsDoctors     @mayukhrghosh  @SreyashiDey https://t.co/afnprIaIha,eng,hasoc_en_1482,0,0,0,0,0,0,0,0,0,0,0,0
All critical patients and term pregnant ladies are being given due care in all hospitals! Help us keep yellow journalism at bay! DON'T QUESTION OUR HUMANITY.  #DoctorsFightBack #Savethedoctors #Bengal @narendramodi @ZeeNews @republic @ArnabGoswamiRtv @sabya_mukherjee @sumersethi https://t.co/Pgl6Yrh11h,eng,hasoc_en_1485,0,0,0,0,0,0,0,0,0,0,0,0
Pull the wool from over your eyes people!!     Rest assured the #douchebAG Barr has cleverly destroyed any damaging evidence and constructed a proper defense for any misconduct claims which may arise.    Hook.Line.Sinker! https://t.co/hE3FdjRR3F,eng,hasoc_en_1487,0,0,0,0,0,0,1,0,0,0,1,1
Please do not follow O.J.Simpson. We don't need to give ANOTHER egomaniacal narcissist a platform...Thank you. #OJSimpson #evil #MURDERER,eng,hasoc_en_1488,0,0,0,0,0,0,0,0,0,0,0,0
Today's World Trending #ShameOnICC  😜    #ICCWorldCup2019 #ICCWorldCup #INDvNZ https://t.co/JWgLyobHNi,eng,hasoc_en_1496,0,0,0,0,0,0,0,0,0,0,0,0
#IdiotTrump Flips Out At #FoxNews And Falsely Claims #Taxes Aren't #Tariffs https://t.co/6PjlZOPoH1,eng,hasoc_en_1497,0,0,0,0,0,0,0,0,0,0,0,0
Warrior Woman Thursday retweet party for @BeamMEupET237  #001    #DumpTrump2020   #fucktrump    Follow her     Then follow all  Who    Like :    Retweets :    Comments :    Vett as u go     Let's unite with Theresa 💙 https://t.co/gnY5CiohuB,eng,hasoc_en_1498,0,0,0,1,0,0,0,0,0,0,0,1
#ToryLeadershipDebate Brexit #Brexit Boris Johnson #borisjohnson #BorisJohnsonShouldNotBePM #Boris https://t.co/2KQrLppQDn,eng,hasoc_en_1499,0,0,0,0,0,0,0,0,0,0,0,0
Cannot wait until Sunday &amp,eng,hasoc_en_1500,0,0,0,0,0,0,0,0,0,0,0,0
Saw this earlier. I'd just like to confirm to the world that Brock Turner (#BrockTurner) is indeed still a rapist (#rapist) https://t.co/4tMujZ6oMn,eng,hasoc_en_1501,0,0,0,0,0,0,0,0,0,0,0,0
The beauty at its beauty. Well crafted. High Performance. #OnePlus7Pro in new 'Almond'    @suriyaisthebest @Pavankumarnamba @Siva79999352 @JillaMassVijay - Get it now on @amazonIN 👇    #OnePlus7 #OnePlus7IsHere #OnePlus7Pro #OnePlus  #ShameOnICC #FridayMotivation #FridayFeeling,eng,hasoc_en_1502,0,0,0,0,0,0,0,0,0,0,0,0
Who needs to see Boris in a debate? This is all we need to know. #BorisJohnsonShouldNotBePM #ScotlandDoesntVoteTory #DemocracyIsAJoke #GlobalElite https://t.co/Xvh1dLKEWK,eng,hasoc_en_1503,0,0,0,0,0,0,0,0,0,0,0,0
Luke at it again. Hero. ♡♡♡#fucktrump https://t.co/GWHwVpmffM,eng,hasoc_en_1504,0,0,0,0,0,0,0,0,0,0,0,0
ICC you can stop dhoni but can't stop his fans . 🇮🇳 Jai Hind .  #Msd #DhoniKeepsTheGlove #CWC19 #INDvAUS #BalidanBadge https://t.co/0ASG73UmO4,eng,hasoc_en_1506,0,0,0,0,0,0,0,0,0,0,0,0
Token strike today. Various hosp &amp,eng,hasoc_en_1507,0,0,0,0,0,0,0,0,0,0,0,0
#ImpeachTrumpNow WE NEED TO REMOVE THIS MOTHERFUCKER RIGHT NOW!!! AMERICA HAS FALLEN TO IDIOTS!!! #FUCKTRUMP,eng,hasoc_en_1508,0,0,0,0,0,0,1,0,0,0,1,1
#DoctorsFightBack #DoctorsProtest #DoctorsStrike dear media &amp,eng,hasoc_en_1511,0,0,0,0,0,0,0,0,0,0,0,0
This tweet is only in solidarity of of all my Doctor friends across the country. You deserve better than this. Way better than this.     #DoctorsFightBack .,eng,hasoc_en_1512,0,0,0,0,0,0,0,0,0,0,0,0
Hump Day High Noon Retweet Party. 🥳🥳🥳     For @Ironhorse76 come on #resisters let’s show her some love 💙💙    #fucktrump  #DumpTrump2020   #Unite2020   #VoteBlueNoMatterWho     It's simple     Just follow all who :    Like :    Retweets :    Comment : https://t.co/GD4KbWL3hP,eng,hasoc_en_1513,0,0,0,0,0,0,0,0,0,0,0,0
Hump Day retweet party🥳🥳🥳   for my Ex #twitterwife @fuckthewall2019     #Extwitterwife  #fucktrump  #DumpTrump2020   #Unite2020   #VoteBlueNoMatterWho     It's simple     Just follow all who :    Like :    Retweets :    Comment : https://t.co/L9bUc5AdXn,eng,hasoc_en_1514,0,0,0,0,0,0,0,0,0,0,0,0
@ICC @cricketworldcup @UberEats #shameonicc  Waiting for 4 years for such a grand Tournament and four-matches are abandoned next time be focused on the venue instead on the wicketkeeper's gloves,eng,hasoc_en_1515,0,0,0,0,0,0,0,0,0,0,0,0
#ShameOnICC for organising such an important tournament at such a time when half of the matches are getting washed away...... https://t.co/rYwp6ORTPk,eng,hasoc_en_1516,0,0,0,0,0,0,0,0,0,0,0,0
Priceless! 🤣   Reliving old memories with your son!   'Melania T' 😜     #FuckTrump https://t.co/TAELLltN7T,eng,hasoc_en_1518,0,0,0,0,0,0,0,0,0,0,0,0
Ladies and gentlemen...... I give you Boris Johnson your next PM 😱🤦‍♂️     #scotlandsforeurope #Scotland #ScotlandisNow #IndyRef2 #Scotref #BorisJohnsonShouldNotBePM #BorisJohnson https://t.co/rE2CMU5Vmc,eng,hasoc_en_1520,0,0,0,0,0,0,0,0,0,0,0,0
@DanielCollins85 @Muscles4851 @BeattieDoug @ColmDore Doug is a fence jumper looking for relevance. If or when a war crimes tribunal (doubtful) is set up to look into Afghanistan or Iraq Dougy will not be so outspoken. His book will be used as evidence aga,eng,hasoc_en_1521,0,0,0,0,0,0,0,0,0,0,0,0
#NRSMCH  Kolkata incident shouldn't have happened .They must be given justice not because they are doctors but they are human  being.   #DoctorsUnderOppression #DoctorsFightBack,eng,hasoc_en_1522,0,0,0,0,0,0,0,0,0,0,0,0
Mass Murderer Yasin Malik has human rights but doctors don't have!    Save doctors of your state before crying for save democracy.    West Bengal want Freedom from @MamataOfficial.     West Bengal want freedom from violence and political Terrorism.    #DoctorsFightBack #DoctorsStrike,eng,hasoc_en_1523,0,0,0,0,0,0,0,0,0,0,0,0
#TrumpIsNotTheMessiah #TrumpIsACriminal #TrumpIsANationalSecurityThreat #TrumpIsAFraud #TrumpIsATraitor #TrumpIsAMoron     The Belief That Trump Is a Messiah Is Rampant and Dangerous | Psychology Today https://t.co/teXC8y1agk,eng,hasoc_en_1524,1,0,0,0,0,0,0,0,0,0,0,1
Who's excited for the debates in 2 weeks? #DEMOCRATS2020 #BLUEWAVE2020 #KEEPTHEWAVEGOING #FUCKTRUMP #DUMPTRUMP,eng,hasoc_en_1525,0,0,0,0,0,0,0,0,0,0,0,0
@siddtalks @ZeeNews Its @NEWS9 airing the Fraud n Duping by #IMAfraud #ImaJewels in Bangalore for last 4-5 days.Most biggies of politics from Bangalore seems to be under pressure.,eng,hasoc_en_1526,0,0,0,0,0,0,0,0,0,0,0,0
I request all Muslim friends to keep the money in bank here onwards if your not feeling like taking interest from that please contribute same to poor people or disabled people.. Dont get cheated by the name of religion #IMAJewels #Imafraud #Imascam @MuslimAdvocates @muslimvoices,eng,hasoc_en_1527,0,0,1,0,0,0,0,0,0,0,0,1
Non doctor but sensible people of this country. This is thought to ponder upon. Voice your opinion. Share your your happy stories abkut health care.  Stay with Doctors. Show your solidarity.  #DoctorsFightBack https://t.co/CmMXUtpc46,eng,hasoc_en_1528,0,0,0,0,0,0,0,0,0,1,1,1
Our voices shall be heard ! This cause needs more media coverage because public health and education do matter and being oppressed in this brutal way is NOT okay ! #medicalstudent #DoctorsUnderOppression #DoctorsFightBack #DoctorsProtest https://t.co/ngSsN3lVFH,eng,hasoc_en_1529,0,0,0,0,0,0,0,0,0,0,0,0
@realDonaldTrump I hope you do not have a Happy Birthday Mr. President. You can go and kiss my skinny 16 year old ass because never will you ever be my goddamn president and I don’t care what the hell you think!!! #FuckTrump https://t.co/EaxFfvOPGI,eng,hasoc_en_1530,0,0,0,0,0,0,1,0,0,0,1,1
Missouri Lawmakers Are Desperate to Make Sure Voters Don’t Have a Say When It Comes to Abortion #Resist #ResistTrump #FuckTrump https://t.co/I9CWKFCXdl,eng,hasoc_en_1531,0,0,0,0,0,0,0,0,0,0,0,0
@BCCI every single Indian who r going to watch #WorldCup2019 in stadium...plz take army insignia with you #DhoniKeepsTheGlove #IndiaWithDhoni #DhoniKeSaathDesh #BalidaanBadge,eng,hasoc_en_1532,0,0,0,0,0,0,0,0,0,0,0,0
#IAgreeWithRory @RoryStewartUK #BorisJohnsonShouldNotBePM #C4debate #BritishandAshamed so sorry @AgnesCPoirier #YellowRose 💛 from #BritInFrance 💐 https://t.co/6OKwenJKwe,eng,hasoc_en_1533,0,0,0,0,0,0,0,0,0,0,0,0
@natacchelpline Who does the voice over for your advert because he has the exact same voice as Ian Huntley and I think of him every time I hear it. #murderer #NationalAccidentHelpline,eng,hasoc_en_1534,0,0,0,0,0,0,0,0,0,0,0,0
#BorisJohnson isn't daft- he wasn't on #C4Debate and he didn't attend the Q&amp,eng,hasoc_en_1535,0,0,0,0,0,0,0,0,0,0,0,0
#MarshallUniversity Ex #Student Fights #College Over Fate of Alleged #Rapist https://t.co/FZvguG55Qc,eng,hasoc_en_1536,0,0,0,0,0,0,0,0,0,0,0,0
@Madonna Thank God for U! #MadameX #Madonna #Crave #madonnapride #PrideMonth #pride  Fuck the haters  #fucktrump #garbage,eng,hasoc_en_1539,0,0,0,0,0,0,0,0,0,0,0,0
@realDonaldTrump … says the guy who was installed by Putin!    #NotMyPresident   #ImpeachTrumpNow   #TrumpIsATraitor,eng,hasoc_en_1540,0,0,0,0,0,0,0,0,0,0,0,0
In most cases over recent years it has involved unwillingness to pay fees &amp,eng,hasoc_en_1541,0,0,0,0,0,0,0,0,0,0,0,0
@ReignOfApril @Oprah @OWNTV Consumate Asssssssssshoooooooooole @realDonaldTrump had a significant hand in that trauma.     #FuckTrump,eng,hasoc_en_1542,0,0,0,0,0,0,0,0,0,0,0,0
Thank you @nedprice for doing what @kwelkernbc didn't!! @msnbc keep that hag Conway OFF THE AIR!! #VOTEBLUE2020 #Resist #Resistance #TheResistance #FuckTrump #DoYourJobMitch #DitchMitch  #VoteBlueNoMatterWho #VoteBlueToSaveAmerica #FlipTheSenate #TraitorTrump https://t.co/6TS44b1QQG,eng,hasoc_en_1543,0,0,0,0,0,0,1,0,0,0,1,1
Do u support him for his action? Is this right or wrong? Comment below👇👇👇 #DhoniKeepTheGlove #DhoniKeepTheGloves #Dhoni #DhoniKeepsTheGlove #dhonigloves #DhoniVsICC #DhoniKeepBalidaanBadgeGlove #mahendrasinghdhoni #WorldCup2019 #WC2019WithTimes https://t.co/jjzYZPa045,eng,hasoc_en_1544,0,0,0,0,0,0,0,0,0,0,0,0
More evidence piles in.      Happy #JohnMcCainDay #TrumpIsATraitor #TrumpCrimeFamily #Oreo #DitchMitch2020 #arrestBARR  #Vets https://t.co/1R3hhH3mxW,eng,hasoc_en_1545,0,0,0,0,0,0,0,0,0,0,0,0
@BCCI you contribute around 30% of the total @ICC 's revenue. Despite this you are acting helpless.              Take a stand. Be brutal when it comes to our Indian Para Forces.   #BalidaanBadge is our national pride.  #DhoniKeepsTheGlove    Thank you @ms,eng,hasoc_en_1549,0,0,0,0,0,0,0,0,0,0,0,0
Where were the IMA &amp,eng,hasoc_en_1550,0,0,0,0,0,0,0,0,0,0,0,0
Happy #JohnMcCainDay @realDonaldTrump you fat piece of shit! #fucktrump https://t.co/KZT0pK8Ogj,eng,hasoc_en_1551,0,0,0,0,0,0,0,0,0,0,0,0
Eton College. School Report. 1982. https://t.co/R7jT92nuhX #BorisJohnsonShouldNotBePM,eng,hasoc_en_1552,0,0,0,0,0,0,0,0,0,0,0,0
I genuinely can’t believe Nazanin still hasn’t been released. Even more unbelievable is that Boris Johnson could be our next PM. Our Government should hang their heads in shame. #FreeNazanin #BorisJohnsonShouldNotBePM https://t.co/T6aXIv8M14,eng,hasoc_en_1553,0,0,0,0,0,0,0,0,0,0,0,0
White House Reportedly Blocked Written Testimony of Official on Climate Change #Resist #ResistTrump #FuckTrump https://t.co/dtvr8sbVXs,eng,hasoc_en_1555,0,1,0,0,0,0,0,0,0,0,0,1
@realDonaldTrump This is the report that your own people have not briefed you on because they don't trust you where Russia is involved. Your own insider's know you are compromised by russia.  #TrumpIsADisgrace   #TrumpIsATraitor   #RussianAsset  #PutinPup,eng,hasoc_en_1556,0,0,0,0,0,0,0,0,0,0,0,0
Are you going to Donate Blood today?   You can save a lot of people today...    #donateblood #donate #WorldBloodDonorDay #NBAFinals #FridayMotivation #FridayFeeling #ShameonICC #WeTheNorth #instagramdown #SaveBengal #SCOSummit2019 https://t.co/RXv1669BeA,eng,hasoc_en_1557,0,0,0,0,0,0,0,0,0,0,0,0
Where does a douchebag get fitted? https://t.co/pi5e6X1vRk #trump #douchebag #donjr #erictrump #jaredkushner #menswearhouse #TrumpUKVisit,eng,hasoc_en_1559,1,0,0,0,0,0,0,0,0,0,0,1
@grahamlithgow #JohnnyMercer said he wants Britain back on it's feet again It's #BREXIT that's knocked Britain off it's feet Solution to the problem is to #revokearticle50  #borisjohnson @BorisJohnson #BorisJohnsonShouldNotBePM,eng,hasoc_en_1560,0,0,0,0,0,0,0,0,0,0,0,0
Pic 1:- Indian grounds    pic 2:- Others grounds    #ShameOnICC #INDvNZ #CWC19 https://t.co/eaBkxe55X4,eng,hasoc_en_1561,0,0,0,0,0,0,0,0,0,0,0,0
Count duckula and igor or @BorisJohnson  and @Jacob_Rees_Mogg ?  #conservativeleadership #ToryLeadershipContest #BorisJohnsonShouldNotBePM https://t.co/F58Mde8qav,eng,hasoc_en_1562,0,0,0,0,0,0,0,0,0,0,0,0
Day 5th. No trace of Aircraft. #AN32Aircraft #MissingAN32.  #DhoniKeepsTheGlove #DhoniKeepTheGloves #DhoniAtCWC19 #Dhoni @ysjagan @PrashantKishor @pappuyadavjapl @dileepyadavjnu @yadavakhilesh @Mayawati @yadavtejashwi @laluprasadrjd https://t.co/eRqY3ZuvYf,eng,hasoc_en_1563,0,0,0,0,0,0,0,0,0,0,0,0
@ICC @bcci @msdhoni #DhoniKeepsTheGlove     If u can allow namaz on ground    If u allow save gaza band    If u allow salute on ground    Then whats wrong in balidaan badge    R u a fool icc or its clear u hv double standard u r not keeping ur words    Wo,eng,hasoc_en_1566,0,0,0,0,0,0,0,0,0,0,0,0
#ShameOnICC who is better,eng,hasoc_en_1567,0,0,0,0,0,0,0,0,0,0,0,0
Hey Is It True The Obama's R Getting A Divorce?  #ObamaMyPresident #FuckTrump,eng,hasoc_en_1568,0,0,0,0,0,0,0,0,0,0,0,0
#DhoniKeepsTheGlove Anything Abrahamic cricketing countries display on field = ok. #cricket journos and writers (including Indian) have high population of #Hinduphobic leftists. hypocrisy a clear indication of the #Hinduphobia to come.,eng,hasoc_en_1569,0,0,0,0,0,0,0,0,0,0,0,0
This cop called for America to slaughter all ‘sodomite reprobates.’ They’re letting him ‘retire.’ #Resist #ResistTrump #FuckTrump https://t.co/2gu2um9WfK,eng,hasoc_en_1573,0,0,0,0,0,0,0,0,0,0,0,0
#India request Doctors kindly  immediately call off the strike. Newborns are dying without their help #DoctorsProtest #DoctorsFightBack #DoctorsStrike,eng,hasoc_en_1574,0,0,0,0,0,0,0,0,0,0,0,0
Read #borisjohnson's @Wikipedia page,eng,hasoc_en_1575,0,0,0,0,0,0,0,0,0,0,0,0
Can we do a FB party for those that have gotten screwed over?   For everyone who ended up in Twitmo?   Let’s get some followers back.   #TrumpIsTheEnemyOfThePeople   #TrumpIsADisgrace   #TrumpIsAFraud   #TrumpIsATraitor   #TrumpIsAMoron   Please RT and follow back! https://t.co/kfEpIJwnTH,eng,hasoc_en_1576,0,0,0,0,0,0,0,0,0,0,0,0
@realDonaldTrump WRONG Stop with the lies you sick evil  #DEMENTED   #LyingTrump   #PutinsPuppet   #TRUMPcriminalIMPEACHMENT   #TrumpCrimeFamily   #locktrumpup   Just resign you will never lie you way out of this.   #TrumpIsATraitor,eng,hasoc_en_1578,0,0,0,0,0,0,0,0,0,0,0,0
@realDonaldTrump FAKE NEWS #TrumpIsATraitor #TrumpRussia #TrumpLies #TrumpCrimeFamily #TrumpMustGo,eng,hasoc_en_1579,0,0,0,0,0,0,0,0,0,1,1,1
Justin Bieber challenges Boris Johnson to a TV debate  https://t.co/Mm4ChBZtcJ  #ToryLeadershipDebate #borisjohnson #JustinBieber #politics #comedy @haveigotnews @NewsjackBBC @bbcbreakthenews @PrivateEyeNews @TheNewsQuiz @BBCNowShow #BorisJohnsonShouldNotBePM,eng,hasoc_en_1581,0,0,0,0,0,0,0,0,0,0,0,0
Being a doctor onbehalf of entire medical fraternity.   #Savethedoctors #SAVETHESAVIOUR #DoctorsProtest   #DoctorsFightBack   #medicalstudent #DoctorsStrike   #DoctorsUnderOppression https://t.co/xu4xMbLMAb,eng,hasoc_en_1583,0,0,0,0,0,0,0,0,0,0,0,0
@realDonaldTrump Well isn't that the pot calling the kettle ZERO CREDIBILITY 😂😂😂😂 Maybe if you didn't LIE ABOUT EVERYTHING you'd have an ounce of credibility but we all know you #TrumpIsATraitor and you will be leaving very soon. #TrumpDerangementSynd,eng,hasoc_en_1584,0,0,0,0,0,0,0,0,0,0,0,0
#FUCKTRUMP LETS GO #BIDEN2020😂😂 https://t.co/aOW3YBV4E5,eng,hasoc_en_1585,0,0,0,0,0,0,0,0,0,0,0,0
ICC should never mess with #Dhoni because #DHONIKESAATHDESH     https://t.co/qs6wft1mim…     #dhonigloves #DhoniKeepBalidaanBadgeGlove #DhoniKeepsTheGlove https://t.co/nt6mNbmD2y,eng,hasoc_en_1586,0,0,0,0,0,0,0,0,0,0,0,0
#DhoniKeepsTheGlove  *dhoni gloves controversy*  BCCI to ICC : https://t.co/oo2RH6EE3S,eng,hasoc_en_1587,0,0,0,0,0,0,0,0,0,0,0,0
There's some really intense melting in the Arctic right now #Resist #ResistTrump #FuckTrump https://t.co/0vzMpVicDS,eng,hasoc_en_1588,0,0,0,0,0,0,0,0,0,0,0,0
Seniors greeted and cheered by juniors after mass resignation.. This is life.. This is unity.. This is pride.. Kudos.   #DoctorsFightBack https://t.co/qzVdtqWUUe,eng,hasoc_en_1589,0,0,0,0,0,0,0,0,0,0,0,0
YAY for USA!    #Rape #USA #Rapist #ProtectedSpecies #Women #Gilead #GOP #WhiteMalePrivilege https://t.co/ZOfRE8ShZI,eng,hasoc_en_1592,0,0,0,0,0,0,0,0,0,0,0,0
King Joffrey: 47%  Donald Trump: 41%    #FuckTrump   #Trump41,eng,hasoc_en_1594,1,0,0,0,0,0,0,0,0,0,0,1
#ShameOnICC  Even local cricket tournament have better management &amp,eng,hasoc_en_1595,0,0,0,0,0,0,0,0,0,0,0,0
Points table right now.  #ShameOnICC #cwc19 https://t.co/uckawoVZQz,eng,hasoc_en_1596,0,0,0,0,0,0,0,0,0,0,0,0
But it's not being risk averse that keeps #Johnson away from scrutiny is it? It's a belief that he should be  beyond accountability. He is road testing autocracy. #BorisJohnsonShouldNotBePM https://t.co/Gf9PFy4dJJ,eng,hasoc_en_1597,0,0,0,0,0,0,0,0,0,0,0,0
@Reuters All countries who care about their safety and security should #BanHuawei.   #Huawei is just a spying tool developed and extensively used by the Communist Party of China.    #CommunismKills #BoycottChina #oppression,eng,hasoc_en_1599,0,0,0,0,0,0,0,0,0,0,0,0
If England can do this  so why not india can do this   #ICC #Balidan #DhoniKeepsTheGlove https://t.co/i5eq7VRWad,eng,hasoc_en_1601,0,0,0,0,0,0,0,0,0,0,0,0
#DhoniKeepsTheGlove   He had a full rights because he is a Para Regiment Officer https://t.co/1PQwmOL2E4,eng,hasoc_en_1602,0,0,0,0,0,0,0,0,0,0,0,0
Fuck icc🖕🖕🖕😐 u just want to finish the wc..by giving 1 pts..then how u know the good and bad teams  @ICC @ICCMediaComms @cricketworldcup  #ShameOnICC,eng,hasoc_en_1603,0,0,0,0,0,0,0,0,0,0,0,0
@RiskyLiberal @realDonaldTrump 🙌🏼 the large subsidies that those broke soybean farmers received courtesy of the US taxpayer IMO actually put us in the negative so we’re worse off. Thx @realDonaldTrump #IdiotTrump,eng,hasoc_en_1604,0,0,0,0,0,0,0,0,0,0,0,0
@Newsweek Happy #JohnMcCainDay     #FuckTrump,eng,hasoc_en_1605,0,0,0,0,0,0,0,0,0,0,0,0
India trends ❤️🇮🇳 @msdhoni #IndiaWithDhoni #DhoniKeepTheGlove #DhoniKeSaathDesh #DhoniKeepsTheGlove 🙏🏻🙌🏻 @BCCI @ICC @Twitter https://t.co/RbpIW83Di8,eng,hasoc_en_1606,0,0,0,0,0,0,0,0,0,0,0,0
@herman_maureen @funder @1CraftyWitch @PenceConscience @adamcbest @flyaway_k @agavecorn @7brdgesroad @Steelerschic85 @Cruellaisdevine @HoarseWisperer @DeadBunnyFrank @mmpadellan @Amy_Siskind @saltycomment Thank you Mo #FuckTrump #ImpeachmentHearingsNow 💗,eng,hasoc_en_1607,0,0,0,0,0,0,0,0,0,0,0,0
#2019WorldCup Worst in History in terms of #Rain!  .  https://t.co/xjJjG9uE7x  .  .  #CWC19 #CWC2019 #INDvsPAK #INDvsAUS #INDvsNZ #ICCWorldCup2019 #ICCCricketWorldCup2019 #ICCWC2019 #ICC2019 #ShameOnICC #ShameICC https://t.co/lnncLilLJk,eng,hasoc_en_1608,0,0,0,0,0,0,0,0,0,0,0,0
True story! #Resistance #BlueWave2020 #Immigrants #fucktrump https://t.co/BMAiFNMBs4,eng,hasoc_en_1609,0,0,0,0,0,0,0,0,0,0,0,0
@lifetothemax1 The funniest part about it is that no one else would have even noticed the cough if he wouldn’t have pointed it out. #DoucheBag,eng,hasoc_en_1610,0,0,0,0,0,0,0,0,0,0,0,0
I didn’t see Molly Mae asking permission from Amy before she asked Curtis out the hypocritical little shit #dickhead #TeamMaura #LoveIsland,eng,hasoc_en_1611,0,0,0,0,0,0,0,0,0,0,0,0
Professionals like doctors and nurses shouldn't have to be worried about protecting themselves while saving patients lives.  I hope a good constructive solution can be arrived at without politicizing the issue.       #DoctorsFightBack https://t.co/wgjrRK4msm,eng,hasoc_en_1612,0,0,0,0,0,0,0,0,0,0,0,0
@skroskz @shossy2 @JoeBiden Biden &amp,eng,hasoc_en_1613,1,0,0,0,0,0,0,0,0,0,0,1
@realDonaldTrump Of course you hate MSNBC because they tell the truth and the truth is that you are an incompetent buffoon without a shred of decency.  You are a complete and absolute disaster.  #IdiotTrump,eng,hasoc_en_1614,0,0,0,0,0,0,0,0,0,0,0,0
Why we need a #CongressMuktBharat https://t.co/4IPLhW5Q0w,eng,hasoc_en_1615,0,0,0,0,0,0,0,0,0,0,0,0
@ICC should understand that  #BalidaanBadge is not related to any political/religious/racial activities.    This is about our #NationalPride  #DhoniKeepsTheGlove,eng,hasoc_en_1616,0,0,0,0,0,0,0,0,0,0,0,0
@toughgal66 @MrsRabbitResist I am following you now- hoping to catch you swearing- lol-I swear a lot also #FUCKTRUMP!,eng,hasoc_en_1618,0,0,0,0,0,0,0,0,0,0,0,0
@waggytailkobe @Ex_Machina77 @JonnyBlze @realDonaldTrump @FoxNews Right..........#douchebag,eng,hasoc_en_1619,0,0,0,0,0,0,0,0,0,0,0,0
Survival kit for next 5 years in India😁😁 @narendramodi @BJP4India  #3YearsofChange #RahulGandhi #ShameOnICC #TrollSangh https://t.co/dbY7lTtqbP,eng,hasoc_en_1620,0,0,0,0,0,0,0,0,0,0,0,0
Watch and Share https://t.co/1lUKMt59A9 @RBReich The 7 Failures of Trumponomics #trumptax #TrumpIsATraitor,eng,hasoc_en_1621,0,0,0,0,0,0,0,0,0,0,0,0
Salute to doctors who risk their very own lives but continue to serve their motherland 🙇‍♂️  #Savethedoctors   #DoctorsFightBack   #DoctorsProtest   #SaveBengal https://t.co/zz3ugTioiZ,eng,hasoc_en_1622,0,0,0,0,0,0,0,0,0,0,0,0
@ICC i think u do have some work rather than seeing on dhoni's gloves...if u don't have then i can suggest u to improve the quality of ur great umpires ..plz go and improve the quality bcz #DhoniKeSaathDesh   #DhoniKeepsTheGlove   #BalidanBadge,eng,hasoc_en_1623,0,0,0,0,0,0,0,0,0,0,0,0
@ICC @Bazmccullum @PathakRidhima How can someone be happy without watching cricket... #ShameOnICC,eng,hasoc_en_1625,0,0,0,0,0,0,0,0,0,0,0,0
Future #WC will be like... #ShameOnICC https://t.co/BNv2yIVgDJ,eng,hasoc_en_1626,0,0,0,0,0,0,0,0,0,0,0,0
@BillKristol Fixed it 👍🏻👍🏼👍👍🏽👍🏾👍🏿 #NotMyPresident #FlagDay2019 #TrumpsAnInternationalDisgrace #TrumpIsATraitor #justsaynotomaga https://t.co/rIQjZznlqx,eng,hasoc_en_1627,0,0,0,0,0,0,0,0,0,0,0,0
When a Doctor in West Bengal returns home safely   #we_want_justice  #DoctorsFightBack https://t.co/0vMZW3CC0e,eng,hasoc_en_1628,0,0,0,0,0,0,0,0,0,0,0,0
#DoctorsFightBack also we want an apology from hon'ble CM bcoz she has insulted the entire doctor fraternity of india by giving communal anlge to this entire matter ..shame,eng,hasoc_en_1629,0,0,0,0,0,0,0,0,0,0,0,0
Respected PM @narendramodi Ji   Address the issue of #AssaultOnDoctors and speak on measures to #StopViolenceAgainstDoctors and #SaveTheDoctors .  #DoctorsUnderOppression   #DoctorsFightBack https://t.co/3dtQlrGefe,eng,hasoc_en_1630,0,0,0,0,0,0,0,0,0,0,0,0
@ImRaina @msdhoni Well Said #DhoniKeepsTheGlove,eng,hasoc_en_1631,0,0,0,0,0,0,0,0,0,0,0,0
#DoctorsFightBack  MLN medical college stands with NRSMCH.  No services without security ✊  #DoctorsUnderOppression  #DoctorsProtest   @CBSNews   @CNN   @WHO https://t.co/ANbu5CvlfO,eng,hasoc_en_1635,0,0,0,0,0,0,0,0,0,0,0,0
And finally Sunil Gavaskar hit a boundary but this time against media and its baseless debates. #DhoniKeepsTheGlove https://t.co/wWHis7nWzl,eng,hasoc_en_1636,0,0,0,0,0,0,0,0,0,0,0,0
No matter how big a desert is...it weighs less than a handful of mud...that has given birth to a plant    #SaveBengal  #SaveTheDoctors  #DoctorsFightBack  #DoctorsProtest    https://t.co/EL4hHqVEzJ,eng,hasoc_en_1637,0,0,0,0,0,0,0,0,0,0,0,0
Welcome to Trumpworld #morintoon #TrumpIsATraitor #TrumpElections #TrumpCollusion #TrumpCriminalInvestigations #TrumpCrimeSyndicate #TrumpCult https://t.co/cKfoKj66cp,eng,hasoc_en_1638,0,0,0,0,0,0,0,0,0,0,0,0
ICC Rules on Gloves      Dear Indian Friends Read it Before any Comments     #DhoniKeepsTheGlove #CWC2019 https://t.co/c6wTjUQkUr,eng,hasoc_en_1639,0,0,0,0,0,0,0,0,0,0,0,0
Kedar Jadhav asking the clouds to go to Maharashtra... Let all the rains come to India...   #ICCCricketWorldCup2019 #ICCWorldCup #ShameOnICC #INDvPAK https://t.co/gOQgRToVtl,eng,hasoc_en_1641,0,0,0,0,0,0,0,0,0,0,0,0
@realDonaldTrump is corrupt and incompetent. He aligns himself with murderous dictators and trusts them over our own dedicated and hardworking intelligence officers. We must unite to remove him with a landslide election. He is a #disgrace #TrumpIsATraitor,eng,hasoc_en_1642,1,0,0,0,0,0,0,0,0,0,0,1
#Dickhead  Don't be one.   I give you mfs 1 minute of conversation followed by 4 minutes of laughter.  Foh &amp,eng,hasoc_en_1643,0,0,0,0,0,0,0,0,0,0,0,0
I'm just gonna leave this right here for you all... #FUCKTRUMP   https://t.co/fB1DUL2OwH,eng,hasoc_en_1644,0,0,0,0,0,0,0,0,0,0,0,0
Junior doctors refuse to meet #Mamata at Nabanna. Wants CM to meet them and end the impasse. Doctors to continue with their strike.   #DoctorsFightBack #IstandwithNRS #NRSMCH #SaveTheSaviour #SaveBengal https://t.co/QfC2Apk8pm,eng,hasoc_en_1645,0,0,0,0,0,0,0,0,0,0,0,0
@dipaksamanta #BalidanBadge Equally important to Match #DhoniKeepsTheGlove,eng,hasoc_en_1646,0,0,0,0,0,0,0,0,0,0,0,0
Shining Diva Italian Designer Non Precious Metal Jewellery Set @ Rs.398    https://t.co/yYoRiEnR4c    More: https://t.co/7ZfoIvw94u    https://t.co/yYoRiEnR4c    #DoctorsFightBack #SaveBengal #amazon #flipkart #deals #dealoftheday #amazingdeals #offers #discount #JaiShreeRam #ModiForAll,eng,hasoc_en_1647,0,0,0,0,0,0,0,0,0,0,0,0
Translation- 'Even after continuous inaction by the govt against junior doctor's agitation we senior doctors are working because we are not enemy of the people'  A Pediatrician in Sagore Dutta Med Colg still working even after submitting resignation  #DoctorsFightBack  #SaveDoctors https://t.co/ZGn0DexhWx,eng,hasoc_en_1648,0,0,0,0,0,0,0,0,0,0,0,0
@WhiteHouse Happy John McCain Day. #FuckTrump https://t.co/CjgyVVsGlV,eng,hasoc_en_1649,0,0,0,0,0,0,0,0,0,0,0,0
Here are the rules If #DhoniKeepsTheGlove:    1 Game: He looses 25% of his match fee  2 Games: He looses 50% of his match fee  3 games or more: He looses 75% of his match fee      Dhoni is a Millionaire he can afford to loose some peanuts for the pride of the country.     #IndiaWithDhoni https://t.co/rbFH6evLKq,eng,hasoc_en_1651,0,0,0,0,0,0,0,0,0,0,0,0
We are only demanding what already should be ours ! #DoctorsUnderOppression #DoctorsProtest #DoctorsFightBack #DoctorsStrike https://t.co/0YNvBUHqdM,eng,hasoc_en_1652,0,0,0,0,0,0,0,0,0,0,0,0
@cizzacampbell Didn't realise you were an expert #dickhead,eng,hasoc_en_1653,0,0,0,0,0,0,0,0,0,0,0,0
'safer &amp,eng,hasoc_en_1654,0,0,0,0,0,0,0,0,0,0,0,0
India's bowling now..and every lunatic's eyes will be on Dhoni's gloves...Damn..#BalidanBadge insignia or not..who dafaq cares!!??#ICCWorldCup2019 #INDvAUS .. seriously..who cares if #DhoniKeepsTheGlove !?,eng,hasoc_en_1655,0,0,0,0,0,0,1,1,0,0,1,1
Love it - just ordered mine    #BollockstoBrexit   #BollocksToBoris   #BorisJohnsonShouldNotBePM https://t.co/eKfGIh8M1p,eng,hasoc_en_1656,0,0,0,0,0,0,0,0,0,0,0,0
I want to send a pre-birthday “FUCK YOU” to Trump for all he’s done to this country.  #fucktrump,eng,hasoc_en_1657,1,0,0,0,0,0,0,0,0,0,0,1
Put a stick in this man's hand. Whether it be drum or pool or match or etc. He will murder something with it. #murderer #killer #maxthunder #angelicdesolation #pool #playingpool #poolhustler #thatboysgotthedevilinhim… https://t.co/LYJzsLlMTx,eng,hasoc_en_1658,0,0,0,1,0,0,0,0,0,0,0,1
Happy #JohnMcCainDay #fucktrump https://t.co/jR3yGUcgoK,eng,hasoc_en_1659,0,0,0,0,0,0,0,0,0,0,0,0
@realDonaldTrump I'm sure that #CrossesAndHoods are all ready to welcome you at the airport too.   #FuckTrump https://t.co/oJixzkyz9U,eng,hasoc_en_1662,0,0,0,0,0,0,0,0,0,0,0,0
Did I just hear that right?  Andrea Mitchell asked Anita Hill if she thought the way Joe Biden handled the Clarence Thomas hearings put him on a moral equivalence with Donald Trump.  #WTAF #dickhead,eng,hasoc_en_1663,1,0,0,0,0,0,0,0,0,0,0,1
Retweet if you think #DerangedDonnie @realDonaldTrump should stop blocking the design of the new $20 bill. (image via @nytimes).  Trump proves he is a racist and a bigot.  #TrumpTantrum #TrumpMustResign #TrumpIsATraitor https://t.co/vs8mCT278P,eng,hasoc_en_1664,1,0,0,0,0,0,0,0,0,0,0,1
#twinklesharma #rapist_must_hanged_till_death #rapist #justicefortwinkle #yqbaba  @DrKumarVishwas @rahatindori  Read my thoughts on YourQuote app at https://t.co/DcJagScNcQ https://t.co/JVbzEzTcQs,eng,hasoc_en_1665,0,0,0,0,0,0,0,0,0,0,0,0
This is love   #DoctorsStrike #SaveDoctors  #strike #DoctorsStrike #Kolkata #DoctorsFightBack #WestBengal https://t.co/2UWSzulB0s,eng,hasoc_en_1668,0,0,0,0,0,0,0,0,0,0,0,0
@The_OJSimpson32  JUICE IS STILL ON THE LOOSE #MURDERER https://t.co/yU9tvyYjNw,eng,hasoc_en_1670,0,0,0,0,0,0,0,0,0,0,0,0
AIIMS Delhi doctor continues protest against Bengal violence wearing helmet in viral photo https://t.co/CbMlxmCv9f  #BengalBurning #DoctorsFightBack #Savethedoctors #SaveBengal,eng,hasoc_en_1671,0,0,0,0,0,0,0,0,0,0,0,0
@NatureisScary #showingoff for a #girl works out #again   #douchebag   #swan is what does that to a pond #btw. They uproot vegetation. #paz n #love,eng,hasoc_en_1672,0,0,0,0,0,0,0,0,0,0,0,0
#trump went from #NoCollusion to #ProCollusion    #TrumpIsATraitor https://t.co/oFbwqeMW50,eng,hasoc_en_1673,1,0,0,0,0,0,0,0,0,0,0,1
Tree symbolizing Trump-Macron friendship dies #Resist #ResistTrump #FuckTrump https://t.co/hEHwwgowi3,eng,hasoc_en_1676,1,0,0,0,0,0,0,0,0,0,0,1
#ShameOnICC   1. ICC on Dhoni's gloves.  2. ICC planing of other matches https://t.co/bjhysij4JF,eng,hasoc_en_1677,0,0,0,0,0,0,0,0,0,0,0,0
@SadiqKhan what the fuck ate tou doing you smug bastard.  Why the fuck are you not enforcing more fucking police on the streets of London????? #dickhead #NewmMayorNeeded,eng,hasoc_en_1681,0,0,0,0,1,0,1,0,0,0,1,1
Great thread about WHY an #ImpeachmentInquiryNow is necessary. @SpeakerPelosi please read. #democracydependsonit #TrumpIsATraitor https://t.co/6bARkZyJR6,eng,hasoc_en_1682,0,0,0,0,0,0,0,0,0,0,0,0
2023 Cricket World Cup https://t.co/iWFQBextAg via @@spozom   #INDvAUS #cbhaveyoursay  #iccversusindia  #dhonikeepstheglove  #msdhoni,eng,hasoc_en_1683,0,0,0,0,0,0,0,0,0,0,0,0
Who is gonna win tomorrow?  #INDvsPAK  #IndvsPak rain  #ausvspak  #CWC19 #CWC  #RainStopsMatch #ICCCricketWorldCup #ICCWorldCup2019 #ShameOnICC,eng,hasoc_en_1684,0,0,0,0,0,0,0,0,0,0,0,0
How frightening #BorisJohnsonShouldNotBePM https://t.co/ee5mW9liQJ,eng,hasoc_en_1686,0,0,0,0,0,0,0,0,0,0,0,0
Analysis: Sarah Sanders' audience of one #Resist #ResistTrump #FuckTrump https://t.co/WRUvaPGsG6,eng,hasoc_en_1687,0,0,0,0,0,0,0,0,0,0,0,0
Happy birthday mr. President #FuckTrump https://t.co/E0UQW5Fesu,eng,hasoc_en_1688,0,0,0,0,0,0,0,0,0,0,0,0
Hey creepy old fucker if you approach my daughter again you’re gonna get punched in the throat! #dickhead,eng,hasoc_en_1690,0,0,0,0,0,0,0,0,0,0,0,0
Her freedom of speech is very important because she's his spokeswoman. Completely unethical!!!!! #TrumpIsATraitor #JohnMcCainDay #JohnMcCainDay #JohnMcCainDay #JohnMcCainDay #JohnMcCainDayJune14th https://t.co/Vbfndwo2nY,eng,hasoc_en_1691,0,0,0,0,0,0,1,0,0,0,1,1
.#BorisJohnsonShouldNotBePM he won’t have had a national mandate only the conservatives get a say how is that democracy? https://t.co/fq6mi8Uxfy,eng,hasoc_en_1692,0,0,0,0,0,0,0,0,0,0,0,0
#DoctorsFightBack | Here's the number of resignations from medical colleges as agitating doctors place 6 demands and seek an apology from WB CM Mamata Banerjee to end their strike    https://t.co/ROY0hXnQ8z,eng,hasoc_en_1693,0,0,0,0,0,0,0,0,0,0,0,0
@RidemDoc @RickyRebelRocks I still feel the same. #FuckTrump,eng,hasoc_en_1694,0,0,0,0,0,0,0,0,0,0,0,0
These depictions of Noah’s Ark are accidentally gay—and people are here for it #Resist #ResistTrump #FuckTrump https://t.co/n4Inw90fuc,eng,hasoc_en_1695,0,0,0,1,0,0,0,0,0,0,0,1
water have no color but gloves does have that is why @ICC  saw dhoni's glove not the water.  #ShameOnICC,eng,hasoc_en_1696,0,0,0,0,0,0,0,0,0,0,0,0
Stop violence on doctors. Take action to save the saviour @MamataOfficial @CMOWestBengal @MoHFW_INDIA #DoctorsFightBack #SAVETHESAVIOUR #Savethedoctors .,eng,hasoc_en_1697,0,0,0,0,0,0,0,0,0,0,0,0
Yesterday match #AUSvWI Gayle got out by lbw in no ball..ICC @ICC Don't have time to fine umpires for poor umpiring. But they have time to say remove the balidan symbol from dhoni gloves😡😡 it's ridiculous 😡 #DhoniKeepsTheGlove https://t.co/8FMr3JHFqt,eng,hasoc_en_1698,0,0,0,0,0,0,0,0,0,0,0,0
https://t.co/ZrtOAP86md I'm gonna go their own route and say all homophobic religious nuts should drink poisoned Kool-Aid. 🏳️‍🌈 #LGBTEquality #LGBTQ #FuckTrump,eng,hasoc_en_1699,0,0,0,0,0,0,0,0,0,0,0,0
@PressSec @realDonaldTrump Good riddance and #FUCKTRUMP,eng,hasoc_en_1700,0,0,0,0,0,0,0,0,0,0,0,0
@GOP @realDonaldTrump is a #traitor to #America!   #FuckTrump #TrumpMustResign #TrumpMustBeLockedUp #AmericansForImpeachment #TrumpIsATraitor #Treason https://t.co/kbaW8VjwKN,eng,hasoc_en_1702,0,0,0,0,0,0,0,0,0,0,0,0
#GOPCorruption #GOPTraitors #GOPTreason #FuckTrump  #FuckGOP  #GOPSaleOut &amp,eng,hasoc_en_1706,0,0,0,0,0,0,0,0,0,0,0,0
Here is Yoga for Women... Read more...  Remain Young and Fit with Yoga and know more benefits.    #WorldBloodDonorDay #ShameOnICC #SaveBengal #FridayFeeling  #SCOSummit2019 #MenInBlackReview #TheUnmissableMeeting  #doctorsstrike #ENGvWI https://t.co/xdvyFE5fYj,eng,hasoc_en_1707,0,0,0,0,0,0,0,0,0,0,0,0
@WIONews @KP24 Will Rain win the World Cup #ShameOnICC,eng,hasoc_en_1708,0,0,0,0,0,0,0,0,0,0,0,0
4 matches were can't play due to rain and many more will be not played fir the same reason .  Conclusion this world cup is no more world cup.  #ShameOnICC  #RainCup,eng,hasoc_en_1709,0,0,0,0,0,0,0,0,0,0,0,0
Actual match scheduled of ICC worldcup 2019 and also ICC increased prize money because of rain playing extraordinary game   #ShameOnICC https://t.co/Gpv5Zp4Pek,eng,hasoc_en_1710,0,0,0,0,0,0,0,0,0,0,0,0
#huckabeesdaughterlies #huckabeesdaughterlies.... your daughter lies so much you cant tell the difference betwern her and #trumpisatraitor https://t.co/oUUHNifisx,eng,hasoc_en_1711,0,0,0,0,0,0,0,0,0,0,0,0
@DAZN_USA @EddieHearn @stephenasmith @Andy_destroyer1 Stephen is nothing but a complete clueless #douchebag,eng,hasoc_en_1712,0,0,0,0,0,0,0,0,0,0,0,0
@cher We love you Cher. #FuckTrump,eng,hasoc_en_1714,0,0,0,0,0,0,0,0,0,0,0,0
Virat asked Indians fans to applaud Steve |MS dhoni sixes |gestures https://t.co/XgvTJTEoVb via @YouTube #ICCWC2019 #DhoniKeepsTheGlove,eng,hasoc_en_1716,0,0,0,0,0,0,0,0,0,0,0,0
@RudyGiuliani @realDonaldTrump Many people are saying that #DonTheCon #TrumpIsATraitor   https://t.co/NcVbEApwlO https://t.co/SpxdqUYNO5,eng,hasoc_en_1719,0,0,0,0,0,0,0,0,0,0,0,0
@DebRule65 Fuck Nelson’s life. He made the decision to kill Mylan. He needs to face his consequences for his actions.  If Nelson wants sympathy he can find it in the dictionary between the words Fuck and YOU!!!   #RotInACell #Murderer,eng,hasoc_en_1721,0,0,0,0,0,0,1,0,0,0,1,1
@cricketworldcup @ICC can see @msdhoni badge but doesn't see the ground was not covered.  Most developed Country in 🌏 and call 🏏 as the national sports Yet can't do anything for the biggest tournament. Learn something from #EdenGarden  #ShameOnICC #Worl,eng,hasoc_en_1722,0,0,0,0,0,0,0,0,0,0,0,0
@DrShyamKK It is huge mistake of @narendramodi it is primary responsibility to save the truth not supporting protest it must be legally to take action for the doctor who resigned #DoctorsFightBack #doctors #standwithNRS,eng,hasoc_en_1723,0,0,0,0,0,0,0,0,0,0,0,0
When keeping symbol on the glove shows the respect to them then why dont you Put a tatoo on your hand instead.This is a publicity stunt by @msdhoni  #dhonikeepstheglove,eng,hasoc_en_1724,0,0,0,0,0,0,0,0,0,0,0,0
@BillCosby They let you tweet from prison?!?!?  #Rapist,eng,hasoc_en_1725,0,0,0,0,0,0,0,0,0,0,0,0
Who's #RetirementPlanning will hurt you most!  If any other players na please leave in comments.  .  .  - Tags to avoid -  #YuvrajSingh #India #ICCCricketWorldCup2019 #DhoniKeepsTheGlove #DhoniKeepTheGlove #Dhoni #kohli #SachinTendulkar #SachinOpensAgain,eng,hasoc_en_1726,0,0,0,0,0,0,0,0,0,0,0,0
@realDonaldTrump What rhymes with witch? If the broom fits...  #FUCKTRUMP https://t.co/JNx97D7KTc,eng,hasoc_en_1727,0,0,0,0,0,0,0,0,0,0,0,0
@CNN Love this and #FuckTrump,eng,hasoc_en_1728,0,0,0,0,0,0,0,0,0,0,0,0
@ICC while all cricket board finalising the #CWC2019 venues in @ECB_cricket     #ShameOnICC #WrostWorldcupEver @StarSportsIndia @BCCI https://t.co/hTVpb3Ra7U,eng,hasoc_en_1729,0,0,0,0,0,0,0,0,0,0,0,0
Fixed it for you 😏  #Boris #BorisJohnsonShouldNotBePM https://t.co/fALyOK9HDq,eng,hasoc_en_1730,0,0,0,0,0,0,0,0,0,0,0,0
The junior doctors' strike called in West Bengal has not just affected services in the state-government run hospitals there but also in other parts of India.  @aiims_newdelhi   #doctorstrike #doctorsfightback #savedoctors #standwithNRS https://t.co/dBeL7paS2X,eng,hasoc_en_1731,0,0,0,0,0,0,0,0,0,0,0,0
@ICC Why didn't it rain here? Are you indirectly supporting #England? #ShameOnICC,eng,hasoc_en_1732,0,0,0,0,0,0,0,0,0,0,0,0
@TIME Oh yeah because he’s an honest guy... #murderer #torturer #evil #despicable,eng,hasoc_en_1733,0,0,0,0,0,0,0,0,0,0,0,0
Dear army man @msdhoni please don't remove the pride and glory from your keeping gloves. No body got any right to raise any question on our army. 💪👍🇮🇳❤️  the whole country Is with you ❤️  Wear your pride with full confidence   #JaiHind 🇮🇳 #DhoniKeepsTheGlove,eng,hasoc_en_1734,0,0,0,1,0,0,0,0,0,0,0,1
#DoctorsUnderOppression  #DoctorsFightBack  #DoctorsStrike   The minister: tries to oppress us  Me and the boyz : https://t.co/NJqoN3jdEX,eng,hasoc_en_1735,0,0,0,0,0,0,0,0,0,0,0,0
Ex-#Student #Fights #College Over Fate of #Alleged #Rapist  https://t.co/imF97KRUDD https://t.co/Zbd7RHUnJB,eng,hasoc_en_1736,0,0,0,0,0,0,0,0,0,0,0,0
#DoctorsFightBack  demand the cctv footage of that day things will be clear .Make public the name of accuse who have been arrested. Enquiry should be set up into reluctance of police .How two trucks of goon were allowed inside the hospital campus,eng,hasoc_en_1737,0,0,0,0,0,0,0,0,0,0,0,0
@adam_ni This is what your country will soon look like if you EVER let #China in-in any way‼️Finance/joint ventures/land ownership/infrastructure or 5G‼️Yes they own HK but we got complacent while Britain had it’s 99 year lease-this is no longer the #Hong,eng,hasoc_en_1738,0,0,0,0,0,0,1,0,0,0,1,1
#IdiotTrump #NoRespectForALoser   @realDonaldTrump #ResignOrBeImpeached     Watch 'Trump Demands That Other Countries Treat Him With Respect During Twitter Tantrum' on YouTube https://t.co/48qbseyRCi,eng,hasoc_en_1741,1,0,0,0,0,0,0,0,0,0,0,1
@realDonaldTrump doesn't give a FUCK if your poor and can't buy food for your family!    He's got tons of money he can buy ALL the food he wants!    Trump is saying FUCK THE POOR!    #FUCKTRUMP #TrumpResign #ResignTrump @realDonaldTrump #BlueWave2020 #IMP,eng,hasoc_en_1742,1,0,0,0,0,0,0,0,0,0,0,1
@juhi2606 Give good treatment #DoctorsFightBack #doctors #DoctorsProtest,eng,hasoc_en_1743,0,0,0,0,0,0,0,0,0,0,0,0
It is reported that Your Government wanted to provide Guarantee to those who had invested in #IMAFraud.    Is protecting those who cheat Minorities Your way of Minority Welfare?    Why are You putting the lives of thousands of Innocents to save few Fraudsters?    Is this 'Raja Dharma'?,eng,hasoc_en_1745,0,0,0,0,0,0,0,0,0,0,0,0
Thousands of doctors across India have shown solidarity and joined the ongoing #DoctorsProtest.  #DoctorsFightBack https://t.co/dX1H1ZnE0M,eng,hasoc_en_1746,0,0,0,0,0,0,0,0,0,0,0,0
#TrumpisaTraitor is more disrespectful of the American flag than the man who set it on fire and was awarded $225K by the Supreme Court!! https://t.co/A4ueTMzaXh,eng,hasoc_en_1749,0,0,0,1,0,0,1,0,0,0,0,1
@RepMarkMeadows @realDonaldTrump The left has always cared which is why the Mueller report began. #ImpeachmentInquiryNow #TrumpNatSecRisk #TrumpIsATraitor #TrumpColluded #TrumpObstructed #IndictTrump @WhiteHouse https://t.co/7aC1k4iM6Y,eng,hasoc_en_1750,0,0,0,0,0,0,0,0,0,0,0,0
@Millie__Weaver #TrumpIsATraitor fixed it for ya MillieVanillie... you're very welcome,eng,hasoc_en_1751,0,0,0,0,0,0,0,0,0,0,0,0
Maybe even check the school report #BorisJohnsonShouldNotBePM https://t.co/g4Uwu5hgXs,eng,hasoc_en_1752,0,0,0,0,0,0,0,0,0,0,0,0
#DoctorsFightBack #DoctorsProtest govt. should think about security to doctors. @narendramodi @MamataOfficial @drharshvardhan @AmitShah @PMOIndia,eng,hasoc_en_1753,0,0,0,0,0,0,0,0,0,0,0,0
@kylegriffin1 @senatemajldr @SenateGOP all about party over country  #GOPTraitors #GOPTaxScam #PutinsGOP #TrumpIsATraitor,eng,hasoc_en_1755,0,0,0,0,0,0,0,0,0,0,0,0
@pythoroshan @adite Its a sad day for society at large when Doctors have to fight to https://t.co/p4Gs5Bwgxs justice seems to be a myth   #SaveTheDoctors #SaveBengal   #DoctorsFightBack,eng,hasoc_en_1756,0,0,0,0,0,0,0,0,0,0,0,0
@nytimes Too late. The first answer is always the real answer. #TrumpIsATraitor #ImpeachDonaldTrumpNOW,eng,hasoc_en_1757,0,0,0,0,0,0,0,0,0,0,0,0
Twitter: ‘We Didn’t Invest Enough’ To Fight White Nationalism Problem #Resist #ResistTrump #FuckTrump https://t.co/Vxl4Z5T46a,eng,hasoc_en_1758,0,1,0,0,0,0,0,0,0,0,0,1
Another snappy hashtag from @NSoames.    #SomebodyexplaintohimhowtheyworkforChristssake    #BorisJohnsonShouldNotBePM  #C4debate #Channel4Debate https://t.co/RVSnEmwDTX,eng,hasoc_en_1759,0,0,0,0,0,0,0,0,0,0,0,0
Very sickening to see that the wicket keeping gloves is hampering the spirt and moral of the game 🙄  #IndiaWithDhoni #BalidaanBadge  #DhoniKeepsTheGlove https://t.co/ap3vQX0tZG,eng,hasoc_en_1761,0,0,0,0,0,0,0,0,0,0,0,0
#ShameOnICC  @BCCI @cricketaakash @cricketworldcup @ICC        🇮🇳#INDvPAK🇵🇰             #16June         #Manchester  Is that Possible for Biggest Battel On English Ground.....#icc😴😴😟😒 https://t.co/hW7GrxlpfC,eng,hasoc_en_1762,0,0,0,0,0,0,0,0,0,0,0,0
INJUSTICE ANYWHERE IS A THREAT TO THE JUSTICE EVERYWHERE - Martin Luther King Jr.    Each and every part of the community must stand with each other at times of crisis.  #DoctorsFightBack   #doctors_against_assualt https://t.co/XeqfFC6fl4,eng,hasoc_en_1763,0,0,0,0,0,0,0,0,0,0,0,0
KillingEve addict. love &amp,eng,hasoc_en_1764,0,0,0,0,0,0,0,0,0,0,0,0
#IdiotTrump trolled for praising #Melania as the new ‘Jackie O’ — and then calling her ‘it’ – 😂😂😂 https://t.co/jqJhNL0Oii,eng,hasoc_en_1765,0,0,0,0,0,0,0,0,0,0,0,0
Sarah Huckabee Sanders Leaving White House at the End of the Month #Resist #ResistTrump #FuckTrump https://t.co/ayiDbKgHAL,eng,hasoc_en_1766,0,1,0,0,0,0,0,0,0,0,0,1
@realDonaldTrump Happy #JohnMcCainDay #TrumpIsATraitor #TrumpDoesCoverUps #TrumpDoesTreason #KimsLapDog,eng,hasoc_en_1768,0,0,0,0,0,0,0,0,0,0,0,0
Doctors and Students from Thanjavur Medical College joins Nationwide protest.  #doctors_against_assualt   #DoctorsFightBack   #DoctorsStrike https://t.co/XvXN6LAJKJ,eng,hasoc_en_1769,0,0,0,0,0,0,0,0,0,0,0,0
@blondegoldbuyer @rissalipstick @MoishesMom It hasn’t ended💔💔💔‼️‼️‼️  Support @rissalipstick to finally put an end to the torture &amp,eng,hasoc_en_1770,0,0,0,0,0,0,1,0,0,0,1,1
Barack Obama freestyle! Trump diss. Mixtape out in 2020!    #mmmfreestyle #obamafreestyle #trumpdiss #barz #FreeTayK #thuglife #BarackObama #DonaldTrump #fuckdonaldtrump #fucktrump https://t.co/ZjLCiUhyMR,eng,hasoc_en_1772,1,0,0,0,0,0,0,0,0,0,0,1
#IdiotTrump thinks he can create his own #healthcare law that will take the issue off the table for Democrats ... HE CANT READ LET ALONE THIS  https://t.co/OaBpT8PZeS,eng,hasoc_en_1773,0,0,0,0,0,0,0,0,0,0,0,0
@politico Yeah right Rudy. The GOP was brighter then. Communism was the threat and Russia was was the enemy not a friend like today. #DickHead,eng,hasoc_en_1774,0,0,0,0,0,0,0,0,0,0,0,0
@PFantta Doctors should be back each time they r beaten up for doing the duty?? No matter even if they r killed but they should do their duty..  #DoctorsFightBack,eng,hasoc_en_1775,0,0,0,0,0,0,1,0,0,0,1,1
NASA head responds to Trump moon tweet: 'Nothing has changed' - CNET #Resist #ResistTrump #FuckTrump https://t.co/Ox0o5ipaap,eng,hasoc_en_1776,1,0,0,0,0,0,0,0,0,0,0,1
#fucktrump @ Beverly Hills 90210 https://t.co/6rBaOhUeQs,eng,hasoc_en_1778,0,0,0,0,0,0,0,0,0,0,0,0
Hi Dear @ICC Mumbai too is ready for your kind of #WorldCup2019   Just FYI     #CWC19 #CricketKaCrown #WashoutWorldCup #ShameOnICC https://t.co/vRSWvj1ENL,eng,hasoc_en_1779,0,0,0,0,0,0,0,0,0,0,0,0
Literally their personal jesus would have to come out of the sky and take them to the polls! Lmao #JohnMcCainDay #HappyJohnMcCainDay #TrumpIsATraitor https://t.co/KM7nku8bpc,eng,hasoc_en_1782,0,0,0,0,0,0,0,0,0,0,0,0
@McConnellPress. #TrumpIsATraitor #TrumpIsAMoron #YouAreATraitor   #ResignTrump. #ResignMcconnell   #ElaineChao. Is as crooked as #DitchMitch2020 https://t.co/FRq0SR8dz8,eng,hasoc_en_1783,0,0,0,0,0,0,0,0,0,0,0,0
The only way “Melania T” is like Jackie O is that their husbands both cheated on them. #FuckTrump #LiarInChief #TraitorInChief #ImpeachTrump #JohnMcCainDay #Resist,eng,hasoc_en_1784,0,0,0,0,0,0,0,0,0,0,0,0
@88elephants @Brimshack @GOPChairwoman @PressSec @realDonaldTrump Except Ronna. She wants to give it the ole repuglican try!    #SHSLies #TrumpIsATraitor     #JohnMcCainDay     #HappyJohnMcCainDay,eng,hasoc_en_1785,0,0,0,0,0,0,0,0,0,0,0,0
Thanks for following! @Dave14400156 @patriciaf4444 @MrJackPalin @valerileist @motiv8d2bgr8 @modelpageant @EdRedstateblues @booradley1968 #ImpeachmentNOW #TrumpIsATraitor,eng,hasoc_en_1786,0,0,0,0,0,0,0,0,0,0,0,0
The Youngest Known Child Separated From His Family by the Trump Administration #Resist #ResistTrump #FuckTrump https://t.co/UeLNCxxRoD,eng,hasoc_en_1787,1,0,0,0,0,0,0,0,0,0,0,1
@realDonaldTrump I didn't know Christopher Steele hacked the RNC and then coordinated the release of stolen emails with the Hillary campaign?   #TrumpIsATraitor #ImpeachTrump,eng,hasoc_en_1788,0,0,0,0,0,0,0,0,0,0,0,0
Happy #JohnMCainDay #JohnMcCainDayJune14th #JohnMcCainAmericanHero 🇺🇸🇺🇸🇺🇸🇺🇸🇺🇸🇺🇸🇺🇸🇺🇸🇺🇸🇺🇸🇺🇸🇺🇸🇺🇸🇺🇸🇺🇸🇺🇸🇺🇸🇺🇸🇺🇸🇺🇸🇺🇸🇺🇸🇺🇸🇺🇸🇺🇸🇺🇸🇺🇸🇺🇸🇺🇸🇺🇸🇺🇸🇺🇸🇺🇸🇺🇸🇺🇸🇺🇸🇺🇸🇺🇸🇺🇸🇺🇸🇺🇸🇺🇸🇺🇸🇺🇸🇺🇸🇺🇸🇺🇸🇺🇸🇺🇸🇺🇸🇺🇸🇺🇸🇺🇸🇺🇸🇺🇸🇺🇸Also #FuckTrump,eng,hasoc_en_1790,0,0,0,0,0,0,0,0,0,0,0,0
I must ask #Dhoni to withdraw from @ICC  world cup. Why @adgpi allowed #dhoni to wear insignia during a cricket match. Do Indian Army need such a cheap trick ?  #DhoniKeepTheGlove #DhoniKeepsTheGlove,eng,hasoc_en_1791,0,0,0,0,0,0,0,0,0,0,0,0
Pretty sure this crowd of attendees eclipses those at the “inauguration” in 2017 @realDonaldTrump  😂😂😂😂😂 #TrumpsWorseThanNixon #ImpeachTrumpNow #trumpsucks #TrumpIsATraitor https://t.co/p48iQqc3ys,eng,hasoc_en_1792,0,0,0,0,0,0,0,0,0,0,0,0
Name the lie? #Murderer https://t.co/jeUKXvPgBs,eng,hasoc_en_1794,0,0,0,0,0,0,0,0,0,0,0,0
“They call me free but I call me a fool” -Train   #words #word #writing #nightwriting #nighttime #poetry #poem #thoughts #questions #love #life #humans #fucktrump #resist #hope #doubt #train #free #ihbp #lmg @ Isle… https://t.co/xZvJF8J0gc,eng,hasoc_en_1795,0,0,0,0,0,0,0,0,0,0,0,0
We have become the country that we used to hate. #FuckTrump #ConcentrationCamps #ImpeachTrump #ImpeachmentHearingsNow #TrumpsWorseThanNixon #TrumpResign #TreasonousTrump https://t.co/xk53uQKCLW,eng,hasoc_en_1799,0,0,0,0,0,0,0,0,0,0,0,0
'Why naked ambition is helping Boris Johnson.'  #BorisJohnsonShouldNotBePM   https://t.co/yV8V95jpjP,eng,hasoc_en_1800,0,0,0,0,0,0,0,0,0,0,0,0
Trump's remark stuns CNN panel: 'Whose side is he on?' #Resist #ResistTrump #FuckTrump https://t.co/xcIQg9xCZL,eng,hasoc_en_1801,1,0,0,0,0,0,0,0,0,0,0,1
@eviebauer727 I went to Costco the other day &amp,eng,hasoc_en_1802,0,0,0,0,0,0,0,0,0,0,0,0
Male Sheeps | Domestic Animal of Pakistan  https://t.co/Obwjoe2uaN    #AITUnderSiege   #CWC19   #DhoniKeepsTheGlove   #EXOLSelcaDay   #FridayFeeling   #FridayFeeling,eng,hasoc_en_1803,0,0,0,0,0,1,0,0,0,0,1,1
Nayasa Superplast Gallent Plastic Cutlery Stand @ Rs.99    https://t.co/XTNGJ5rqKg    #DoctorsFightBack #SaveBengal #amazon #flipkart #deals #dealoftheday #amazingdeals #offers #discount #JaiShreeRam #ModiForAll,eng,hasoc_en_1804,0,0,0,0,0,0,0,0,0,0,0,0
@DhirajAhuja1108 She has lost the political good will    Momotah Hatao    #DoctorsFightBack,eng,hasoc_en_1805,0,0,0,0,0,0,0,0,0,0,0,0
Doctors 🥼 singing proudly their new anthem- 'আমরা কারা? বহিরাগত'    'Who are we? We are outsiders!'     #DoctorsUnderOppresion #DoctorsStrike #DoctorsFightBack https://t.co/TGKQITykwE,eng,hasoc_en_1806,0,0,0,0,0,0,0,0,0,0,0,0
don't expect him to pay the bill ... just ask anyone wbo's ever done business with him. #fucktrump #NoGOP2020 https://t.co/013lPyDCof,eng,hasoc_en_1808,0,0,0,0,0,0,0,0,0,0,0,0
@knittinglinda @MalcolmNance Part of the Hitler Youth League. What do you expect. #FuckTrump #OrangeFoolius #BeBest #MAGA #AmericaFirst #asshat,eng,hasoc_en_1810,0,0,0,0,0,0,0,0,0,0,0,0
500 doctors have already resigned in Bengal.    NRS 100  SSKM 175  National medical college 20  RG Kar 126  North Bengal college 119  Murshidabad 50  Rampurhat 37  Burdwan 26    #DoctorsFightBack #doctors_against_assualt   #doctors_against_assualt,eng,hasoc_en_1811,0,0,0,0,0,0,0,0,0,0,0,0
@smitabarooah @TVMohandasPai She is exposed,eng,hasoc_en_1812,0,0,0,0,0,0,0,0,0,0,0,0
This Is Exactly What Privacy Experts Said Would Happen #Resist #ResistTrump #FuckTrump https://t.co/QIkI5tu49h,eng,hasoc_en_1813,0,0,0,0,0,0,0,0,0,0,0,0
Reply for the press to the govt. From GB meeting consensus of junior doctors. LONG LIVE DOCTORS' UNITY! #NRSMCH #DoctorsStrike #DoctorsFightBack #Savethedoctors @republic @TimesNow @ZeeNews @narendramodi @drharshvardhan https://t.co/fa9vzwEVkq,eng,hasoc_en_1814,0,0,0,0,0,0,0,0,0,0,0,0
@realDonaldTrump You’ve made a damn mess ! You helped rich people while screwing the poor idiots that support you or did support you. This is NOT 2016 the lying and crying isn’t gonna work this time. #LyingCryingTrump #DerangedDonald #IdiotTrump #ImpeachT,eng,hasoc_en_1815,0,0,0,0,0,0,0,0,0,0,0,0
Quinnipiac University National Poll released today!     Every Democrat is leading Trump! 🙏🌊    Joe Biden: 53/40  Bernie Sanders: 51/42  Kamala Harris: 49/41  Elizabeth Warren: 49/42  Pete Buttigieg: 47/42  Cory Booker: 47/42     #VoteBluNoMatterWho   #FuckTrump,eng,hasoc_en_1816,1,0,0,0,0,0,0,0,0,0,0,1
Should the Mp's of India be barred from doing multiple works/business so that they can give proper justice to the people of their Constituency     #ShameOnICC  #WIvsENG,eng,hasoc_en_1817,0,0,0,0,0,0,0,0,0,0,0,0
Vox Sentences: “Nothing wrong with listening” #Resist #ResistTrump #FuckTrump https://t.co/OXNdZhnTKj,eng,hasoc_en_1820,0,0,0,0,0,0,0,0,0,0,0,0
@ssudhirkumar For me it’s greed of those 12 congress MLAs...who joined corrupt friendly @INCIndia in dream of free-taxpayers money..!    Never imagined this too a way to #CongressMuktBharat 😀😍👍🏼👌🏼,eng,hasoc_en_1821,0,0,0,0,0,0,0,0,0,0,0,0
5000+ Doctors and Non Medicos walked from NRS to CNMC for our cause.   History has been created as this is probably one of the biggest movement that has been carried out by the doctors.   #DoctorsFightBack https://t.co/XHyicsFG6D,eng,hasoc_en_1823,0,0,0,0,0,0,0,0,0,0,0,0
@ICC u have anything to say on this??  Should we also start bhajan-kirtan before match starts?😖😖  #IndianCricketTeam #DhoniKeepTheGlove #DhoniKeepsTheGlove #dhonigloves #BCCI #CricketWorldCup2019 #India #IndiaWithDhoni #INDvAUS https://t.co/qvaeaLWISC,eng,hasoc_en_1824,0,0,0,0,0,0,1,0,0,0,1,1
@pinklionheart @USArmy Just goes to show the HATE and VILE comments on Twitter.    Anti-American Left Wing Nuts ......    #JohnMcCainDay   #Traitor    #Treason   #Murderer https://t.co/4p6LSe2VaB,eng,hasoc_en_1826,0,0,0,0,0,0,0,0,0,0,0,0
AIIMS Delhi doctor continues protest against Bengal violence wearing helmet in viral photo https://t.co/CbMlxmCv9f  #SaveBengal #Savethedoctors #DoctorsFightBack,eng,hasoc_en_1827,0,0,0,0,0,0,0,0,0,0,0,0
George Conway: Trump sends 'invitation to commence impeachment proceedings' #Resist #ResistTrump #FuckTrump https://t.co/WcyLdhUEoc,eng,hasoc_en_1829,1,0,0,0,0,0,0,0,0,0,0,1
@WhiteHouse This is a seriously gross image especially on #JohnMcCainDay. #JohnMcCainisaHero #TrumpIsACoward #TrumpIsATraitor #JohnMcCainDayJune14th,eng,hasoc_en_1830,0,0,0,0,0,0,0,0,0,0,0,0
Icc can see Ms dhoni badge but doesn't see the ground was not covered #ShameOnICC https://t.co/PY4RxFbhRk,eng,hasoc_en_1831,0,0,0,0,0,0,0,0,0,0,0,0
Situation in #WestBengal serious. But still scope for a laugh. @Outlookindia cartoon.#DoctorsProtest #DoctorsFightBack @MamataOfficial https://t.co/ukd7hhuPmx,eng,hasoc_en_1832,0,0,0,0,0,0,0,0,0,0,0,0
If you guys reconsider entire scenario MS Dhoni shall be honoured for this heroic act. You guys have taken an inappropriate step without doing proper research about the meaning of the badge @ICC @cricketworldcup @BCCI #DhoniKeepsTheGlove,eng,hasoc_en_1833,0,0,0,0,0,0,0,0,0,0,0,0
Dear @ICC just improve your umpiring first then talk about this   #DhoniKeepsTheGlove https://t.co/JS5nqYxbDg,eng,hasoc_en_1834,0,0,0,0,0,0,0,0,0,0,0,0
New ICC World Cup trophy  #ShameOnICC https://t.co/jH5JATxGge,eng,hasoc_en_1835,0,0,0,0,0,0,0,0,0,0,0,0
@PlayBazaar @PlayBazzar @AllPlayBazaar #SattaKing #PlayBazaar #SattaResult #moneysupermarket #dpboss #sattakingdarbar #resultsatta #sattaresult #trending #satta #FridayFeeling #SaveBengal #ShameonICC #ABrandNewDayOutNow #Vope #VopeIsDope     Link: https:/,eng,hasoc_en_1836,0,0,0,0,0,0,0,0,0,0,0,0
Where have white nationalists gone since their Facebook ban? Facebook #Resist #ResistTrump #FuckTrump https://t.co/FIJQIUsb5j,eng,hasoc_en_1838,0,1,0,0,0,0,0,0,0,0,0,1
BBMCH Balangir stand with NRSMCH  #DoctorsFightBack   #NRSMedicalCollege https://t.co/jfVN3DSfFJ,eng,hasoc_en_1841,0,0,0,0,0,0,0,0,0,0,0,0
@psychdr100 So THATS what the extra $4k i paid in taxes is going towards. Good to know. Wouldn’t want little Tub ‘O Lard Dumpy to be uncomfortable in a normal human sized bed #fuckTrump #toomanyhamberders #XXXLKingsize,eng,hasoc_en_1842,0,0,0,0,0,0,0,0,0,0,0,0
England's cricketers wear a poppy on their collars against India to remember those killed in conflict https://t.co/pCaZyTUlMG in 2016. Then why stop dhoni to wear the balidaan batch.  #DhoniKeepsTheGlove,eng,hasoc_en_1843,0,0,0,0,0,0,0,0,0,0,0,0
Not even Fox News believes #DonTheCon     #corruptpresident  #UnfitToGovern  #UnfitForOffice  #TrumpIsATraitor  #ImpeachTrumpNow  https://t.co/IFZIeZZ4LV,eng,hasoc_en_1844,0,0,0,0,0,0,0,0,0,0,0,0
@TheRealOJ32 Hey @Twitter can you please remove the #murderer and convicted felon (kidnapping and armed robbery)?     Thanks    /s/ Civilized Society,eng,hasoc_en_1845,0,0,0,0,0,0,0,0,0,0,0,0
Upto 85% Off On Raincoats    https://t.co/Z1uw6bbIMT    Wildcraft Solid Women Raincoat  @ Rs.495 (mrp-1295)    https://t.co/2TEM1LbtKy    #DoctorsFightBack #SaveBengal #amazon #flipkart #deals #dealoftheday #amazingdeals #offers #discount #JaiShreeRam #ModiForAll,eng,hasoc_en_1846,0,0,0,0,0,0,0,0,0,0,0,0
@TheRealOJ32 Any luck finding Nicole’s killer? #MURDERER,eng,hasoc_en_1847,0,0,0,0,0,0,0,0,0,0,0,0
This is why UP Police took @PJkanojia by force who were in civil dress claims his wife.....    Why is this news not a national outrage?  #IStandWithPrashantKanojia   Why #DhoniKeepsTheGlove is important and not the missing #AN32 ?    Time 4 media 2 get their priorities right  #SaveNews https://t.co/ufiEwOU4RP,eng,hasoc_en_1848,0,0,0,0,0,0,0,0,0,0,0,0
@TimRunsHisMouth Sometimes karma needs the help of thousands of people on Twitter I guess. #fucktrump happy #JohnMCainDay,eng,hasoc_en_1849,0,0,0,0,0,0,0,0,0,0,0,0
@csmay144k @realDonaldTrump @MarshaBlackburn God Bless a Real American 🇺🇸👍🏆🥇#TrumpIsATraitor   #JohnMcCainDay https://t.co/8s7p070c3F,eng,hasoc_en_1850,0,0,0,0,0,0,0,0,0,0,0,0
Breaking news: Franklin Graham confesses that Putin is his god.  #ImpeachTrump #teamtreason #PutinsPuppet #MuellerReport #ReleaseTheFullMuellerReport #BarrCoverUp #ImpeachBarr #Treason #TrumpIsATraitor https://t.co/ULRrK4YOPC,eng,hasoc_en_1851,0,0,0,0,0,0,0,0,0,0,0,0
@LillianVikingDK @SFutorian @myserenity69 @TrinityResists @laureldavilacpa @mommamia1217 @LunaLuvgood2020 @MrScottLads @jomareewade @Rey_Sistance @Augustus709 @ScarletAvengers @mcspocky #HappyJohnMcCainDayJune14   #JohnMcCainDay &lt,eng,hasoc_en_1852,0,0,0,0,0,0,0,0,0,0,0,0
Back in the days (2014?)when Ive was drawing a graphic novel for @swampmusicinfo ...#tbt #noir #zhanoir #swampmusicplayers #graphicnovel #comic #filmnoir #vintage #50s #mystery #murderer #theswamp #artistsofinstagram… https://t.co/u2BBIB9D6Q,eng,hasoc_en_1853,0,0,0,0,0,0,0,0,0,0,0,0
The NIA claimed in a press statement today  that Alam revealed in his custodial interrogation that “Pakistan-based agents route the funds through ‘hawala’ operators which were transferred to the separatist leaders. @LillyMaryPinto @Prima_She @muglikar_     #terroristNationPakistan,eng,hasoc_en_1854,0,0,0,0,0,0,0,0,0,0,0,0
Hey @ICC pls get the below kit and make sure the game between #IndiaVsPakistan happens as scheduled. @cricketworldcup #CricketWorldCup2019   #ShameOnICC #RainStopsMatch     https://t.co/6MhuAC9uQf https://t.co/4KXpTezESb,eng,hasoc_en_1856,0,0,0,0,0,0,0,0,0,0,0,0
Timewear Analogue White Round Dial Leather Strap Watches  @ Rs.299    https://t.co/1VcTXbme5W    #DoctorsFightBack #SaveBengal #amazon #flipkart #deals #dealoftheday #amazingdeals #offers #discount #JaiShreeRam #ModiForAll,eng,hasoc_en_1858,0,1,0,0,0,0,0,0,0,0,0,1
Indians Overwhelmingly Back Dhoni For Honouring Indian Army Soldiers #DhoniKeepsTheGlove    https://t.co/CozfAhtzWB,eng,hasoc_en_1859,0,0,0,0,0,0,0,0,0,0,0,0
Dear @ICC looked at this.  @BCCI @ECB_cricket #DhoniKeepsTheGlove #DhoniKeSaathDesh #ICCWorldCup #INDvAUS #Balidan #Dhoni https://t.co/STbTUYSZiw,eng,hasoc_en_1860,0,0,0,0,0,0,0,0,0,0,0,0
@WhiteHouse That is absolutely disgusting. A treasonous lier with ties to Russia has no business being associated with our flag. #ImpeachTrump #TrumpIsATraitor #TrumpRussia,eng,hasoc_en_1861,0,0,0,0,0,0,0,0,0,0,0,0
#MamataLosingControl #mamtafrustrated #DoctorsFightBack   @narendramodi sir kindly impose #PresidentsRule over #WestBengal to #SaveBengal https://t.co/4FGGI2ldXg,eng,hasoc_en_1862,0,0,0,0,0,0,0,0,0,0,0,0
Paediatrician seeing his patients while on protest rally.     Didi &amp,eng,hasoc_en_1863,0,0,0,0,0,0,0,0,0,0,0,0
@LindseyGrahamSC     HAPPY JOHN McCAIN DAY  #JohnMcCainDay   #JohnMcCainDayJune14   #HapppyJohnMcCainDay     #fuckTrump https://t.co/lUjs2JLmJT,eng,hasoc_en_1864,0,0,0,0,0,0,0,0,0,0,0,0
Scare stories my arse you ain't heard the half it yet.   #BorisJohnsonShouldNotBePM  https://t.co/74y8mazo5V,eng,hasoc_en_1865,0,0,0,0,0,0,0,0,0,0,0,0
#Dummy. Pressure campaign is just getting warmed up. Can't wait to retaliate against the women traders for displaying our soldiers on iranian tv.     P.S Have you gotten that dirt on Trump you were hoping for from the RUSSIANS EVERYONE heard you talking to on the phone? #dickhead https://t.co/fEMOwBT58u,eng,hasoc_en_1866,1,0,0,0,0,0,0,0,0,0,0,1
Watching #AmericanFrightFest on @Tubi &amp,eng,hasoc_en_1868,0,0,0,0,0,0,0,0,0,0,0,0
I guess @BorisJohnson doesn't need to turn up to #ToryLeadershipContest hustings as he knows he will be in final 2 and then aged @Conservatives Gammon members will mostly vote for him?  #BorisJohnsonShouldNotBePM,eng,hasoc_en_1869,0,0,0,0,0,0,0,0,0,0,0,0
#DoctorsFightBack  Doctors across all Telangana and AP are with you #BengalDoctorsStrike #unitedforacause  #SAVEDOCTORS #savehumanity https://t.co/RDADVDO7Qo,eng,hasoc_en_1870,0,0,0,0,0,0,0,0,0,0,0,0
This is what Pakistani fans wanna see on 16th of June! Their only hope!   @arsalanhshah @SarfarazA_54 @BCCI @ICC @cricketworldcup @ImranKhanPTI     #ShameOnICC #fathersdaygifts #FathersDay #baapbaaphotahai https://t.co/P7xJTIFXsu,eng,hasoc_en_1874,0,0,0,0,0,0,0,0,0,0,0,0
Dhoni Bhai Proud of You #DhoniKeepsTheGlove,eng,hasoc_en_1876,0,0,0,0,0,0,0,0,0,0,0,0
#Trump Hugely Sabotages USA &amp,eng,hasoc_en_1878,1,0,0,0,0,0,0,0,0,0,0,1
Support for Indian doctors coming from Nepal and Pakistan as well. #standwithnrs #DoctorsFightBack #Savedoctors @mosaytasdoc @UnitedRda @DrUdgeeth @nvvarsha @TheDocTales https://t.co/0chIiDmJnt,eng,hasoc_en_1880,0,0,0,0,0,0,0,0,0,0,0,0
Hyderabad - NIMS     Woman (46) admitted with multiple organ failure died. Family chased resident doctor (Muslim) and beat him. #DoctorsProtest #DoctorsFightBack https://t.co/5a4P40eFYi,eng,hasoc_en_1882,0,0,1,1,0,0,0,0,0,0,0,1
@beth_weissman yep and now he's on Twitter saying he has a lot of ' getting even to do ' 🔪 #murderer,eng,hasoc_en_1884,0,0,0,0,0,0,0,0,0,0,0,0
@realDonaldTrump @USArmy Happy #JohnMcCainDay #Brokeahontas #fucktrump #resign,eng,hasoc_en_1885,0,0,0,0,0,0,0,0,0,0,0,0
Do what Linsey says!  #FuckTrump #OrangeFoolius #MAGA #AmericaFirst #BeBest https://t.co/4fJgj7q5GH,eng,hasoc_en_1886,0,0,0,0,0,0,0,0,0,0,0,0
@BDUTT @msdhoni @adgpi Resounding that #DhoniKeepsTheGlove,eng,hasoc_en_1887,0,0,0,0,0,0,0,0,0,0,0,0
@RifatJawaid Rifat please note #CricketWorldCup2019 is also not a religious event or a prayer ground.   #DhoniKeepsTheGlove,eng,hasoc_en_1888,0,0,0,0,0,0,0,0,0,0,0,0
@MeredthSalenger Anything to get a war to distract. #FuckTrump #FuckPompeo #GulfOfTonkin all over again. #SeerhingAnger I have. https://t.co/DmW9fwZjl9,eng,hasoc_en_1889,0,0,0,0,0,0,0,0,0,0,0,0
Read: OSC Letter recommending Kellyanne Conway removal from White House post #Resist #ResistTrump #FuckTrump https://t.co/iammkwJLIz,eng,hasoc_en_1890,0,1,0,0,0,0,0,0,0,0,0,1
Fact One  @RoryStewartUK and #Boris Johnson attend Eton and Oxford  #RoryStewart becomes Foreign office Diplomat awarded OBE for services in Afghanistan  #BorisJohnson becomes Times Newspaper Columnist sacked for deception  #roryforleader #BorisJohnsonShouldNotBePM,eng,hasoc_en_1891,0,0,0,0,0,0,0,0,0,0,0,0
DON'T #Retweet This Because #Trump Doesn't Want You To Retweet His #Impeachment Fear #FuckTrump #IndictTrump #JailTrump #Resistance #Resist #Drumpf #TrumpObstruction #TrumpCorruption #BLOTUS #TrumpRussia #CrookedTrump #TrumpCrimes #Impeach45 #Indict45 #FBR https://t.co/7tmZ86aN8B,eng,hasoc_en_1893,1,0,0,0,0,0,0,0,0,0,0,1
@realDonaldTrump @USArmy Draft Dodgers aren’t allowed to hang out with real War Heroes.    #FuckTrump and his five fake deferments for ‘bone spurs’    Happy John McCain Day! https://t.co/czQI1lsEX9,eng,hasoc_en_1894,0,0,0,0,0,0,0,0,0,0,0,0
@brother_barnes @morganisawizard Please don’t.  #murderer,eng,hasoc_en_1896,0,0,0,0,0,0,0,0,0,0,0,0
@Restart_512 @Restart_iran201 @realDonaldTrump @foxandfriends @FoxNews You know that Trump is the spawn of Satan? #TrumpResignNow #TrumpUKVisit #TrumpRussia #TrumpIsATraitor,eng,hasoc_en_1898,1,0,0,0,0,0,0,0,0,0,0,1
@ICC can see @msdhoni badge but doesn't see the ground was not covered.  Most developed Country in 🌏 and call 🏏 as the national sports Yet can't do anything for the biggest tournament. Learn something from #EdenGarden  #ShameOnICC #WorldCup2019 #iccrain,eng,hasoc_en_1900,0,0,0,0,0,0,0,0,0,0,0,0
@Paul_VanDerMeer @tribelaw Voter suppression was also big factor. We can thank our own home-grown traitors the Koch Brothers and the Republican Party for that.  #CorruptGOP   #TrumpIsATraitor  #TrumpCriminalInvestigations,eng,hasoc_en_1901,1,0,0,0,0,0,0,0,0,0,0,1
@pam_brundige @TomandSteffani @IndivisibleVV @gifa1gino @bmdowney @steventx24 @Glaz1965 @merniebodman @NoFascismMarch @LarryStratton29 @donna_spackman @mjo1962_ @cyn_Dar @MoBlueNow @FinallyWoke @MsCella @darhorsley @NeildeVere #JohnMcCainDay #ImpeachmentI,eng,hasoc_en_1902,0,0,0,0,0,0,0,0,0,0,0,0
Lynching of a doctor is ok for #Liberal #AwardWapsi Gang #pseudoseculars n all political parties Doctors are not vote bank so why to care for them #DoctorStrike #DoctorsFightBack #DoctorsProtest Being a professional I support ur cause,eng,hasoc_en_1903,0,0,0,0,0,0,0,0,0,0,0,0
As part of protest against the recent attack on two junior doctors in West Bengal there are more than 600 doctors from multiple colleges and hospitals have resigned.     We stand with you.     #StopViolenceAgainstDoctors #DoctorsFightBack #kronik969 #standwithyou https://t.co/4zdb2lUWyC,eng,hasoc_en_1904,0,0,0,0,0,0,0,0,0,0,0,0
Some Cars its wiser to stay away from!!  😣😔😥... 😅😁😁😁😁😏  #fear #not #eyes #open #peeled #set #up #enemy #truly #beware #liars #molestors #rapist #all #shit #eat #eaters #tire #not #solid #soldier #God #first https://t.co/AEILxDvfFG,eng,hasoc_en_1906,0,0,0,0,0,0,1,0,0,0,1,1
@MSNBC No worries. I hear HELL is pretty negative.  #MURDERER,eng,hasoc_en_1907,0,0,0,0,0,0,0,0,0,0,0,0
SOMEONE PLEASE GET A STRAIGHT JACKET AND GET HIM OUT OF THE WHITE HOUSE! #EnoughIsEnough #WakeupAmerica  #TrumpIsATraitor  @Carolyny1948  @funder @ReaderAdrift @Tully477  @cherokeesher2 @SwtCaroline2213 @naretevduorp   @erikgrad @DemResistance @ROBERTMWALKER    https://t.co/DwX59hXYur,eng,hasoc_en_1908,0,1,0,0,0,0,0,0,0,0,0,1
https://t.co/aiCmp4tdNr    There are no depths to which Bojo will sink. I wish someone would blast 'Scotland The Brave' outside his residence everyday. Playing bagpipes. :)  #Scotland #borisjohnson #BorisJohnsonShouldNotBePM,eng,hasoc_en_1909,0,0,0,0,0,0,0,0,0,0,0,0
#Qld   Serial #rapist photographer jailed for abusing 15children #KyeJohnTanson gets 19yrs jail Such alousy sentence  He only has to service 80% of sentence  Cook states #Tanson can’t be rehabilitated   ⁦@YvetteDAth ⁦@AnnastaciaMP⁩ ⁦@QldPolice⁩  https://t.co/mIkd9KJPte,eng,hasoc_en_1910,0,0,0,0,0,0,0,0,0,0,0,0
Hi I have the same birthday as Donald Trump so I say we make June 14th Happy Birthday Ianna day because if there is anything Trump would hate it’s a gay Latina getting his birthday attention #HappyBirthdayMrPresident #fucktrump #pridemonth,eng,hasoc_en_1911,1,0,0,1,0,0,0,0,0,0,0,1
I don't recognized a person's birthday if I would prefer they had never been born.  #HappyJohnMcCainDayJune14   #HappyJohnMcCainDay   #RIPJohnMcCain  #JohnMcCainDay  #FridayFeeling   #NoMoreTrump  #TraitorTrump   #TrumpIsATraitor   #TrumpMustResign   #TrumpObstructedJustice   #TrumpProtest,eng,hasoc_en_1912,0,0,0,0,0,0,0,0,0,0,0,0
Analysis: 24 bonkers lines from Trump's ABC interview #Resist #ResistTrump #FuckTrump https://t.co/W9BhCjcgex,eng,hasoc_en_1914,1,0,0,0,0,0,0,0,0,0,0,1
Anyone who invites anyone else to attack America is a traitor. I think that’s fair. #TrumpIsATraitor,eng,hasoc_en_1915,0,0,0,0,0,0,0,0,0,0,0,0
@DocDiesel4 @morten @RepMarkMeadows @realDonaldTrump This wins the Internet for successful brainwashing on full display. #VetsAgainstTrump #CreepyPornPresident #PutinsPuppet #TrumpIsATraitor #CadetBoneSpurs #TrumpisaLoser,eng,hasoc_en_1916,0,0,0,0,0,0,0,0,0,0,0,0
@reliancejio @jio_money @JioCare @JioChat @JioCinema   Uploaded 100GB of files. Thank you.  #HappyBirthdayNBK #India #ICCWorldCup2019 #BringTheCupHome #jio #IndvAus #keepthegloves #Dhoni #DhoniKeepsTheGlove #BalidanBadge #googlephotos #Balakrishna #Balayy,eng,hasoc_en_1918,0,0,0,0,0,0,0,0,0,0,0,0
We will never give up   #DoctorsUnderOppression  #DUO  #Doctors_are_oppressed_in_Morocco  #medicalstudentsstrike  #DoctorsFightBack  #Medical_students_are_mad  #DOCTORS_SEEKJUSTICE  #the_healing_hand_shouldnt_be_bleeding https://t.co/De56lkaRDp,eng,hasoc_en_1921,0,0,0,0,0,0,0,0,0,0,0,0
Dear @ICC instead of banning @msdhoni to wear  gloves with BALIDAN remark.. please improve your umpiring   Your umpiring system is the poorest and making mistrust instead fair game.   @1sInto2s @BCCI  #DhoniKeepsTheGlove  #ICC  #WorldCup2019   #BalidaanBadge https://t.co/0sZJrS4aYU,eng,hasoc_en_1922,0,0,0,0,0,0,0,0,0,0,0,0
Happy #JohnMCainDay oh is it the presidents birthday too? Oh my god??? I forgot! #HappyJohnMcCainDay #fucktrump,eng,hasoc_en_1924,0,0,0,0,0,0,1,0,0,0,1,1
@realDonaldTrump How old are you? No do over? We haven't even started getting to the bottom of all your crimes. #TrumpsWorseThanNixon #TrumpCrimeFamily #PutinsPuppet #FuckTrump #TrumpCrimeFamily #Resign,eng,hasoc_en_1925,0,0,0,0,0,0,0,0,0,0,0,0
Over 700 Bengal Doctors set a precedent against Hitler Politicians by mass resignation.    #DoctorsFightBack to #SaveBengal from the clutches of #MamataBanerjee and her Muslim appeasement politics.    Medical Emergency in Bengal.    https://t.co/hXzMnjzSa8,eng,hasoc_en_1926,0,0,1,0,0,0,0,0,0,0,0,1
Representative Duncan Hunter’s Wife Pleads Guilty in Corruption Case #Resist #ResistTrump #FuckTrump https://t.co/7msI4DF1LS,eng,hasoc_en_1929,0,0,0,0,0,0,0,0,0,0,0,0
@BorisJohnson I was a lifelong Conservative until the referendum. Just joined the Liberal Democrats. That is the measure of your success. #BorisJohnsonShouldNotBePM,eng,hasoc_en_1930,0,0,0,0,0,0,0,0,0,0,0,0
#JohnMcCainDay #TrumpIsATraitor @realDonaldTrump     Something donny accomplished that McCain never did... https://t.co/YTKuUVtSZA,eng,hasoc_en_1931,0,0,0,0,0,0,0,0,0,0,0,0
Johnson vs Trump  #BorisJohnson #DonaldTrump #boris #ToryLeadershipContest #brexit #tradewar #BorisJohnsonShouldNotBePM #NotMyPM #toryracism #tories #Conservatives #ConservativeLeadershipRace #slang https://t.co/2CZhCxsJ8Z,eng,hasoc_en_1933,1,0,0,0,0,0,0,0,0,0,0,1
Hope he’s not driving back #Murderer https://t.co/gq9rKd7CCe,eng,hasoc_en_1934,0,0,0,0,0,0,0,0,0,0,0,0
@ICC Is truly islamic cricket council shame on icc #DhoniKeepsTheGlove,eng,hasoc_en_1939,0,0,0,0,0,0,0,0,0,0,0,0
#ShameOnICC  Three times more allotment to #WC2019 than for India's #WC17 #T20. Proves bias.    English cricket couldn't buy covers for Trent Bridge.    Four matches wasted. Imagine losses for fans who traveled from abroad.    Mean @ICC could have decided Champion by toss of coin.,eng,hasoc_en_1940,0,0,0,0,0,0,0,0,0,0,0,0
#QuestionOfTheDay: #Quiz    542. Which blood group is called universal donor ?    [A] AB+  [B] AB-  [C] O+  [D] O-    Answer✍ &amp,eng,hasoc_en_1941,0,0,0,0,0,0,0,0,0,0,0,0
Doctors strike continues across nation they need justice for them. #DoctorsProtest #DoctorsStrike #DoctorsFightBack,eng,hasoc_en_1944,0,0,0,0,0,0,0,0,0,0,0,0
@GOP @realDonaldTrump Great job murdering 24 immigrants so far.. #MurdererInChief #FuckTrump #ResignTrump https://t.co/yzMs54s7K0,eng,hasoc_en_1945,0,0,0,0,0,0,0,0,0,0,0,0
buh bye @justinamash      and Trump hasn't even started campaigning for Jim Lower yet     i'm sure @CNN can use you in their 1am time slot after you lose primary by landslide     #dickhead    https://t.co/uNupyBCsTm,eng,hasoc_en_1947,1,0,0,0,0,0,0,0,0,0,0,1
#MoronTrump Caught In White House-Sized Lie That He Can't Weasel Out Of #TrumpIsATraitor #VoteBlue2020  https://t.co/GYA8ncRF3L,eng,hasoc_en_1949,0,1,0,0,0,0,0,0,0,0,0,1
When @SrBachchan wants to take trip of #ICC !!!!! #ICCWorldCup2019   #CWC19   #ShameOnICC   #CWC2019   #INDvNZ   https://t.co/MLcJ97IwWN,eng,hasoc_en_1950,0,0,0,0,0,0,1,0,0,0,1,1
Once again I will be in spirit with all of you! Unfortunately I won’t be joining this time either due to my immigration status. #FUCKTRUMP https://t.co/YvZTb4VC34,eng,hasoc_en_1951,0,0,0,0,0,0,0,0,0,0,0,0
@ICC still has time to change the schedule of @BCCI vs @TheRealPCB match before it gets washed out on Sunday. The people of both nations wait for 4 years for this contest and if the game is cancelled than ICC have no idea about the heat they’ll have to fa,eng,hasoc_en_1953,0,0,0,0,0,0,0,0,0,0,0,0
In my entire life I never thought I'd see the day where the @POTUS went on NATIONAL TV and said was acceptable to cooperate with an enemy against an US citizen.    This is not OK.     @realDonaldTrump is evil. There is no other way to phrase it.    #ImpeachTrumpNow #FuckTrump,eng,hasoc_en_1954,0,0,0,0,0,0,0,0,0,0,0,0
Seniors greeted &amp,eng,hasoc_en_1958,0,0,0,0,0,0,0,0,0,0,0,0
@Chadwick_Moore @WillHutson81 What ur OBVIO incapable of Understanding is the 'GayPride' Flag is a Symbol of INCLUSIVENESS  Important in a Time when a #Liar a #Rapist a #Criminal &amp,eng,hasoc_en_1959,0,0,0,0,0,0,0,0,0,0,0,0
@ALT_uscis WaPo photographer had a pretty good photo - close up - showing the contents.  It's an agreement with Mexico.  #FuckTrump,eng,hasoc_en_1960,0,0,0,0,0,0,0,0,0,0,0,0
@ICC Poor effort 👎🏻👎🏻 #DhoniKeepsTheGlove,eng,hasoc_en_1963,0,0,0,0,0,0,0,0,0,0,0,0
@realDonaldTrump Mind your own bullshit will yah? Oh and whilst at it mind all the innocent kids and lives that have gone and you did absolutly nothing about it! #dickhead #TrumpFail,eng,hasoc_en_1965,0,0,0,0,0,0,0,0,0,0,0,0
@realDonaldTrump The dishonest Trump crime family objectives is to steal from the US taxpayers. So sad! The true enemy of the people is the GOP for allowing the atrocity known as Benedict Donald to remain in the Oval Office. #PutinsPuppet #TrumpIsATraitor,eng,hasoc_en_1966,1,0,0,0,0,0,0,0,0,0,0,1
No. of doctors who resigned in West Bengal ..up from 700 to 973   #DoctorsFightBack,eng,hasoc_en_1967,0,0,0,0,0,0,0,0,0,0,0,0
Treason. TREASON. #TrumpIsATraitor https://t.co/jR6DnggzzM,eng,hasoc_en_1968,0,0,0,0,0,0,0,0,0,0,0,0
The Vaping Congressman's Wife Has Flipped #Resist #ResistTrump #FuckTrump https://t.co/MDJHyTrmW2,eng,hasoc_en_1970,0,0,0,0,0,0,0,0,0,0,0,0
@realDonaldTrump Has anyone told you today how much of a fucking tool you are?! No... Ok.  YOU'RE A FUCKING TOOL!!!   Have a great day 😁  #impeach45 #fucktrump,eng,hasoc_en_1971,0,0,0,0,0,0,1,0,0,0,1,1
Thank u @ICC for selecting venue of @cricketworldcup at England 🏴󠁧󠁢󠁥󠁮󠁧󠁿 now plz re designed the #Trophy to 👇🏻 ! #ICCWorldCup2019 #ICCRainCup2019 @BCCI #RainStopsMatch #ShameOnICC https://t.co/JINr7YxMab,eng,hasoc_en_1972,0,0,0,0,0,0,0,0,0,0,0,0
@AnaCabrera @MalcolmNance Attention #CNN :     JULY 2015: #TrumpIsATraitor chose #Russian SPY at FREEDOM FEST   (Putin Sanctions)   JULY 2018: She met w Trump Jr     2018: #GOPTraitors LIFT sanctions  Apr  2019: She admits she's Secret agent for Kremlin,eng,hasoc_en_1975,1,0,0,0,0,0,0,0,0,0,0,1
@realDonaldTrump     Happy #JohnMcCainDay!    and #FUCKTRUMP https://t.co/bChlVtpbKy,eng,hasoc_en_1976,0,0,0,0,0,0,0,0,0,0,0,0
@ICC come on guys...  We didn't wait 4 years to see rain wash off our matches...  This is the #WorldCup2019   Keep the abandoned matches and slightly reschedule the finals..  Give fans what they want!   #RainStopsMatch #ShameOnICC #CWC19,eng,hasoc_en_1979,0,0,0,0,0,0,0,0,0,0,0,0
@markrmilburn @joshscampbell Ha! One more time with feeling! #murderer That's ma'am to you.,eng,hasoc_en_1980,0,0,0,0,0,0,0,0,0,0,0,0
Shocking crime on Xmas day...    https://t.co/Xkixt47J25    #crime #UK #murderer,eng,hasoc_en_1981,0,0,0,0,0,0,0,0,0,0,0,0
No one needs a War more than a Presidunce (@realdonaldtrump) slumping in the polls. ~ Everyone Who Has Ever Read A History Book    #PompeoIsALiar #BoltonIsAFool #TrumpIsATraitor #LindseyIsAPatsy https://t.co/wvP630Gb6h,eng,hasoc_en_1982,0,0,0,0,0,0,0,0,0,0,0,0
@maydaymindy9 @melpriceHB Definitely not alone!! I want my normal life back!! Want to stress about normal shit not this stuff. Im drained but still resisting!! #HappyJohnMcCainDay2019 #FuckTrump,eng,hasoc_en_1983,0,0,0,0,0,0,1,0,0,0,1,1
'450 Peppa Pigs for the NHS'     #LobbyHustings   #ToryLeadershipContest   #BorisJohnsonShouldNotBePM https://t.co/qCtmszSyXz,eng,hasoc_en_1985,0,0,0,0,0,0,0,0,0,0,0,0
Where’s Walley. Oh l mean where’s @BorisJohnson They seek him here they seek him there. #borisinhiding #BorisJohnsonShouldNotBePM https://t.co/yJjVfZKO61,eng,hasoc_en_1986,0,0,0,0,0,0,0,0,0,0,0,0
Trump Is Assailed for Saying He Would Take Campaign Help From Russia #Resist #ResistTrump #FuckTrump https://t.co/kouu9obQxM,eng,hasoc_en_1987,1,0,0,0,0,0,0,0,0,0,0,1
That's how the trophy will be handed over to the winner of #ICCCricketWorldCup2019  #ShameOnICC https://t.co/PUJQPVbs7t,eng,hasoc_en_1988,0,0,0,0,0,0,0,0,0,0,0,0
These are internment camps. Call them for what they are #fucktrump https://t.co/NgUM01wtTn,eng,hasoc_en_1989,0,0,0,0,0,0,0,0,0,0,0,0
Key Battles to Watch Out for India-Pakistan Cricket World Cup match #cricketlive #ICCWorldCup2019  #INDvPAK #CricketWorldCup19 #AUSvPAK #INDvsPAK #CWC19 #CWC2019 #Kohli #DhoniAtCWC19 #ICCCricketWorldCup2019 #Dhoni #RainasInningsWithHavells #DoctorsFightBack  https://t.co/D9Uk8MN3LD,eng,hasoc_en_1990,0,0,0,0,0,0,0,0,0,0,0,0
Cricket fans to ICC😡😡   #CricketWorldCup19   #INDVNZ   #ShameOnICC      https://t.co/mjJWyy3YBJ,eng,hasoc_en_1991,0,0,0,0,0,0,0,0,0,0,0,0
A single doctoes life costs a thousand of patients life. Stand with them to build a healthy society. Say no to mamta less banerjee.  #SaveBengalFromTMC   #Savethedoctors   #SaveTheSaviours   #standwithNRS   #DoctorsFightBack   #DoctorStrike   #DoctorsUnderOppression,eng,hasoc_en_1992,0,0,0,0,0,0,0,0,0,0,0,0
Are you on high while planning???? #ShameOnICC,eng,hasoc_en_1993,0,0,0,0,0,0,1,0,0,0,1,1
@VABVOX @docrocktex26 What kind of “father” would a #Rapist make? Can he be trusted with children? Only a very demented pervert would think this is a good idea!,eng,hasoc_en_1994,0,0,0,0,0,0,0,0,0,0,0,0
Strauss Tummy Twister @ Rs.499    https://t.co/2dBvQW2Kix    #DoctorsFightBack #SaveBengal #amazon #flipkart #deals #dealoftheday #amazingdeals #offers #discount #JaiShreeRam #ModiForAll,eng,hasoc_en_1996,0,0,0,0,0,0,0,0,0,0,0,0
Royal Foldable Double Bed Mosquito Net   @ Rs.863 (mrp-2000)    https://t.co/58tPuhLJI7    Upto 55% Off on Pest Control  https://t.co/FLRIpwHAPD    https://t.co/58tPuhLJI7    #DoctorsFightBack #SaveBengal #amazon #flipkart #deals #dealoftheday #amazingdeals #offers #discount #JaiShreeRam,eng,hasoc_en_1997,0,0,0,0,0,0,0,0,0,0,0,0
#Trump Fails Hugely.47 Million Americans Are Evidence #FuckTrump #Impeach45 #TrumpFails #Progressive #ReSisters #ReSister #TheResistance #Resistance #Dems #PRU #Dem #Resist #Drumpf #StopTrump #AntiTrump #DumpTrump #NotMyPresident #TrumpLies #BLOTUS #FBR https://t.co/sYRzmgaE9L,eng,hasoc_en_2000,1,0,0,0,0,0,0,0,0,0,0,1
#DoctorsFightBack  @MamataOfficial dear didi don't make it your ego issue.  You are making mess out of it.   Don't play politics with poor patients life.   I hope lord shri Ram will give you better understanding.  Jay shri ram 🚩,eng,hasoc_en_2002,0,0,0,0,0,0,0,0,0,0,0,0
@narendramodi #MannKiBaat #DoctorsFightBack     AIIMS Doctors on strike in solidarity with Mamata Banerjee’s persecution of doctors.  This tyranny of hers must come to an end!    https://t.co/fcoKrEuXK0,eng,hasoc_en_2003,0,0,0,0,0,0,0,0,0,0,0,0
India stands with Dhoni..  #DhoniKeepsTheGlove https://t.co/om4Wg16JNL,eng,hasoc_en_2004,0,0,0,0,0,0,0,0,0,0,0,0
#DhoniKeepsTheGlove @msdhoni  keep wearing those gloves. @ICC @BCCI . Indians boycott the world cup.,eng,hasoc_en_2006,0,0,0,0,0,0,0,0,0,0,0,0
Karnataka doctor commits suicide at PGIMS Rohtak after denied leave for sister's wedding https://t.co/Z056DsTroa  #SaveTheDoctors   #DoctorsFightBack   #DoctorsProtest   #DoctorsStrike,eng,hasoc_en_2008,0,0,0,0,0,0,0,0,0,0,0,0
Do you want to see today @msdhoni like this sir @sachin_rt ?    #AskStar #sachinopenagain #INDvAUS #WorldCup2019 #live #msdhonigloves #DhoniKeepsTheGlove https://t.co/E05fjfROCC,eng,hasoc_en_2009,0,0,0,0,0,0,0,0,0,0,0,0
@RandalBudzilo @realDonaldTrump Our borders are just as secure in the south .drugs and criminals enter America through the east &amp,eng,hasoc_en_2010,0,0,0,0,0,0,0,0,0,0,0,0
@andybrexiteer @twitchingphil @artdavisjazz Well I've got to agree with @twitchingphil. Every household should have rec'd the latest 500 page EU propaganda dossier produced by Cameron at the expense of taxpayer. A £9M bill for his Remain leafleting was si,eng,hasoc_en_2011,0,0,0,0,0,0,0,0,0,0,0,0
God Save people of #Bengal   #IstandwithNRS   #DoctorsFightBack   #Savethedoctors https://t.co/a1FKPiKZh1,eng,hasoc_en_2013,0,0,0,0,0,0,0,0,0,0,0,0
Anyone want any carpets taking up let me know I’ll send our Reggie🐶 he’s just done a lovely job in my bedroom 🤦🏻‍♀️ #staffy #darkdestoryer #dickhead,eng,hasoc_en_2014,0,0,0,0,0,0,0,0,0,0,0,0
This is what is wrong with America. This is why I’m no longer a Republican. This is BS. That is all. #reformedrepublican          #fucktrump https://t.co/mJjXgjZjD3,eng,hasoc_en_2015,1,0,0,0,0,0,0,0,0,0,0,1
#CWC19 #ShameOnICC  ANNOUNCEMENT to all cricket lovers. Presentation ceremony is to be conducted on July 14th to present this 👇prestigious cup to Rain ☔ Team. All are Welcome 🙏🙏🙏 https://t.co/UtjSnthKaG,eng,hasoc_en_2016,0,0,0,0,0,0,0,0,0,0,0,0
We're LIVE --&gt,eng,hasoc_en_2017,0,0,0,0,0,0,0,0,0,0,0,0
Hey @ICC see how stupid you guys are..🤭🤭🤭    BTW #ShameOnICC     #INDvPAK https://t.co/seZEW9g98D,eng,hasoc_en_2018,0,0,0,0,1,0,0,0,0,0,1,1
Buttigieg Backs a Future Criminal Investigation Into Trump #Resist #ResistTrump #FuckTrump https://t.co/MrNk7I0yqi,eng,hasoc_en_2019,1,0,0,0,0,0,0,0,0,0,0,1
This is how ICC see ms dhoni gloves #DhoniKeepsTheGlove https://t.co/TBPX6mKv6V,eng,hasoc_en_2020,0,0,0,0,0,0,0,0,0,0,0,0
@realDonaldTrump You do realize no one believes a word you say. #NervousDonald #AmericansForImpeachment #WorstPresidentEver #TrumpIsATraitor,eng,hasoc_en_2022,0,0,0,0,0,0,0,0,0,0,0,0
Feeling like weather #YouNeedToCalmDowm so that we can enjoy #CWC2019 .#ICC has already ruined it with their awful decisions and they don't even bother #ShameOnICC,eng,hasoc_en_2023,0,0,0,0,0,0,0,0,0,0,0,0
The Untold Story of Sunny Leone https://t.co/peVvLpN9pD via @YouTube #sunneyleone #bollywood #parallelmedia  #IndiaWithDhoni  #dhonikesaathdesh  #BharatRoarsOnDay3  #DhoniKeepsTheGlove  #PAKvSL  #BIGDAYSGAZEONTANHAJI  #Kundru  #KNACKDHANUSHBIRTHDAYIN50D   #SaketKumar  #Thiem,eng,hasoc_en_2024,0,0,0,0,0,0,0,0,0,0,0,0
It’s June 14 in DC,eng,hasoc_en_2025,0,0,0,0,0,0,0,0,0,0,0,0
@MamataOfficial attack this doctor in 2011 &amp,eng,hasoc_en_2026,0,0,0,0,0,0,0,0,0,0,0,0
@realDonaldTrump only thing fake is the votes they changed to have you win..  #FuckTrump,eng,hasoc_en_2027,0,0,0,0,0,0,0,0,0,0,0,0
Elementary school worker quits after making racist comments to students #Resist #ResistTrump #FuckTrump https://t.co/9ccLNjkY9N,eng,hasoc_en_2028,0,0,0,0,0,0,0,0,0,0,0,0
Doctors' bodies seek law to thwart violence     READ: https://t.co/9T2v088zSc     #DoctorsStrike #DoctorsFightBack https://t.co/lAtfPCzbHr,eng,hasoc_en_2029,0,0,0,0,0,0,0,0,0,0,0,0
@WhiteHouse Did that flag sign a NDA before it was molested?  #DopeyDonald  #FuckTrump  #FakeMelania  #CreepyPence  #Impeach45,eng,hasoc_en_2030,0,0,0,0,0,0,0,0,0,0,0,0
#DoctorsStrike Mass Murderer Yasin Malik has human rights but doctors don't have!Save doctors of ur state B4 crying 4 save democracy.  West Bengal want Freedom from @MamataOfficial.   West Bengal want freedom from violence&amp,eng,hasoc_en_2031,0,0,0,0,0,0,0,0,0,0,0,0
#DoctorsFightBack MB shouldn't be allowed to meet the injured doctor till all the attackers are arrested.,eng,hasoc_en_2032,0,0,0,0,0,0,0,0,0,0,0,0
INJUSTICE ANYWHERE IS A THREAT TO THE JUSTICE EVERYWHERE - Martin Luther King Jr.    Each and every part of the community must stand with each other at times of crisis.  #DoctorsFightBack   #doctors_against_assualt https://t.co/nrZlJHFlWu,eng,hasoc_en_2033,0,0,0,0,0,0,0,0,0,0,0,0
Save Your Saviours ♥️🙏🏻    #SaveTheSaviour #SaveOurDoctors #SaveBengal #standwithnrsmch #istandwithnrsmch #DoctorsFightBack #DoctorsProtest #Doctors #doctor #medicine #medicalstudent #savedoctor #savedoctors https://t.co/SJzbqk50ts,eng,hasoc_en_2034,0,0,0,0,0,0,0,0,0,0,0,0
*119 doctors in West Bengal had resigned over voilence    *Called for Nation wide protest     #SaveBengal   #DoctorsFightBack,eng,hasoc_en_2035,0,0,0,0,0,0,0,0,0,0,0,0
@realDonaldTrump #TrumpTantrum AGAIN #TrumpMustResign for #TrumpIsNotAboveTheLaw #TrumpIsATraitor     #VoteBlueToSaveAmerica from the #GOPCorruption     #RepublicansForImpeachment,eng,hasoc_en_2039,0,0,0,0,0,0,0,0,0,0,0,0
#CBHaveYourSay #ShameOnICC  11 team is playing. Rain will be winner this year. https://t.co/YyPrLBAmEF,eng,hasoc_en_2040,0,0,0,0,0,0,0,0,0,0,0,0
@realDonaldTrump @senatemajldr @MarkWarner You &amp,eng,hasoc_en_2042,0,0,0,0,0,0,0,0,0,0,0,0
@TimesNow #Aligarh #police is busy protecting #Islamic #rapist monsters &amp,eng,hasoc_en_2043,0,0,0,0,0,0,0,0,0,0,0,0
@GOP That is pure BS... #TrumpIsATraitor https://t.co/BinzwyzrL9,eng,hasoc_en_2044,0,0,0,0,0,0,0,0,0,0,0,0
@bigbluestu42 @aman61bc @RoyalFamily @POTUS @FLOTUS @ClarenceHouse Yup! Bubba #Rapist #BillClinton 🙄🤦‍♀️,eng,hasoc_en_2045,0,0,0,0,0,0,0,0,0,0,0,0
#etsy shop: Benedict Donald so called president is a traitor Short-Sleeve Unisex T-Shirt https://t.co/cFqiGN6kbT #clothing #shirt #streetwear #trump #impeach #treason #traitor #fucktrump #impeachtrump https://t.co/BHsudhUQNc,eng,hasoc_en_2047,1,0,0,0,0,0,0,0,0,0,0,1
Drives like a poes. Skipping every red robot in Sunward Park Boksburg that he can with an entire family and three kids in the car. #douchebag https://t.co/gaQhfz1Vhf,eng,hasoc_en_2048,0,0,0,0,0,0,0,0,0,0,0,0
'Stunning' and 'outrageous': Trump's willingness to accept political dirt from foreign spies makes it 'open season' on US elections -Business Insider. « Single most damaging statement Trump has made since taking office « #TrumpIsATraitor #TrumpCrimeFamily  https://t.co/w8HEdItkew,eng,hasoc_en_2050,1,0,0,0,0,0,0,0,0,0,0,1
Our anger should be towards this and not towards @ICC - we are collapsing as a society.     #DhoniKeepsTheGlove. https://t.co/71ZDe65mVh,eng,hasoc_en_2052,0,0,0,0,0,0,0,0,0,0,0,0
#ShameOnICC    We during match day https://t.co/DJaEhb7Vr6,eng,hasoc_en_2053,0,0,0,0,0,0,0,0,0,0,0,0
@Victorialolaimo Can't understand how darts comes before his children #dickhead,eng,hasoc_en_2054,0,0,0,0,0,0,0,0,0,0,0,0
UAE Enlisted Businessman to Spy On Trump White House #Resist #ResistTrump #FuckTrump https://t.co/N24gTfsa6p,eng,hasoc_en_2055,1,1,0,0,0,0,0,0,0,0,0,1
IMA scam: A pre-planned and well-executed fraud    #IMAFraud #PonziScheme  https://t.co/N7mElskhSk,eng,hasoc_en_2056,0,0,0,0,0,0,0,0,0,0,0,0
Indian should learn from Japanese    #BoycottChina   #BoycottChineseProducts https://t.co/qjsPfWPaaO,eng,hasoc_en_2057,0,0,0,0,0,0,0,0,0,0,0,0
New #CWC19 design #shameonicc @ECB_cricket @BCCI https://t.co/ZLPwMyhh8j,eng,hasoc_en_2058,0,0,0,0,0,0,0,0,0,0,0,0
@PatsyResists Everybody stands by America &amp,eng,hasoc_en_2059,0,0,0,0,0,0,0,0,0,0,0,0
What the Horror of “Chernobyl” Reveals About the Deceit of the Trump Era #Resist #ResistTrump #FuckTrump https://t.co/Sjs0plilPU,eng,hasoc_en_2060,1,0,0,0,0,0,0,0,0,0,0,1
Why doctors across India are up in arms. My report #DoctorsFightBack #DoctorsStrike #DoctorStrike #AIIMS https://t.co/mp6K4WeTrH,eng,hasoc_en_2061,0,0,0,0,0,0,0,0,0,0,0,0
Actually scenes in the WorldCup Final at Lords   @ICC  #ShameOnICC #RainStopsMatch https://t.co/IauZfZz60f,eng,hasoc_en_2062,0,0,0,0,0,0,0,0,0,0,0,0
Thank you all for the New Followers! Twitter is being a butch and will only allow me to follow back a few at a time.  I will get to you all ASAP! #resisters #fucktrump  #muchlove,eng,hasoc_en_2064,0,0,0,0,0,0,0,0,0,0,0,0
#helpus #dumptrump #orangebuffoon #impeachnow #trumpisatraitor  Trump Angrily Snaps At Chief Of Staff For Coughing During Interview: ‘You Just Can’t Cough’ - https://t.co/dQW2HeXfL0,eng,hasoc_en_2066,1,0,0,0,0,0,0,0,0,0,0,1
#Imafraud #IMAJewels #Bangalore #Karnataka     @INCKarnataka @INCIndia is it Photoshop work by @BJP4Karnataka ????  @RahulGandhi why 1ly ur mla &amp,eng,hasoc_en_2067,0,0,0,0,0,0,1,0,0,0,1,1
@realDonaldTrump @POTUS Have the worst birthday ever. You deserve it. #HappyBirthdayMrPresident #TrumpsAnInternationalDisgrace #TrumpMustResign #TrumpIsATraitor #TrumpTrash #TrumpMustResign #FridayThoughts https://t.co/jskpk3VqqK,eng,hasoc_en_2068,0,0,0,0,0,0,0,0,0,0,0,0
Thanks to Dhoni #DhoniAtCWC19 #DhoniKeepsTheGlove #Balidanbadge #IndianArmy  #proudtobeindian https://t.co/56CY42lFgr,eng,hasoc_en_2070,0,0,0,0,0,0,0,0,0,0,0,0
Dhoni should boycott this CWC.  We have @imVkohli as a Best captain.  He will make India win.  #DhoniKeepsTheGlove  @BCCI shame on you that you are still just silent.  Show some goodness for your country and #army .  #DhoniKeepTheGlove,eng,hasoc_en_2071,0,0,0,0,0,0,0,0,0,0,0,0
Retweet if you have PayPal/CashApp and want me to send you money 💰     Must be following.    #findom #paypig sugar daddy #cuck #moneyslave #cashcow #SugarBabiesNeeded #CopaAmerica  #DoctorsFightBack #bank #SugarDaddys #findom #bitcoin #blockchain #BREAKING #SaturdayMorning #money #B,eng,hasoc_en_2072,0,0,0,0,0,0,0,0,0,0,0,0
@ICC @imVkohli And what do we applaud ICC for? For disappointing Worldwide Fans and Sponsors of the tournament by not considering the fact how rains could play spoilsport to the tournament...#ShameOnICC @BCCI,eng,hasoc_en_2074,0,0,0,0,0,0,0,0,0,0,0,0
Protest violence with doctor.....  #DoctorsFightBack   #Doctors   #standwithNRS https://t.co/4SSdgyIvEp,eng,hasoc_en_2075,0,0,0,0,0,0,0,0,0,0,0,0
West Bengal doctor strike live: IMA declares nationwide strike on Monday,eng,hasoc_en_2076,0,0,0,0,0,0,0,0,0,0,0,0
🤡 Happy Birthday President tRumpf! https://t.co/2O47krtroc #JohnMCainDay #TrumpBirthday #HappyBirthdayTrump #fuckTrump #resist,eng,hasoc_en_2079,0,0,0,0,0,0,0,0,0,0,0,0
@Colleenldybg13 @therealkevinTE @CajunBlueAZ1 Nothing like a good #Resister Party #fucktrump https://t.co/1N6gAuuWCO,eng,hasoc_en_2080,0,0,0,0,0,0,0,0,0,0,0,0
@thehill He's stupid and unethical. What a combo. #DerangedDonald #TrumpisaCriminal #TrumpisaTraitor #TrumpHatesAmerica,eng,hasoc_en_2081,0,0,0,0,1,0,0,0,0,0,1,1
#FuckTrump And retired porn star Melania too. https://t.co/1vU0gtQ0RA,eng,hasoc_en_2082,0,0,0,0,0,0,0,0,0,0,0,0
Because we are also human just like u   We too hv families  We need your support   We always tried and will try our best for you  Dear indian change your mentality and say no to mob lynching of doctors  Support protest  #DoctorsFightBack  #Savethedoctors   #DoctorsStrike https://t.co/qoprR4zb3N,eng,hasoc_en_2083,0,0,0,0,0,0,0,0,0,0,0,0
And he wear #Balidan Logo 😍♥️prefer to be Indian!! And some Indians says 'that was wrong' 😕 was this????  Use this hashtag and support him #DhoniKeepsTheGlove 🇮🇳 🙏🌹  @msdhoni @ICC https://t.co/yleZ9HNISP,eng,hasoc_en_2086,0,0,0,0,0,0,1,0,0,0,1,1
#Democrats Prepare To Repeal #DOJ Rule That Prevents #Presidents From Being #Indicted   #TrumpIsATraitor  https://t.co/FQ655kEpBK,eng,hasoc_en_2087,0,0,0,0,0,0,0,0,0,0,0,0
Jab “Balidaan” likha hi nahi hai toh why the unwanted controversy. So #DhoniKeepsTheGlove but drops the  #logo. https://t.co/gD1CFRO7FC,eng,hasoc_en_2088,0,0,0,0,0,0,0,0,0,0,0,0
I'm SOOO excited! Going 2 take my granddau 2 DC &amp,eng,hasoc_en_2089,0,0,0,0,0,0,0,0,0,0,0,0
Some more than others...    It's alright it was only 5 years....    #BorisJohnsonShouldNotBePM https://t.co/lQJNrNUNdE,eng,hasoc_en_2090,0,0,0,0,0,0,0,0,0,0,0,0
Who's 'The Turnip' ?    Answer below ..    #BorisJohnsonShouldNotBePM   #BollocksToBoris   #BollockstoBrexit https://t.co/RME7bZZJig,eng,hasoc_en_2091,0,0,0,0,0,0,0,0,0,0,0,0
@WindsorMann @TheRickWilson #FVEY if you listening........    Open the floodgates.     #FuckTrump,eng,hasoc_en_2092,0,0,0,0,0,0,0,0,0,0,0,0
Boris Johnson is a winner but we won’t buy his car | News | The Sunday Times https://t.co/29FxZP2BTn  #BorisJohnsonShouldNotBePM,eng,hasoc_en_2094,0,0,0,0,0,0,0,0,0,0,0,0
#ShameOnICC     Poor #WorldCup2019 https://t.co/7eGi2Rwvrd,eng,hasoc_en_2095,0,0,0,0,0,0,0,0,0,0,0,0
@WhiteHouse Scary that WH thinks this is worth promoting. This coming from an Onion or Rogue account would be normal.    #DerangedDonnie #TrumpIsUnhinged #TrumpIsATraitor https://t.co/1JigSPCQqK,eng,hasoc_en_2096,0,0,0,0,0,0,0,0,0,0,0,0
@realDonaldTrump SHUT THE FUCK UP YOU STUPID CUNT AND GO AWAY! #TrumpIsAStupidCunt #TrumpLoser #Trump #MAGATwat #FuckTrump #MAGA #Cheeto,eng,hasoc_en_2097,1,0,0,0,1,0,0,0,0,0,0,1
Carragher has just compared TAA to beckham what ! Worlds apart you clown ! #dickhead,eng,hasoc_en_2099,0,0,0,0,0,0,0,0,0,0,0,0
#ShameOnICC useless body!!! Simple eh solla pona... THU!!!,eng,hasoc_en_2101,0,0,0,0,0,0,1,0,0,0,1,1
'Dhoni will always be my Captain' - 7th time so far Kohli has said these lines since Dhoni stepped down from Captaincy !!!!💗💗💗  @ChennaiIPL @imVkohli @msdhoni #IndiaWithDhoni #DhoniKeepTheGlove #DhoniKeepsTheGlove #ICCCricketWorldCup2019 https://t.co/u7Pfr9WBJA,eng,hasoc_en_2102,0,0,0,0,0,0,1,0,0,0,1,1
@dhruv_rathee You exactly know why #Modi won. #DhoniKeepsTheGlove #ICCWC2019,eng,hasoc_en_2103,0,0,0,0,0,0,0,0,0,0,0,0
ICC doesn't care because @ICC is protected by rain insurance cover for #CWC19 which means it will be compensated for the refunds it is required to pay to ticket holders as applicable. #ShameOnICC  #INDvNZ    https://t.co/tSp4kQqiND,eng,hasoc_en_2104,0,0,0,0,0,0,0,0,0,0,0,0
#ShameOnICC #CWC2019 #WorldCup2019 @ICC @ECB_cricket .. New World Cup Logo ✌🏻 https://t.co/PmWBct8Ffs,eng,hasoc_en_2105,0,0,0,0,0,0,0,0,0,0,0,0
My little crazy gal. Looking all fun and innocent and weird like she hasn't started bringing home half dead birds 🐦 #cats #crazycat #murderer #strikeapose #birdkiller https://t.co/g8L0ErX9JX,eng,hasoc_en_2106,0,0,0,0,0,0,0,0,0,0,0,0
When the chick on #lovelsland that’s never been in a relationship starts giving out relationship advice #dickhead #wasteman https://t.co/y4vG3ZjKGH,eng,hasoc_en_2107,0,0,0,0,0,0,0,0,0,0,0,0
If @Conservatives MPs end up voting 4 @BorisJohnson despite his avoidance of public debate &amp,eng,hasoc_en_2110,0,0,0,0,0,0,0,0,0,0,0,0
What a great ful innings from our team india #MenInBlue  #DhoniKeepsTheGlove #shockedkohilbydhonisix https://t.co/O0Gnre0mzt,eng,hasoc_en_2112,0,0,0,0,0,0,0,0,0,0,0,0
@ICC  has insulted our Army and MSDhoni. As a proud Indian should we #BoycottWorldCup or not? My opinion is Yes.  #DhoniKeepTheGlove  #DhoniKeSaathDesh  #DhoniKeepsTheGlove  #DhoniKeepTheGloves  #IndiaWithDhoni  #INDvAUS  #INDvsAUS,eng,hasoc_en_2114,0,0,0,0,0,0,0,0,0,0,0,0
Photograph from yesterday.     Emergency OT services at Murshidabad Medical College continue.    #DoctorsFightBack   #SaveTheDoctors https://t.co/nr63tqIjN1,eng,hasoc_en_2115,0,0,0,0,0,0,0,0,0,0,0,0
Nation respect is more than cricket #DhoniKeepsTheGlove,eng,hasoc_en_2116,0,0,0,0,0,0,0,0,0,0,0,0
Team Anna Faris 😒 #douchebag https://t.co/df0EfUQbCA,eng,hasoc_en_2117,0,0,0,0,0,0,0,0,0,0,0,0
We’ll be outside Speaker Pelosi’s SF office demanding an #impeachmentinquirynow on Friday @ 12:00pm. Dressed as Founding Fathers. Of course.    #resist #resistance #fucktrump #impeachtrump #impeach #impeachment #itmfa… https://t.co/1ZEAREdNlj,eng,hasoc_en_2118,0,0,0,0,0,0,0,0,0,0,0,0
Such a hypocrite and liar you are Mr. Selected PM @ImranKhanPTI.  Why don't you accept you failed miserably in past 10 months? Stop crying about past. Show progress or go home. You could not achieve any of your 2018-2019 set goals.  #imranhataomulkbachao https://t.co/Ix11t9ggP2,eng,hasoc_en_2119,0,0,0,0,0,0,0,0,0,0,0,0
@realDonaldTrump Happy #JohnMcCainDay! #TrumpForPrison  #TrumpIsATraitor #TrumpIsNotAboveTheLaw #TrumpCrimeFamily,eng,hasoc_en_2120,0,0,0,0,0,0,0,0,0,0,0,0
India is about 13 times bigger than United Kingdom. While UK spends 9.8% on health (and still underfunded) India spends a mere 1.4% of it's GDP amd blames doctors for everything that's wrong in the system.     #DoctorsFightBack #DoctorsStrike,eng,hasoc_en_2121,0,0,0,0,0,0,0,0,0,0,0,0
@MysterySolvent #FuckTrump who gives a shit what he does! #June14thJohnMcCainDay,eng,hasoc_en_2122,0,0,0,0,0,0,0,0,0,0,0,0
@BleacherReport @brhoops Literally have seen 7th grade girls basketball with FAR better shooting technique and overall look than this bozo.  #douchebag,eng,hasoc_en_2123,0,0,0,0,0,0,0,0,0,0,0,0
Funny how the attacks on doctors are all happening in non-BJP states and the media is deciding to be silent on the matter! #DoctorsFightBack #BengalViolence #Kerala #DoctorsProtest https://t.co/RfkER321P2,eng,hasoc_en_2125,0,0,0,0,0,0,0,0,0,0,0,0
If it wasn't so serious it would be hilarious ...    #BorisJohnsonShouldNotBePM   #BollocksToBoris   #BollocksToBrexit https://t.co/02iZJRJPKM,eng,hasoc_en_2126,0,0,0,0,0,0,0,0,0,0,0,0
Even John Barron &amp,eng,hasoc_en_2127,0,0,0,0,0,0,0,0,0,0,0,0
‘Home they brought her warrior dead.. She nor swooned nor uttered cry’ - Alfred Lord Tennyson..    She didn’t cry coz she was a warrior too..    He died of assault from the same people he tried to save..     #DoctorsFightBack,eng,hasoc_en_2130,0,0,0,0,0,0,0,0,0,0,0,0
After reading this article I had to vomit 🤮 #TrumpIsATraitor https://t.co/1ItNfUDNbO,eng,hasoc_en_2131,0,0,0,0,0,0,0,0,0,0,0,0
Another example of blatant hypocrisy from @BorisJohnson     @Conservatives you’ve lost my vote  #C4LeadershipDebate   #BorisJohnsonShouldNotBePM https://t.co/RWttc3mt09,eng,hasoc_en_2132,0,0,0,0,0,0,0,0,0,0,0,0
#TrumpisaTraitor. Stop trying to lead us into a war based on lies to cover up your crimes and treason! We are watching! https://t.co/OudBZfqwPm,eng,hasoc_en_2133,0,0,0,0,0,0,0,0,0,0,0,0
'I'm not from Central Casting'  It seems Sajid javid has hired some American campaign consultants.   #C4debate #ToryLeadershipContest #Conservatives #BorisJohnsonShouldNotBePM https://t.co/dxAEzkkEcM,eng,hasoc_en_2134,0,0,0,0,0,0,0,0,0,0,0,0
Have we failed our Doctors? https://t.co/4OTEkcOB7A via @wordpressdotcom   #DoctorsFightBack #DoctorStrike #WestBengal,eng,hasoc_en_2136,0,0,0,0,0,0,0,0,0,0,0,0
#ShameOnICC #CWC19 #CWC2019     *Rain Conditions Explained* https://t.co/Sfi4pzuxIX,eng,hasoc_en_2137,0,0,0,0,0,0,0,0,0,0,0,0
@DisavowTrump20 @Michael48884043 @saragideon I will protect #RobertMueller at all costs. #TrumpColluded #TrumpIsATraitor,eng,hasoc_en_2139,0,0,0,0,0,0,0,0,0,0,0,0
The danger of #PoliticalCorrectness lies in its ability to silence the #Truth    It is a sophisticated form of #Hypocrisy which resulted in #Trump    #TrumpIsATraitor #TrumpResign #Resisters #ResistersForum #FBResistance #FBRParty #TheResistanceRises #BlueWave #BlueWave2020 #VoteBlue https://t.co/tqCYQER0L1,eng,hasoc_en_2140,1,0,0,0,0,0,0,0,0,0,0,1
Rain may dampen Star's plans to earn around ₹100 cr from India-Pak WC match #CricketWorldCup2019 #INDvsPAK #ShameOnICC #hotstar #IndianCricketTeam https://t.co/quAs7wiWet,eng,hasoc_en_2141,0,0,0,0,0,0,0,0,0,0,0,0
Thank you @BCCI for standing by @msdhoni's decision #DhoniKeepsTheGlove #IndiaWithDhoni #DhoniKeepTheGlove #CWC19 #MSDhoni #Dhoni #Mahi #CaptainCool #WhistlePodu #Yellove #keepthegloves #BalidaanBadge #BalidanBadge,eng,hasoc_en_2142,0,0,0,0,0,0,0,0,0,0,0,0
#shameonicc Breaking News - ICC seriously thinking of Book Cricket World Cup.,eng,hasoc_en_2144,0,0,0,0,0,0,0,0,0,0,0,0
@AjayKushwaha_ @realDonaldTrump PRESIDENTIAL HARASSMENT:   @realDonaldTrump asking @BarackObama for his birth certificate for YEARS !!! while hiding his own #taxreturns     #Resistance #LockThemAllUp #FuckTrump #ComplicitGOP #Resist      https://t.co/lF2a,eng,hasoc_en_2145,0,0,0,0,0,0,1,0,0,0,1,1
Enact the FIRE Act to Require Political Campaigns Disclose Foreign Contacts: https://t.co/8cnZf9tAI3 #TrumpIsATraitor #ForeignInterference,eng,hasoc_en_2147,0,0,0,0,0,0,0,0,0,0,0,0
Especially #BorisJohnsonShouldNotBePM https://t.co/81Ldki3qGH,eng,hasoc_en_2148,0,0,0,0,0,0,0,0,0,0,0,0
Jamshedpur State Doctors stands in solidarity with their West Bengal counterparts  #DoctorsFightBack,eng,hasoc_en_2149,0,0,0,0,0,0,0,0,0,0,0,0
@GOPLeader @SusanWBrooks #HappyJohnMcCainDay   🙌🏻🙌🏻🙌🏻🙌🏻💙🙌🏻💙🙌🏻🙌🏻💙🙌🏻🙌🏻🙌🏻🙌🏻🙌🏻💙💙💙💙🙌🏻    #TrumpIsATraitor  and so are you KEVIN,eng,hasoc_en_2150,0,0,0,0,0,0,0,0,0,0,0,0
This week marks 25 years since the killings of #NicoleBrownSimpson &amp,eng,hasoc_en_2152,0,0,0,0,0,0,0,0,0,0,0,0
Arrogant @BorisJohnson refuses to turn up to #C4debate. Is he allergic to debates and hustings? #BorisJohnsonShouldNotBePM,eng,hasoc_en_2153,0,0,0,0,0,0,0,0,0,0,0,0
@campbellclaret The irony of this!!!     #murderer,eng,hasoc_en_2154,0,0,0,0,0,0,1,0,0,0,1,1
#DhoniKeepsTheGlove  #DhoniKeSaathDesh  #IndiaWithDhoni    What you support ?,eng,hasoc_en_2155,0,0,0,0,0,0,0,0,0,0,0,0
#ShameOnICC what a arrangement..,eng,hasoc_en_2156,0,0,0,0,0,0,0,0,0,0,0,0
@realDonaldTrump It was a Miracle.   A Russian Miracle!  #TrumpIsATraitor,eng,hasoc_en_2157,0,0,0,0,0,0,0,0,0,0,0,0
Ex-WH counsel plans to tell Congress he sees similarities between Nixon and Trump #Resist #ResistTrump #FuckTrump https://t.co/AyNjX8wRLv,eng,hasoc_en_2158,1,0,0,0,0,0,0,0,0,0,0,1
Former Trump advisor George Nader ordered jailed until his child porn trial #Resist #ResistTrump #FuckTrump https://t.co/ALmbyrvo9P,eng,hasoc_en_2159,1,0,0,0,0,0,0,0,0,0,0,1
#FUCKtrump Jackie O didn’t do Lesbian Porno movies.,eng,hasoc_en_2160,0,0,0,1,0,0,0,0,0,0,0,1
@ICC has no problem with the entire Pakistan cricket team marking territory by praying on the cricket field (part of Muslim ritual prayer) but find insignia on  @MSDhoni  's gloves inappropriate.  https://t.co/JmXHS0N403 #DhoniKeepsTheGlove,eng,hasoc_en_2161,0,0,1,0,0,0,0,0,0,0,0,1
However doctors are ready for open healthy discussion with the CM and are willing to resolve the matter as soon as possible. But it has to be open and transparent. #DoctorsProtest #SaveTheSaviours #Savethedoctors #DoctorsFightBack,eng,hasoc_en_2162,0,0,0,0,0,0,0,0,0,0,0,0
@realDonaldTrump You don't have any friends!  #FUCKTRUMP #RESIST #VETSAGAINSTTRUMP #JohnMcCainDay,eng,hasoc_en_2163,0,0,0,0,0,0,0,0,0,0,0,0
⁦@realDonaldTrump⁩ puts GOP in tough spot with remarks on foreign 'dirt' #TrumpIsATraitor #TrumpRussiaCollusion #PutinsPuppet  https://t.co/EqGikBelo3,eng,hasoc_en_2164,0,0,0,0,0,0,0,0,0,0,0,0
#boss da.. #DhoniKeepsTheGlove #MSDHONI is forever #Goat for me... 😎😎  @msdhoni #CWC19 @cricketworldcup https://t.co/vjqYfFYmJ4,eng,hasoc_en_2166,0,0,0,0,0,0,0,0,0,0,0,0
#murderer American hunter says she has no regrets about killing a black giraffe https://t.co/c23ulj11r6 via https://t.co/TPRJZbEWdA,eng,hasoc_en_2169,0,1,0,0,0,0,0,0,0,0,0,1
Watching #Charmed because #charmedreboot put me back in the mood. Was not prepared for the #dream #rapist episode. @DohertyShannen acted the fudge out of that episode. #StrongWoman,eng,hasoc_en_2170,0,0,0,0,0,0,0,0,0,0,0,0
And the World Cup goes to ICC !!!  #ShameOnICC @ICC,eng,hasoc_en_2171,0,0,0,0,0,0,1,0,0,0,1,1
#DoctorsFightBack  How it                       How Mamta   actually is                Banerjee sees it https://t.co/ovCaeh4xE8,eng,hasoc_en_2173,0,0,0,0,0,0,0,0,0,0,0,0
@texasnana2019 Tell that to #Trump. Too many of you have led him to believe they’re on AT LEAST equal footing. #TrumpIsATraitor #TrumpCrimeFamily,eng,hasoc_en_2176,1,0,0,0,0,0,0,0,0,0,0,1
#Sachin Tandolker : a Biography || #ParallelMedia | https://t.co/UHegopogBS via @YouTube  #IndiaWithDhoni  #WWESSD  #DhoniKeSaathDesh  #DhoniKeepsTheGlove  #BharatRoarsOnDay3  #Kundru  #BIGDAYSGAZEONTANHAJI  #KNACKDHANUSHBIRTHDAYIN50D   #Thiem  #SaketKumar,eng,hasoc_en_2177,0,0,0,0,0,0,0,0,0,0,0,0
We stand with @msdhoni infact #indiastandswithdhoni  #DhoniKeepsTheGlove https://t.co/pOVVKZK7wy,eng,hasoc_en_2178,0,0,0,0,0,0,0,0,0,0,0,0
Who's your favorite going into the #DemDebate ? #2020Election #fucktrump #resist #progressive,eng,hasoc_en_2179,0,0,0,0,0,0,0,0,0,0,0,0
CM of WB will never dare to do the right thing..catch the Gunda.  How can a dictator who has lost her mind arrest Gunda? She can't arrest her own voters even if they murder doctors. Everything is allowed for voters. No level. Too low #DoctorsFightBack,eng,hasoc_en_2180,0,0,0,0,0,0,0,0,0,0,0,0
Brexit on WTO terms?    Great news for jam lovers ..  https://t.co/YDgVsE4BDs    #BorisJohnsonShouldNotBePM   #BollocksToBoris   #BollockstoBrexit https://t.co/xO989Qy1RM,eng,hasoc_en_2181,0,0,0,0,0,0,0,0,0,0,0,0
@peterdaou @DisTrumpia He isn't. #TrumpIsATraitor,eng,hasoc_en_2183,0,0,0,0,0,0,0,0,0,0,0,0
@MrsGandhi @priyankagandhi Vinash kaale vipreet budhhi  The sister is just as half minded as his brother. #congressmuktbharat,eng,hasoc_en_2184,0,0,0,0,0,0,0,0,0,0,0,0
@jlmcwebb @ScoutSteveR Would make perfect sense if it was #douchebag,eng,hasoc_en_2185,0,0,0,0,0,0,0,0,0,0,0,0
#pride #lgbt #proud #fucktrump be yourself fuck everyone else luv u 🖤🖤🧛🏿‍♂️ https://t.co/p4rp5MyQiy,eng,hasoc_en_2187,0,0,0,1,0,0,0,0,0,0,0,1
#ShameOnICC Good point raised on Indian TV - @ICC takes a bigger load of money from India and robs the Indian fans of WC experience - so Indians are being robbed twice!! Shame on @BCCI for letting ICc get away @KirenRijiju Why should a toothless org like @ICC run the game?,eng,hasoc_en_2188,0,0,0,0,0,0,1,0,0,0,1,1
#INDvAUS #DhoniKeepsTheGlove Dhoni's change of gloves had no adverse effects on him or team India.,eng,hasoc_en_2189,0,0,0,0,0,0,0,0,0,0,0,0
@MamataOfficial Didi your contentious comment 'Outsiders' had created a chaos all around #Bengal &amp,eng,hasoc_en_2190,0,0,0,0,0,0,0,0,0,0,0,0
#DoctorsFightBack     Parents reaction when a doctor returns home safely in Bengal https://t.co/Tp4zm1PMjy,eng,hasoc_en_2191,0,0,0,0,0,0,0,0,0,0,0,0
A straight couple behaving badly caused the panicked stampede at DC’s Pride parade #Resist #ResistTrump #FuckTrump https://t.co/6QVcCp4wyX,eng,hasoc_en_2194,0,0,0,0,0,0,0,0,0,0,0,0
Today's is Trumps' birthday so lets make this a TRUMP FREE day. After this post I will NOT post anything about Trump all weekend. #fucktrump #impeachtrump #impeach45 #boycotttrump https://t.co/GFEF46wfCS,eng,hasoc_en_2195,1,0,0,0,0,0,0,0,0,0,0,1
#ShameOnICC thank you for ruining the most awaited tournament in India @ICC,eng,hasoc_en_2196,0,0,0,0,0,0,0,0,0,0,0,0
#IndiaWithDhoni #DhoniKeepTheGlove #DhoniKeepsTheGlove #DhoniKeSaathDesh Useless issue created by ICC. https://t.co/B4lpxaDyOY,eng,hasoc_en_2197,0,0,0,0,0,0,0,0,0,0,0,0
@NYCMayor @NYCSpeakerCoJo @Dromm25 @NYCCouncil More subsidies for illegal aliens?  #Douchebag,eng,hasoc_en_2198,0,0,0,0,0,0,0,0,0,0,0,0
This woman is completely out of her mind. She has lost it all. Such a shame. #DoctorsStrike   #SaveTheDoctors   #DoctorsFightBack https://t.co/IsagyI6fZ8,eng,hasoc_en_2199,0,0,0,1,0,0,0,0,0,0,0,1
@realDonaldTrump Doesn’t that mean half the country HATES you?  #FUCKTRUMP,eng,hasoc_en_2200,0,0,0,0,0,0,0,0,0,0,0,0
BBC News - #RedChina’s history of extraordinary #rendition https://t.co/wlQGJSZh4h #BoycottChina #HongKong,eng,hasoc_en_2201,0,0,0,0,0,0,0,0,0,0,0,0
Have a great day!    #fucktrump,eng,hasoc_en_2202,0,0,0,0,0,0,0,0,0,0,0,0
@CarolinePidgeon scrutinised and endured @BorisJohnson wasting public money. The role of a politician includes ensuing public money is not wasted. For that alone he should be fired! Recall petition in Uxbridge please! Not convinced? Read on... #BorisJohns,eng,hasoc_en_2203,0,0,0,0,0,0,0,0,0,0,0,0
#DhoniKeepsTheGlove     Dear @ICC this is not any promotion which @msdhoni is doing. He is supporting Indian Army and our soldiers. @BCCI it is request to no ask Mr Dhoni to remove. We are proud of him and our brave soldiers. It will not be dropped from his gloves.,eng,hasoc_en_2204,0,0,0,0,0,0,0,0,0,0,0,0
The entire nation will respect these doctors if they continue to serve patients in the same hospitals even after their resignation #DoctorsFightBack https://t.co/s175eS5M2I,eng,hasoc_en_2205,0,0,0,0,0,0,0,0,0,0,0,0
#DoctorsFightBack @MamataOfficial didi is a worst politicians ever arrogant lady @Avinash_Hodar,eng,hasoc_en_2208,0,0,0,0,0,0,0,0,0,0,0,0
Restore justice to #Doctor'sFraternity  #DoctorsFightBack #SaveTheDoctors #IstandwithNRS https://t.co/CEz9Meb9K3,eng,hasoc_en_2209,0,0,0,0,0,0,0,0,0,0,0,0
This world cup is trying to compete with 2007 world cup for being most boring and unsuccessful world cup #ShameOnICC,eng,hasoc_en_2210,0,0,0,0,0,0,0,0,0,0,0,0
@Annette_Meisner He need to help you Cause yo face falling.... #FuckTrump,eng,hasoc_en_2211,0,0,0,0,0,0,0,0,0,0,0,0
Personally I thought @RoryStewartUK came across best on #C4Debate. Given the other candidates represent varying extremes it's nice to see there is still space for someone moderate. Certainly more statesman-like than an empty podium #BorisJohnsonShouldNotBePM,eng,hasoc_en_2212,0,0,0,0,0,0,0,0,0,0,0,0
Everyone concerned about the doctors strike and issues they raise must also read this.     #DoctorsFightBack #DoctorStrike https://t.co/wnY9p9TqIY,eng,hasoc_en_2216,0,0,0,0,0,0,0,0,0,0,0,0
This is really ugly. Hope at least no shower on finals..... #ShameOnICC,eng,hasoc_en_2218,0,0,0,0,0,0,0,0,0,0,0,0
@Nidhi @ShekharGupta There are far more important issues to be reported n sorted out. Leave this to the @BCCI which will definitely come up a better solution than you two poking your noses unnecessarily.  #DhoniKeepsTheGlove #DhoniKeSaathDesh #JusticeForT,eng,hasoc_en_2219,0,0,0,0,0,0,0,0,0,0,0,0
@TheRealOJ32 @KrisJenner So have you paid anything at all to Mr Goldman yet for killing his son? I doubt it but here you are trying to 'set things straight'. #Murderer,eng,hasoc_en_2221,0,0,0,0,0,0,0,0,0,0,0,0
They say colouring is therapeutic..... I just finished my newest piece and I couldn’t agree more ❤️🤣👊😂🙏    #canadianshatetrump #ResistTogether #fucktrump https://t.co/p7VSz9zexe,eng,hasoc_en_2222,0,0,0,0,0,0,0,0,0,0,0,0
✨NEW✨    Frankie Say Impeach - retro tee!     Get yours here 👉 https://t.co/3eEmeSGtMx    #ImpeachTrump #FuckTrump #ImpeachmentNOW https://t.co/jm8UGnc6AD,eng,hasoc_en_2223,0,0,0,0,0,0,0,0,0,0,0,0
I have never ever seen this kind of world cup.@ICC u should have done better plan.Atleast u can look after the ground by covering complete ground.  #ShameOnICC   U should learn from BCCI management #ipl,eng,hasoc_en_2224,0,0,0,0,0,0,0,0,0,0,0,0
#ShameOnICC ipl planned well or world cup,eng,hasoc_en_2225,0,0,0,0,0,0,0,0,0,0,0,0
Retweet if you have PayPal/CashApp and want me to send you money 💰     Must be following.    #findom #paypig sugar daddy #cuck #moneyslave #cashcow #SugarBabiesNeeded #CopaAmerica #DoctorsFightBack #bank #SugarDaddys #findom #bitcoin #blockchain #BREAKING #SaturdayMorning #money #BC,eng,hasoc_en_2226,0,0,0,0,0,0,0,0,0,0,0,0
#ShameOnICC  see India vs pak is also gone..... Fuck off @ICC   Worst World Cup series... https://t.co/xwxxTeEyw2,eng,hasoc_en_2229,0,0,0,0,0,0,0,0,0,0,0,0
She has proved the saying of our #Ved... 'Vinaash Kale Vipreit Buddhi' meaning when one's doom approaches..the person intellect works against his/her best interest.     #SaveBengal #SaveTheDoctors #DoctorsFightBack #DoctorsProtest #DoctorsUnderOppression https://t.co/Cr3aSLEBGU,eng,hasoc_en_2230,0,0,0,0,0,0,0,0,0,0,0,0
🔴🏴🐾#OpBeast #AnimalRights #WorldDogShow2019 #China  #YulinDogMeatFestival    Let us become aware of this horrible tradition. Let the international community open its eyes and once we stop the indiscriminate killing of dogs.    #BoycottChina https://t.co/xE0r1USiaG,eng,hasoc_en_2231,0,0,0,0,0,0,0,0,0,0,0,0
@ChildofGodSandy To Sandra and the rest of the #religious world,eng,hasoc_en_2232,0,0,0,0,0,0,0,0,0,0,0,0
@lauramkeane @markknoller @TimInHonolulu @KimReynoldsIA Did you read that the 4th of july will be a great big-O'-fundraiser for trumps re election? He also plans to make himself the center of attention.(surprise).  This is his 'parade' he so wants the cou,eng,hasoc_en_2233,1,0,0,0,0,0,0,0,0,0,0,1
NYT: Mexico Had Already Agreed to Border Measures Trump Said Were Taken to Avert Tariffs #Resist #ResistTrump #FuckTrump https://t.co/508FLMjDAh,eng,hasoc_en_2234,1,0,0,0,0,0,0,0,0,0,0,1
@dwancherry I read until I got to the picture of him with the Trump jersey on the wall.  #douchebag,eng,hasoc_en_2235,1,0,0,0,0,0,0,0,0,0,0,1
#DoctorsUnderOppression @ Baharampore Hospital in #Bengal saying that #TMC MLA Abu Taher Khan &amp,eng,hasoc_en_2236,0,0,0,0,0,0,0,0,0,0,0,0
Every one in the country is aware if what's happening with doctors in west Bengal &amp,eng,hasoc_en_2238,0,0,0,0,0,0,0,0,0,0,0,0
Even #Dhoni couldn’t have imagined that our media will go for such high TRP by taking this #DhoniKeepsTheGlove issue to prime time !! If army is our pride then our current missing plane must be at our prime time  and game yes we will win 🤩🤩#INDvAUS #AUSvIND #icc,eng,hasoc_en_2239,0,0,0,0,0,0,1,0,0,0,1,1
#EastTurkistan Demonstration against Beijing Olympic (Japan)  https://t.co/GHhNTmpunA  #Uyghur #FreeUyghur #China #CCP #BoycottChina #ウイグル #RT,eng,hasoc_en_2240,0,0,0,0,0,0,0,0,0,0,0,0
And he is so called people's representative   #Savethedoctors #DoctorsFightBack   #istandwithnrs https://t.co/2cVLtSELhx,eng,hasoc_en_2242,0,0,0,0,0,0,0,0,0,0,0,0
Congressman says he supports prison for people who get abortions #Resist #ResistTrump #FuckTrump https://t.co/v97wgsRmLn,eng,hasoc_en_2243,0,0,0,0,0,0,0,0,0,0,0,0
Can't wait to see who'll be the new #Tory (unelected yet again) PM #ToryLeadeshipContest says me never 😝 if #Boris et al are anything to go by #BorisJohnsonShouldNotBePM really do hope there's life on Mars 💨💨🔥🚀,eng,hasoc_en_2244,0,0,0,0,0,0,0,0,0,0,0,0
@ICC wants to make happy each and every WC playing country thats why their made schedule according to rain so that every country score point.👺    #ShameOnICC   @BCCI   @englandcricket,eng,hasoc_en_2247,0,0,0,0,0,0,0,0,0,0,0,0
@BDUTT @msdhoni @adgpi #DhoniKeepsTheGlove the stupidity of the demand is only because of the president of ICC - what's next? Get virat and pandya to erase their tattoos???,eng,hasoc_en_2248,0,0,0,0,0,0,1,0,0,0,1,1
another GOOD reason 2 NOT reveal identity of rape accused man!! not only because he might be INNOCENT .. but because people MISTAKE him 4 someone else with same name. PREPOSTEROUS!! karan WAHI #rapist now?    @timesofindia  @vineetjaintimes @ncw @smritiirani https://t.co/oy9omDRqI3,eng,hasoc_en_2249,0,0,0,1,0,0,1,0,0,0,0,1
Martin Rowson on Tory MPs voting for a new leader #BorisJohnson #MichaelGove #BorisJohnsonShouldNotBePM #Boris4PM #cartoon #ToryLeadership #MichaelGove #DominicRaab #JeremyHunt #SajidJavid #RoryStewart #BoJo - political cartoon gallery in London https://t.co/dePcTdnXF6 https://t.co/mVjGdsTDxf,eng,hasoc_en_2252,0,0,0,0,0,0,0,0,0,0,0,0
To those armchair activists on all issues they don't understand but mute on this.     #SaveTheDoctors   #DoctorsStrike   #DoctorsFightBack #DoctorsUnderOppression https://t.co/zAEkAqtAWm,eng,hasoc_en_2253,0,0,0,0,0,0,0,0,0,0,0,0
#DOUCHEBAG all this from a fat no talent ass https://t.co/5spmexrahX,eng,hasoc_en_2254,0,0,0,0,0,0,0,0,0,0,0,0
@actdottv @MyaNikitaEtc @mmpadellan #ShunTrump I really hope this trends:)  #FuckTrump #FuckTrumpDaily,eng,hasoc_en_2255,0,0,0,0,0,0,0,0,0,0,0,0
@TheRealOJ32 Wow you really have some nerve coming on twitter like this...  #Murderer  #WeWillNeverForget,eng,hasoc_en_2256,0,0,0,0,0,0,0,0,0,0,0,0
General Election now! #BorisJohnsonShouldNotBePM https://t.co/T4akLRUMBv,eng,hasoc_en_2257,1,0,0,0,0,0,0,0,0,0,0,1
@IzzyFolau 👈🏽 This Fucken Guy!  What a brainwashed cunt!   #Dickhead,eng,hasoc_en_2260,0,0,0,0,0,0,0,0,0,0,0,0
@SenSchumer @realDonaldTrump @senatemajldr @SenateGOP It was too late for him to try to do damage control on @foxandfriends the @abc interview will be aired again and more people get to hear what he has to say. #TrumpIsATraitor,eng,hasoc_en_2264,0,0,0,0,0,0,0,0,0,0,0,0
#douchebag ownership is a real thing. It's powerful. Own your douche. #Theboldtype #theBoldTypeChat,eng,hasoc_en_2265,0,0,0,0,0,0,0,0,0,0,0,0
Absolutely mortifying what is happening at our border. These camps should be preserved purely for education. Instead they're being recycled for the same purpose. #FuckTrump https://t.co/vUeW7QRLXA,eng,hasoc_en_2266,0,0,0,0,0,0,0,0,0,0,0,0
iTWEET:After all the rabid build up to the #ICCWorldCup2019 match between #India &amp,eng,hasoc_en_2267,0,0,0,0,0,0,0,0,0,0,0,0
कुछ भी कहने से अच्छा है। कुछ भी सोच समझ के बोले। नियम कायदे नाम के भी कुछ चीजें होती है।  Let the concern team to take care of the same and let's not divert from the main topic of India should win the #CWC19 ! However I too with msd on this with #DhoniKeepsTheGlove ! https://t.co/q7DBnOXOrq,eng,hasoc_en_2268,0,0,0,0,0,0,0,0,0,0,0,0
How the hell has #borisjohnson won all this support if he won’t leave his front room? Am I missing something?#BorisJohnsonShouldNotBePM,eng,hasoc_en_2269,0,0,0,0,0,0,0,0,0,0,0,0
Every supporter of the current White House occupant who continues to support him after his latest treasonous comments can all fuck right the fuck off for-fucking-ever. #fucktrump #itmfa #TraitorTrump #ImpeachTrumpNow,eng,hasoc_en_2270,0,1,0,0,0,0,0,0,0,0,0,1
This is stupidly crazy. To think of leader might just prioritize a known political enemy nation over his country is so disgusting. I cant wait for this nightmare to be done. #TrumpIsATraitor #ImpeachDonaldTrump #TrumpMustResign  Our country deserve justice and ppm to defend it! https://t.co/os8G8WXgAz,eng,hasoc_en_2271,0,0,0,0,0,0,0,0,0,0,0,0
@SenToomey @AmericanLegion @SteveDaines You just use the military for a photo-op for your convenience. #FlagDay #JohnMCainDay #JohnMcCainDayJune14th #TrumpIsATraitor,eng,hasoc_en_2273,0,0,0,0,0,0,0,0,0,0,0,0
@keithboykin @IlhanMN And you like #warmongers   #Hezbollah #rapist #murderers   What's your point #townclowns #democrats #lie #lies #vaguetruths,eng,hasoc_en_2274,0,0,0,0,0,0,0,0,0,0,0,0
Federal watchdog agency says Kellyanne Conway should be fired after violating the Hatch Act #Resist #ResistTrump #FuckTrump https://t.co/APIkVzT7Jq,eng,hasoc_en_2276,0,0,0,0,0,0,0,0,0,0,0,0
Dear @ICC you haven't done right  We stand by @msdhoni  #DhoniKeepsTheGlove https://t.co/fmPwqMMq8i,eng,hasoc_en_2277,0,0,0,0,0,0,0,0,0,0,0,0
We have seen #DoctorsFightBack through various peaceful means possible. And all of us must stand with them.Their well-being is important to us not only because they are doctors but also because they are fellow citizens.#DoctorsStrike because every life matters - theirs included!,eng,hasoc_en_2279,0,0,0,0,0,0,0,0,0,0,0,0
Dear @ICC The symbol for Balidaan is pride of our Indian Para Troopers. There is nothing religious or political in wearing the glove.  Big commercial brands logo will do but not national pride ..? Its horrible   #DhoniKeepsTheGlove  @BCCI,eng,hasoc_en_2280,0,0,0,0,0,0,0,0,0,0,0,0
#Trump Tweets About Epic Interview Fail &amp,eng,hasoc_en_2281,1,0,0,0,0,0,0,0,0,0,0,1
#DoctorsFightBack  Doctors of govt. Medical clg surat protest against violence against doctors. ..  #Save the savior https://t.co/ctLSZPoCbA,eng,hasoc_en_2282,0,0,0,0,0,0,0,0,0,0,0,0
@ICC Dear ICC focus on improving the standard of Umpiring.Which is important than then dhoni's Gloves. @BCCI @StarSportsIndia @cricketworldcup #DhoniKeepsTheGlove https://t.co/6fVW93rvzg,eng,hasoc_en_2283,0,0,0,0,0,0,0,0,0,0,0,0
Vox Sentences: Maine moves to expand abortion access #Resist #ResistTrump #FuckTrump https://t.co/FRjTApznIs,eng,hasoc_en_2285,0,0,0,0,0,0,0,0,0,0,0,0
#DoctorsFightBack Mamata vs Docs Latest Updates: Dharna Didi gets taste of her own medicine @AIIMSRDA hand out 48-hour ultimatum     https://t.co/nadDfG4PiX,eng,hasoc_en_2286,0,0,0,0,0,0,0,0,0,0,0,0
@BBCBreakfast What happened to violent crime in London since 2008? https://t.co/vpC99CElND via @FullFact #BorisBull #BorisJohnsonShouldNotBePM,eng,hasoc_en_2287,0,0,0,0,0,0,0,0,0,0,0,0
I see the unscrupulous and opportunistic #BorisJohnsonShouldNotBePM has decided to back #Heathrow expansion. End of retreat from commitment to lie in front of the bulldozers. On the bright side he may now support #PeoplesVote and #StopBrexit in a few months.,eng,hasoc_en_2288,0,0,0,0,0,0,0,0,0,0,0,0
Senate Republicans say campaigns should call FBI over foreign dirt #Resist #ResistTrump #FuckTrump https://t.co/qyLHBSaSoa,eng,hasoc_en_2289,0,0,0,0,0,0,0,0,0,0,0,0
Trying to win by hiding. #BorisJohnsonShouldNotBePM  Tory frontrunner fails to participate in the debate as PM contenders struggle to offer sol @AJEnglish https://t.co/OzbI1id44c https://t.co/bXlxxJJUN1,eng,hasoc_en_2290,0,0,0,0,0,0,0,0,0,0,0,0
Govt school adopted by IMA appointed unqualified teachers based on their investments      #IMAFraud #PonziScheme     https://t.co/rqt6X2fP0q,eng,hasoc_en_2292,0,0,0,0,0,0,0,0,0,0,0,0
@MysterySolvent I'm in count down mode until we never have to see this nasty grifter family again. And never is too soon. #FUCKTRUMP https://t.co/ID2oeD11OV,eng,hasoc_en_2293,0,0,0,0,0,0,0,0,0,0,0,0
A billion Cricket fans waited four years to watch how it rains in England😀😀😀😀 #shameonicc,eng,hasoc_en_2295,0,0,0,0,0,0,0,0,0,0,0,0
Biden leading Trump by 16 in Pennsylvania  Biden leading Trump by 10 in Wisconsin  Biden leading Trump by 7 in Florida  Trump leading Biden by 2 in Texas    Hahahahaha!   😂😂😂     #FuckTrump   #ImpeachTrumpNow https://t.co/VXubGeAKs3,eng,hasoc_en_2297,1,0,0,0,0,0,0,0,0,0,0,1
#Trump just invited Congress to begin #Impeachment proceedings    #FridayMotivation  #ForThePeople  #2020Election  #FBR  #TrumpIsATraitor  #TrumpIsTheEnemyOfThePeople  #DemForce    https://t.co/xN6mPPlNwP,eng,hasoc_en_2298,1,0,0,0,0,0,0,0,0,0,0,1
@realDonaldTrump Surrender. It’s all coming out. Everything. Everyone will know the truth. #TrumpIsATraitor,eng,hasoc_en_2299,0,0,0,0,0,0,0,0,0,0,0,0
Don't know if the math is correct but #ShameOnICC https://t.co/czmt2cwpk9,eng,hasoc_en_2300,0,0,0,0,0,0,0,0,0,0,0,0
The #TrumpIsATraitor groupies are going to lie us into another war! And why? TO PUMP TRUMP’S POLL NUMBERS!,eng,hasoc_en_2302,1,0,0,0,0,0,0,0,0,0,0,1
This should have been the anthem of this world cup 😂😁😁 #ShameOnICC https://t.co/DYkHatIreb,eng,hasoc_en_2303,0,0,0,0,0,0,0,0,0,0,0,0
Bastard #BorisJohnsonShouldNotBePM,eng,hasoc_en_2308,0,0,0,0,1,0,0,0,0,0,1,1
Please RT. #BorisJohnsonShouldNotBePM https://t.co/t4ID5sAXdt,eng,hasoc_en_2309,0,0,0,0,0,0,0,0,0,0,0,0
I think if Boris refuses to take part in the hustlings he should be automatically excluded from the leadership contest. Refusing to take part shows contempt of the British people and extreme arrogance. #BorisJohnsonShouldNotBePM #GeneralElectionNow,eng,hasoc_en_2311,0,0,0,0,0,0,0,0,0,0,0,0
@SpringF_kx @BBackerman1 @Rich705 @VtxMad @PennyCarrigan1 @keanothedog @ommatid @ThaddeusArjuna @Rose52413 @fordyce_greg @mason4922 @MBonsario @Doh_Doh_Burrd @clairermassey @SarahLies4Trump @ignats66 @gentlemindmom @cyferPtVila @a_patriciann @AllAboutAlla,eng,hasoc_en_2312,0,0,0,0,0,0,0,0,0,0,0,0
@Trendulkar It's not raining as it's England's match..ECB &amp,eng,hasoc_en_2316,0,0,0,0,0,0,0,0,0,0,0,0
What Pompeo forgot about the flag #Resist #ResistTrump #FuckTrump https://t.co/wH46YP88Ux,eng,hasoc_en_2317,0,0,0,0,0,0,0,0,0,0,0,0
@LilCox2627 @write2bheard1 @senatemajldr I've definitely not heard enough. And what i have heard / read indicates 🍄 has obstructed justice and his campaign worked in conjunction with Russia to be illegitimately installed as a russian-asset.  #IReadTheMue,eng,hasoc_en_2318,0,0,0,0,0,0,0,0,0,0,0,0
@mbmk7 Not on my life would I wish Trump a happy birthday. #TrumpIsATraitor,eng,hasoc_en_2320,1,0,0,0,0,0,0,0,0,0,0,1
#IdiotTrump forgets an important rule: don’t make up quotes from real people #TrumpsAnInternationalDisgrace  https://t.co/3D0qIFc6aL,eng,hasoc_en_2321,0,0,0,0,0,0,0,0,0,0,0,0
Do not remove the batch at any cost #DhoniKeepsTheGlove  We support you MS 🇮🇳 #ICC must give equal treatment to everyone..   What do you call this a spirit of cricket...? https://t.co/eGL0mfObHC,eng,hasoc_en_2323,0,0,0,0,0,0,0,0,0,0,0,0
@johnlundin @politicususa I DEMAND TRUMP RESIGN  #TrumpIsATraitor,eng,hasoc_en_2324,1,0,0,0,0,0,0,0,0,0,0,1
@sudhirchaudhary @ICC does only two things.   1. Sleeps most of the times   2. Wakes up to impose some restrictions on @BCCI valid or otherwise #DhoniKeepTheGlove #DhoniKeepsTheGlove https://t.co/CSrEA4zN5p,eng,hasoc_en_2326,0,0,0,0,0,0,0,0,0,0,0,0
We are with you 🙌🏻    #DoctorsFightBack #DoctorsProtest #DoctorStrike #Savethedoctors #doctors_against_assualt #DontGiveUp #KolkataViolence #Kolkata #MamtaBanerjee #SaveBengalSaveDemocracy #mamtafrustrated #mamtalosingcontrol #SaveTheSaviours #SaveBengal #SaveOurDoctors https://t.co/Qm7Zn8SJBP,eng,hasoc_en_2327,0,0,0,0,0,0,0,0,0,0,0,0
ICC behaving like ECI #DhoniKeepsTheGlove,eng,hasoc_en_2328,0,0,0,0,0,0,0,0,0,0,0,0
Thread of great importance and florid profanity    #FuckTrump https://t.co/J2n8lBrq2k,eng,hasoc_en_2329,0,0,0,0,0,0,0,0,0,0,0,0
I'll drink to that #fucktrump 🥂 https://t.co/LWR8eWbafH,eng,hasoc_en_2330,0,0,0,0,0,0,0,0,0,0,0,0
@aajtak If not possible to keep insignia on gloves @msdhoni should have tattoo of insignia on his arms.  @BCCI @republic  @ICC #keepthegloves #bcci #DhoniKeepsTheGlove #Dhoni   #BalidaanBadge #zeenews,eng,hasoc_en_2334,0,0,0,0,0,0,0,0,0,0,0,0
My mementoes today included this P.O.S.... so I’ll give him a shout out.     Never forget... #BrockTurner #Rapist https://t.co/zWTXM8ZAgm,eng,hasoc_en_2336,0,0,0,0,0,0,0,0,0,0,0,0
#DhoniKeepsTheGlove the #ICC is the new british raj dictating on the colonies what and what not to wear. #BCCI looking at money aspect will bow down to its british raj masters,eng,hasoc_en_2338,0,0,0,0,0,0,0,0,0,0,0,0
Stop Violence Against Doctors!!  #DoctorsFightBack #DoctorsStrike   #Modi #DoctorsProtest https://t.co/LeN3EIafOm,eng,hasoc_en_2339,0,0,0,0,0,0,1,0,0,0,1,1
We're about to get our own trump #BorisJohnsonShouldNotBePM #borisjohnsonisaclown https://t.co/z4Qa7L0coc,eng,hasoc_en_2341,1,0,0,0,0,0,0,0,0,0,0,1
Welcome to Trumpworld #morintoon #TrumpIsATraitor #TrumpElections #TrumpCollusion #TrumpCriminalInvestigations #TrumpCrimeSyndicate #TrumpCult https://t.co/y4fvByaaUj,eng,hasoc_en_2342,0,0,0,0,0,0,0,0,0,0,0,0
Mobile Phone Software in Delhi is the best cell phone monitoring software for the clients and this is the hacking and tracking software. https://t.co/r39qZT6qcI  #ShameOnICC  #SaveBengal,eng,hasoc_en_2343,0,0,0,0,0,0,0,0,0,0,0,0
Mass resignation at #medicalcollegekolkata  Salute.  #DoctorsFightBack https://t.co/peaK693rxa,eng,hasoc_en_2344,0,0,0,0,0,0,0,0,0,0,0,0
History will remember this as not only doctors but the common citizens' first movement against the autocratic dictatorship of Mamata-Bin-Tughlaq!!  All this without any political support!!    #SaveTheDoctors   #SaveBengal   #DoctorsFightBack https://t.co/i0bCvwU6XG,eng,hasoc_en_2345,0,0,0,0,0,0,1,0,0,0,1,1
@PeteJamison I'm boycotting Trump's 4th of July political rally. Everyone should. #JohnMcCainDay #FBRParty #ImpeachTrumpNow #TrumpIsATraitor #DerangedDonald,eng,hasoc_en_2347,1,0,0,0,0,0,0,0,0,0,0,1
Why is #BorisJohnsonShouldNotBePM hiding from the press and tv cameras? No show on #C4LeadershipDebate &amp,eng,hasoc_en_2348,0,0,0,0,0,0,0,0,0,0,0,0
@Hope012015 @thinkprogress What has he seen from Trump that indicates he’s shown good judgement? Just SAYING He would take Information from A Foreign Govt shows Terrible Judgment! #TrumpIsATraitor,eng,hasoc_en_2349,1,0,0,0,0,0,0,0,0,0,0,1
Happy #JohnMcCainDay !!    #FuckTrump,eng,hasoc_en_2352,0,0,0,0,0,0,1,0,0,0,1,1
What I do... whether it’s plants or relationships... #Murderer https://t.co/kDJf6vL4yb,eng,hasoc_en_2353,0,0,0,0,0,0,0,0,0,0,0,0
Not even if office yet and already he's being a twat. #dickhead  https://t.co/eG7rnWCZH3,eng,hasoc_en_2354,0,0,0,0,0,0,0,0,0,0,0,0
Lulz new meme of the day :D! #OpKKK #optrump #opdomesticterrorism #fucktrump #ImpeachTrumpNow #ImpeachDonaldTrumpNOW https://t.co/6mizJFRVHW,eng,hasoc_en_2356,0,0,0,0,0,0,0,0,0,0,0,0
@ICC @BCCI @ICCLive  @cricketworldcup  @ICCMediaComms we want answer.  @msdhoni  @MajorPoonia great initiative and support  #BalidaanBadge #BCCI #DhoniKeepTheGlove #DhoniKeSaathDesh #DhoniKeepsTheGlove #DhoniAtCWC19 #Dhoni #dhonigloves https://t.co/zfilmp,eng,hasoc_en_2357,0,0,0,0,0,0,0,0,0,0,0,0
Junior doctors refuse to meet Chief Minister #MamataBanerjee at her office in Nabanno and have instead asked her to meet them at NRS Medical College and Hospital as they feel insecure and apprehensive about meeting her behind closed doors #DoctorsFightBack  https://t.co/vITYxnDNbl,eng,hasoc_en_2358,0,0,0,0,0,0,0,0,0,0,0,0
@TheTweetOfGod Special Birthday Song for Drumpf! #fuckTrump    https://t.co/xUJXn58XyC,eng,hasoc_en_2359,0,0,0,0,0,0,0,0,0,0,0,0
@realDonaldTrump is just a greasy piece of shit. The world is darker with him in it.     #Iran #TrumpIsATraitor #TrumpMustResign #TrumpsAnInternationalDisgrace #TrumpResign #TrumpTantrum #jailtrump #IndictTrump #ImpeachTrumpNow #ImpeachDonaldTrumpNOW #Imp,eng,hasoc_en_2360,0,0,0,0,0,0,0,0,0,0,0,0
@realDonaldTrump Somebody turn off the #Gaslighting already.    #TrumpIsATraitor #TrumpIsTheEnemyOfThePeople #TrumpTantrum https://t.co/waQbkdm4zI,eng,hasoc_en_2361,0,0,0,0,0,0,0,0,0,0,0,0
ICC showed his full attention towarrds Dhoni's gloves  But gives a few attention in choosing a perfect place for the world cup 2K19   #ShameOnICC https://t.co/rFftuJMrHI,eng,hasoc_en_2362,0,0,0,0,0,0,0,0,0,0,0,0
What a proud moment!!😍  We literally waited for 4 years to see the rain of englnd     Thankyou  @ICC 🙂    #ShameICC #ShameOnICC #rainyworldcup #RainStopsMatch #rain #Worldcup19 #WorldCup,eng,hasoc_en_2364,0,0,0,0,0,0,1,0,0,0,1,1
If you are @realDonaldTrump then you're a piece of shit.     If you are @VP then you are a piece of shit.    If you are a supporter of either Trump or Pence the you are a piece of shit.    #fucktrump #fuckpence #fuckthegop,eng,hasoc_en_2366,1,0,0,0,0,0,0,0,0,0,0,1
@mmfelts @SteveScalise You love trump too . So there’s that. #TrumpIsATraitor,eng,hasoc_en_2367,1,0,0,0,0,0,0,0,0,0,0,1
There is only one clear winner this Cricket World Cup- RAIN,eng,hasoc_en_2369,0,0,0,0,0,0,0,0,0,0,0,0
Change host uk to India know @ICC   #ShameOnICC,eng,hasoc_en_2370,0,0,0,0,0,0,0,0,0,0,0,0
#Government_of_india is still sleeping    This is Day 5 of protest...No one from the central government or state government care about the situation and the patients dying outside the hospitals.  #DoctorsFightBack  #DoctorsUnderOppression   #healthcare,eng,hasoc_en_2371,0,0,0,0,0,0,0,0,0,0,0,0
PLEASE SEE WHAT THEY ARE SAYING FIRST-HAND. DON'T TRUST YELLOW JOURNALISTS!  #DoctorsFightBack  #DoctorsStrike  #DoctorsProtest  #StandWithNRSMCH https://t.co/yiGzGvwzSC,eng,hasoc_en_2372,0,0,0,0,0,0,0,0,0,0,0,0
.@ohnoitsdapopo oh hey its a 'tough guy' with a badge assaulting citizens for no reason 🙄 #Douchebag #BadCop,eng,hasoc_en_2373,0,0,0,0,0,0,0,0,0,0,0,0
@KamalaHarris #WillieBrownsCumDumpster   #HorizontalHarris   #HeelsUpHarris     What about the fathers who can’t be with their children because they were ripped from the womb?    @KamalaHarris = #murderer  @KamalaHarris = #Disgrace to humanity,eng,hasoc_en_2374,0,0,0,0,0,0,0,0,0,0,0,0
#TraitorTrump Unleashes AM #Tweet As World Crumbles Around Him #TrumpIsATraitor #VoteBlue2020  https://t.co/Q8xLlWlkJF,eng,hasoc_en_2376,0,0,0,0,0,0,0,0,0,0,0,0
@realDonaldTrump What in the absolute hell is wrong with you?!? #TrumpIsUnfit #TrumpIsATraitor #TrumpIsACriminal,eng,hasoc_en_2377,0,0,0,0,0,0,0,0,0,0,0,0
Everyone should be scared that #TraitorTrump doesn't know the difference between right and wrong. #TrumpIsATraitor #TrumpTreason #TrumpTraitor https://t.co/fkNkTjasPZ,eng,hasoc_en_2378,0,0,0,0,0,0,0,0,0,0,0,0
@RepSwalwell @realDonaldTrump All the positive replies on here are bots! You are such a #Douchebag,eng,hasoc_en_2380,0,0,0,0,0,0,0,0,0,0,0,0
Our entire state wants to know who this Minister in context is. Request all the media houses to pursue this matter relentlessly and also the IAS officer in context should be given an award for his gallantry.    #IMAFraud    https://t.co/MxyFcEqf6K,eng,hasoc_en_2382,0,0,0,0,0,0,0,0,0,0,0,0
@theScore @Drake Act like you been there befo....Oh that’s right. Never been there. That’s cute. Good for you guys....#DoucheBag,eng,hasoc_en_2383,0,0,0,0,0,0,0,0,0,0,0,0
#DoctorsFightBack  #SaveBengal  #Savethedoctors  Yaa... Its not cool. But it has become more than just a fight for doctors. Its a fight for democracy... Our leaders do whatever they want in the name of democracy... It's time to put full stop to that.  #share  #SaveBengalSaveDemocracy https://t.co/OfAfcRjpju,eng,hasoc_en_2384,0,0,0,0,0,0,0,0,0,0,0,0
100% Right...  #ShameOnICC @ICC https://t.co/4iNBOP2CyI,eng,hasoc_en_2385,0,0,0,0,0,0,0,0,0,0,0,0
@cricketworldcup Show us the keeping gloves and we would tell. 😋    #DhoniKeepsTheGlove  #DhoniKeepTheGlove  #IndiaWithDhoni  #AusvInd #INDvAUS #CWC19,eng,hasoc_en_2387,0,0,0,0,0,0,0,0,0,0,0,0
Fuck @realDonaldTrump @POTUS  Way to make it financially more difficult to support a US company and the future of the auto industry 🖕🏽 #assclown #WorstPresidentEver #RealNews #DoucheBag https://t.co/paXDL5k5Vf,eng,hasoc_en_2388,0,0,0,0,0,0,0,0,0,0,0,0
@cricketworldcup @ICCMediaComms @ICCLive @ICC @BCCI what was happening there?   #DhoniKeSaathDesh #DhoniKeepTheGlove #DhoniKeepsTheGlove #DhoniKeepBalidaanBadgeGlove #Dhoni @msdhoni https://t.co/ZnVR4IdLEs,eng,hasoc_en_2389,0,0,0,0,0,0,0,0,0,0,0,0
😂Forget Parsees Save 😂 #CongBachaoRahulHatao #congressneveragain #CongressMuktMaharashtra #CongressParty #congresschorhai #rajivviraatvacation #rajivgandhichorhai #rahulscorpenelink #RahulNowLiability #CongratulationsMheshimiwa #AbkiBaar300Paar #AbHogaNYAY #CongressMuktBharat https://t.co/ahrf2pJ0xm,eng,hasoc_en_2390,0,0,0,0,0,0,0,0,0,0,0,0
@BrianKarem @realDonaldTrump Be Quiet or the racist scarecrow with the orange face will get you!!  #fucktrump #FUCKTHEGOP #ImpeachTrumpNow https://t.co/RAyBWJczqR,eng,hasoc_en_2391,0,0,0,0,0,0,1,0,0,0,1,1
I salute his love for the nation and soldiers!  We are proud you dhoni ❤ continue to wear your gloves till we lift the World cup  I stand by @msdhoni @narendramodi #DhoniKeepsTheGlove https://t.co/8GgWtrHmQe,eng,hasoc_en_2392,0,0,0,0,0,0,0,0,0,0,0,0
Have you entered this #RedmiK20 &amp,eng,hasoc_en_2393,0,0,0,0,0,0,0,0,0,0,0,0
@TarekFatah @ICC @msdhoni @msdhoni #DhoniKeepsTheGlove always 😘,eng,hasoc_en_2394,0,0,0,0,0,0,0,0,0,0,0,0
I deeply request all indian fans to carry the Balidan dagger flag whoever going to watch the cricket in stadium or wear T-shirt with the logo. @ICC Show the power of us #DhoniKeepsTheGlove #IndiaWithDhoni,eng,hasoc_en_2395,0,0,0,0,0,0,0,0,0,0,0,0
I'm NOT checking any fucking citizenship box #FuckTrump. https://t.co/nfe8RKYIKV,eng,hasoc_en_2396,0,0,0,0,0,0,0,0,0,0,0,0
Which is more important? #Savethedoctors #DoctorsFightBack #DoctorsStrike @narendramodi @PMOIndia @AIIMSRDA @republic @ArnabGoswamiRtv,eng,hasoc_en_2397,0,0,0,0,0,0,0,0,0,0,0,0
Who benefits from the explosion in the sea of #Oman    #CopaAmerica   #GrahamNorton   #DoctorsFightBack   #LifeAfterLockup   #INDvPAK   #DoctorsUnderOppression   #SaturdayMotivation   #தவிக்கும்தமிழ்நாடு   #INDvsPAK   #Oman   #SaturdayMorning   #Iran   #Trump   #SearchWWW https://t.co/M3kY6PS9av,eng,hasoc_en_2398,1,0,0,0,0,0,0,0,0,0,0,1
Traitor piece of shit mother fucker. #FuckTrump #TraitorTrump #ImpeachTheMFTraitor,eng,hasoc_en_2399,0,0,0,0,0,0,0,0,0,0,0,0
What a douche nozzle. #FuckTrump #BeBest #MAGA #AmericaFirst https://t.co/4pvUoYfMk9,eng,hasoc_en_2402,0,0,0,0,0,0,0,0,0,0,0,0
WHY? Oh that's right because he's a stupid fucking greedy moron with two brain dead Sons who love to kill endangered animals!  #FuckTrump   #ImpeachTrump  #WorstPresidentEver https://t.co/mMAyAOTNrH,eng,hasoc_en_2403,0,0,0,0,1,0,1,0,0,0,1,1
#TerroristNationPakistan 90% Pakistanis wants war with India and 10% said war should not be.     And   Those 10% belongs to Pakistans Armed Forces    😂    #TerroristNationPakistan,eng,hasoc_en_2404,0,0,0,0,0,0,0,0,0,0,0,0
@salmansaleh786 @AdityaRajKaul Question is... Why a #terroristNationPakistan allowed to play @ICC international cricket tournaments ???,eng,hasoc_en_2405,0,0,0,0,0,0,1,0,0,0,1,1
#OPPO is confused After Spending Rs.1100cr to #BCCI #sponsorship there logo has less recall compared to #Dhonis #IndianArmy #BalidanBadge     #CricketWorldCup #Cricket #DhoniKeepsTheGlove   #DhoniKeSaathDesh   @msdhoni @BCCI @adgpi @oppo @ShefVaidya @Atheist_Krishna @UnSubtleDesi,eng,hasoc_en_2406,0,0,0,0,0,0,0,0,0,0,0,0
#GandiNaaliAbuse - Using this type of language for the PM of India elected by a landslide by the people of India is totally unacceptable and is akin to abusing the mandate given by the people.,eng,hasoc_en_2408,0,0,0,0,0,0,0,0,0,0,0,0
FUCK YEAH MY NIECE: IF PEOPLE DONT LIKE HOT CHIPS THEY SHOULD GO TO THE DOCTOR\n\nTEACH THE CHILDREN WELL ETC,eng,hasoc_en_2410,0,0,0,0,0,0,0,0,0,0,0,0
@republic Abusing Modi who is taking Bharat on top ranking on world map Shame #GandiNaaliAbuse,eng,hasoc_en_2411,0,0,0,0,0,0,0,0,0,0,0,0
spycam lesbians kazakhstan dating sites cum grannies doctors oral sex pussy fuck ass fucked girl getting fucked clips nipples sex phat ass fucked fuck housewife girls have real sex sex stories real nipples cock pic.twitter.com/XtSNYnH8oI,eng,hasoc_en_2412,0,0,0,0,0,0,0,0,0,0,0,0
I think the Janeu is on ulta and the Hindu kid seems to be doing namaaz. This picture is as authentic as mythical Ganga Jamuni Tehzeeb,eng,hasoc_en_2414,0,0,0,0,0,0,0,0,0,0,0,0
#GandiNaaliAbuse Insult to the Premier of the nation is an insult to the entire country.,eng,hasoc_en_2415,0,0,0,0,0,0,0,0,0,0,0,0
but my doctor said whole grains are healthy and saturated fat in beef is bad. Do you really think you know more than my doctor?! \n\nYes God damn it I know way the fuck more than your stupid ass doctor when it comes to nutrition,eng,hasoc_en_2417,0,0,0,0,1,0,0,0,0,0,1,1
So they're using Boris Johnson's comments to keep Nazanin Zaghari Ratcliffe imprisoned & he refuses to take any responsibility for his actions?\n\nAnd you think this twat is fit to be PM?\n\nFuck off!\n\n#GMB,eng,hasoc_en_2419,0,0,0,0,0,0,0,0,0,0,0,0
Since Ive attended UCLA ive seen:\nMANY suicides\nA school shooting \nAn admissions scandal \nSchool doctor sexually assaults students\nCreepy professors/TAs who fuck students\n\nI have no idea what the fuck were #1 in,eng,hasoc_en_2423,0,0,0,0,0,0,0,0,0,0,0,0
Golden state had two players re-injure themselves in the same game. \n\nDon\'t blame the doctors\n\nFuck them doctors.,eng,hasoc_en_2424,0,0,0,0,0,0,0,0,0,0,0,0
He must have voted for trump,eng,hasoc_en_2425,1,0,0,0,0,0,0,0,0,0,0,1
Why do you talk in first person?,eng,hasoc_en_2426,0,0,0,0,0,0,0,0,0,0,0,0
Going to war. Hey these other countries pd traitor Trump and kush. Now they are making it happen. Right from the start,eng,hasoc_en_2427,1,0,0,0,0,0,0,0,0,0,0,1
Trump has a habit of creating a crisis and then jumping in and solving it. We HAD an agreement only problem in the @GOP s eyes is that it happened during Pres Obamas administration. You all need to get over yourselves and put country over party.,eng,hasoc_en_2428,1,0,0,0,0,0,0,0,0,0,0,1
Misuse of right to speech #GandiNaaliAbuse,eng,hasoc_en_2429,0,0,0,0,0,0,0,0,0,0,0,0
How the fuck does Boris keep finding women to sleep with him ? He looks like a preschooler drew a rapists face on a chunk of uncooked sausage meat #BorisJohnson #BorisJohnsonShouldNotBePM pic.twitter.com/16e9rypbWN,eng,hasoc_en_2430,0,0,0,0,0,0,0,0,0,0,0,0
#GandiNaaliAbuse PM is not responsible for each and everything! Why do they abuse PM ?,eng,hasoc_en_2431,0,0,0,0,0,0,0,0,0,0,0,0
When rahul is president then what others can say only abuses #GandiNaaliAbuse,eng,hasoc_en_2432,0,0,0,0,0,0,0,0,0,0,0,0
3 weeks ago I said to friends:\nId be amazed if @BorisJohnson doesnt bottle being PM again like last time & find some excuse to drop out of the race. Because he is all mouth & knows deep down he be a shit PM & cant deliver fuck all & knows he will be a failure #BorisJohnson pic.twitter.com/aNi4O9bdaM,eng,hasoc_en_2433,0,0,0,0,0,0,0,0,0,0,0,0
#gandinaaliabuse how can Indian citizens tolerate behavior of cong leader in lok sabha,eng,hasoc_en_2434,0,0,0,0,0,0,0,0,0,0,0,0
Who thinks the debates just won't be the same without Donna Brazile working on them behind the scenes?,eng,hasoc_en_2435,0,0,0,0,0,0,0,0,0,0,0,0
#GandiNaaliAbuse Crazy politics of Cong has vanished its element of cultural ethics .,eng,hasoc_en_2437,0,0,0,0,0,0,0,0,0,0,0,0
@RahulGandhi must answer if word #GandiNaaliAbuse used by his leader in LS is word of love. It is exemplary culture of BJP MPs who did not refer opposition to Mathai book in response to such dirty language. @sambitswaraj @AnchorAnandN @smitaprakash #Gandi,eng,hasoc_en_2438,0,0,0,0,0,0,0,0,0,0,0,0
They wont be applauding when he fucks up Brexit. Only a moron can look at what Johnson has done as a politician and conclude that hell do what he says he will.,eng,hasoc_en_2439,0,0,0,0,0,0,0,0,0,0,0,0
Trump did it again!!  Iran leadership doesnt understand the words nice and compassion... Donald is soooo funny!,eng,hasoc_en_2440,1,0,0,0,0,0,1,0,0,0,0,1
#GandiNaaliAbuse #GandiNaaliInsult #gandinaali By such statements you are insulting People of India. He is elected and selected by us. You have no right to say such things.,eng,hasoc_en_2441,0,0,0,0,0,0,0,0,0,0,0,0
#GandiNaaliAbuse Adhir's abusive language used in Parliament proves & Confirm that days Nehru & Gandhi Congress are over & its now Italian Congress.,eng,hasoc_en_2442,0,0,0,0,0,0,0,0,0,0,0,0
And @yanisvaroufakis blamed everyone else for his mistakes too but at least he had a sense of humour.,eng,hasoc_en_2443,0,0,0,0,0,0,0,0,0,0,0,0
This is what two stupid fucks look like..bumass crackheads all over for some little bud. VG4L very gay 4 life is what I see. dick riding bitch   pic.twitter.com/tjANQYqtrn,eng,hasoc_en_2444,0,0,0,1,1,0,0,0,0,0,0,1
#GandiNaaliAbuse China and other non democratic countries would be laughing at us. \n\nMatter of shame.\n\nTime we elected leaders and not RUFFIANS.,eng,hasoc_en_2445,0,0,0,0,0,0,0,0,0,0,0,0
#GandiNaaliAbuse It is an insult to the constitution N democracy  of the nation.,eng,hasoc_en_2446,0,0,0,0,0,0,0,0,0,0,0,0
Parliment is the temple of Indian democracy and no unparliamentary words should be used. Moreover it shows the character of the person using it.#GandiNaaliAbuse,eng,hasoc_en_2448,0,0,0,0,0,0,0,0,0,0,0,0
Your Conservative and DUP colleagues voted not to leave three times.,eng,hasoc_en_2449,0,0,0,0,0,0,0,0,0,0,0,0
Hindi toh samaj aati h ye toh natak hai #GandiNaaliAbuse,eng,hasoc_en_2453,0,0,0,0,0,0,0,0,0,0,0,0
#GandiNaaliAbuse Shame on Congress for using filthy language. Congress deserves anhilation from Indian political scene.,eng,hasoc_en_2457,0,0,0,0,0,0,0,0,0,0,0,0
People @republic of #India.. To what level do we want to stoop to? This highly objectionable as time and again we have seen any tom dick harry hurling abuses at our H'nble PM @narendramodi as again #GandiNaaliAbuse #GandiNaaliInsult resurfaces STOP IT!,eng,hasoc_en_2458,0,0,0,0,0,0,0,0,0,0,0,0
#GandiNaaliAbuse Some  of these abusive politicians are responsible for fanning hatred & incite atrocities across India. They are part of the problem & not a solution. People of the country have rightly rejected them. They cause immense harm to the society.,eng,hasoc_en_2460,0,0,0,0,0,0,0,0,0,0,0,0
The leader might be new but the mindset of the Gandhis doesn't change....Mr. Adhir has let down Bengalis today #GandiNaaliAbuse @republic,eng,hasoc_en_2462,0,0,0,0,0,0,0,0,0,0,0,0
dating moms taking young dick video asian doctor chubby chinese pussy angela sora fuck lesbian pic.twitter.com/73dNc6cjJS,eng,hasoc_en_2463,0,0,0,1,0,0,0,0,0,0,0,1
Basically Congress and it's allies do not like Hindus and PM represents as a Hindu which they absolutely reject. Entire Congress and it's supporters should be thrown out of this country. \n#GandiNaaliAbuse,eng,hasoc_en_2466,0,0,0,0,0,0,0,0,0,0,0,0
Opposition is a shame to the country... #GandiNaaliAbuse,eng,hasoc_en_2468,0,0,0,0,0,0,0,0,0,0,0,0
#gandinaaliabuse cong shown their true colour in parliament by abusing PM,eng,hasoc_en_2469,0,0,0,0,0,0,0,0,0,0,0,0
Are you crazy?,eng,hasoc_en_2471,0,0,0,0,0,0,0,0,0,0,0,0
E. Jean Carroll responds to Trump saying she's 'not his type'\n\n,eng,hasoc_en_2472,1,0,0,0,0,0,0,0,0,0,0,1
So why is being silenced by his carers if he has such a wonderful plan?  #fearty  #wheresboris  #BorisJohnsonShouldNotBePM https://t.co/2rhqX9Q0Ki,eng,hasoc_en_2475,0,0,0,0,0,0,0,0,0,0,0,0
What is going on.....    How can we trust Johnson    #BorisJohnsonShouldNotBePM https://t.co/SOreOA3EiG,eng,hasoc_en_2476,0,0,0,0,0,0,0,0,0,0,0,0
#resist #womensrights #rapist #WestPoint cadet's rape conviction reversal outrages victim advocates - West Point cadet's rape conviction reversal outrages victim advocates    https://t.co/BkXDkBQY0j,eng,hasoc_en_2478,0,0,0,0,0,0,0,0,0,0,0,0
@TheSun Why is this creature even alive??  #Murderer,eng,hasoc_en_2480,0,0,0,0,0,0,1,0,0,0,1,1
@manakgupta @MamataOfficial #DoctorsFightBack #MRSMCH #RDA Don't give up Guys Whole Indian Medical Fraternity is with U Until @MamataOfficial Unconditional Apology &amp,eng,hasoc_en_2481,0,0,0,0,0,0,0,0,0,0,0,0
#DonaldTrump Has Sold Out America To The Fricking Enemy Russian Commie Soviet 'REDS'  #MoreSanctionsOnRussia 'NOW'  #FuckTrump  Nuff Said ! .😠 https://t.co/hYPhOaUrcw,eng,hasoc_en_2482,0,0,0,0,0,0,0,0,0,0,0,0
@realDonaldTrump You wish. #FuckTrump,eng,hasoc_en_2483,0,0,0,0,0,0,0,0,0,0,0,0
CRICKET FANS WAITED 4 LONG YEARS FOR SEEING THE RAIN IN ENGLAND ..ICC RUINED THIS YEAR'S WORLD CUP #SHAMEONICC,eng,hasoc_en_2484,0,0,0,0,0,0,0,0,0,0,0,0
These stunning photos shows the dual-identities of LGBTQ military veterans #Resist #ResistTrump #FuckTrump https://t.co/BYt9ahwcvF,eng,hasoc_en_2489,0,0,0,0,0,0,0,0,0,0,0,0
Boris make a last minute appearance on Channel 4 debate #BorisJohnsonShouldNotBePM #C4debate https://t.co/1NtU20vYZ2,eng,hasoc_en_2490,0,0,0,0,0,0,0,0,0,0,0,0
Thank you Honourable @nsitharaman ji. Getting supported  by nation matters a lot for every person in the country.And you always support every good thing as parents do.Thanks for supporting @msdhoni  #DhoniKeepsTheGlove it shows that the team @narendramodi is Best .@poonam_mahajan https://t.co/f5v3eC09Od,eng,hasoc_en_2491,0,0,0,0,0,0,0,0,0,0,0,0
@CBSNews @SenSchumer how about ur buddy Barack ...ur ok with him right ...  He knew what was transpiring.....go investigate him pal #Douchebag,eng,hasoc_en_2492,0,0,0,0,0,0,0,0,0,0,0,0
Keep it moving #TrumpIsATraitor #ImpeachmentInquiryNow https://t.co/Q0rsoNgRPc,eng,hasoc_en_2493,0,0,0,0,0,0,0,0,0,0,0,0
And after that @narendramodi modi will be distribute 5cr scholarship to minority @mvmeet ji we should demand to #ModiSarkar2 for #RamMandir #PopulationControlLaw #Article370 #HinduSamarajyaDiwas #Bengal #BengalBurning #DoctorsFightBack https://t.co/LPFu489hBG,eng,hasoc_en_2494,0,0,0,0,0,0,0,0,0,0,0,0
Ocasio-Cortez says Dems are 'sitting on our hands' on impeachment #Resist #ResistTrump #FuckTrump https://t.co/qdpXEtqYXC,eng,hasoc_en_2496,0,0,0,0,0,0,0,0,0,0,0,0
@ICC @HomeOfCricket @englandcricket @askBCCI @cricketausmedia     How can ICC organise a world cup in such weather. Its highly unfair to teams and biased on part of ICC. #shameonicc https://t.co/wvKcaPNDJ6,eng,hasoc_en_2498,0,0,0,0,0,0,0,0,0,0,0,0
#SaveBengal    Zero Law &amp,eng,hasoc_en_2499,0,0,0,0,0,0,0,0,0,0,0,0
Ultimatums can work both ways ma'am.  #DoctorsFightBack #doctorsstrike #DoctorsProtest #standwithnrsmch https://t.co/t9iZTmGRsL,eng,hasoc_en_2500,0,0,0,0,0,0,0,0,0,0,0,0
@DiamondandSilk @realDonaldTrump Paid actors #ImpeachTrump #TrumpIsATraitor,eng,hasoc_en_2501,0,0,0,0,0,0,0,0,0,0,0,0
Yeah he is 😂 #FuckTrump https://t.co/5AlfNX0FGc,eng,hasoc_en_2502,0,0,0,0,0,0,0,0,0,0,0,0
@thepeopleszero #FuckTrump What a cool idea! Fuck Trump,eng,hasoc_en_2503,1,0,0,0,0,0,0,0,0,0,0,1
@realDonaldTrump #FuckTrump #BollocksToBoris     Meet the 'Dimmer' twins!! https://t.co/HJvajc0jjS,eng,hasoc_en_2505,0,0,0,0,0,0,1,0,0,0,1,1
NASA administrator says ‘nothing has changed’ after Trump’s tweet about the Moon and Mars #Resist #ResistTrump #FuckTrump https://t.co/KACKDzGJr6,eng,hasoc_en_2507,1,0,0,0,0,0,0,0,0,0,0,1
@WalshFreedom Because he thinks he is the president’s lawyer and not the AG for the American People. #TrumpIsATraitor #TrumpMustResign,eng,hasoc_en_2508,0,0,0,0,0,0,0,0,0,0,0,0
Top 2020 Dems best Trump in hypothetical matchups in new poll #Resist #ResistTrump #FuckTrump https://t.co/oL5j8ZCZxN,eng,hasoc_en_2509,1,0,0,0,0,0,0,0,0,0,0,1
@UKMoments @BorisJohnson Boris can’t even debate with 5  Conservative colleagues how will he cope against 27 EU Delegates. #BorisJohnsonShouldNotBePM,eng,hasoc_en_2510,0,0,0,0,0,0,0,0,0,0,0,0
@ShashiTharoor A #newborn baby was died too in the so call #DoctorsFightBack,eng,hasoc_en_2511,0,0,0,0,0,0,0,0,0,0,0,0
The @GOP @SenateGOP @HouseGOP and @realDonaldTrump himself don't care if they break laws like the Hatch law.     https://t.co/mZyNDIPkq9    #fucktrump #fuckthegop #voteoutgop #draintheswamp #trumpresign #impeachtrump #gop #politics,eng,hasoc_en_2512,0,0,0,0,0,0,0,0,0,0,0,0
IMA meeting with striking docs remains inconclusive  #IMA #DoctorsFightBack #DoctorsProtest #DoctorsStrike #DoctorsUnderOppression #doctors_against_assualt   https://t.co/d1xgUsv5oq,eng,hasoc_en_2514,0,0,0,0,0,0,0,0,0,0,0,0
So from next match onwards other country’s players will wear military and police logo of their country and then cricket will be a great war without balls and bats... Totally disgusting #dhonigloves #DhoniKeepsTheGlove,eng,hasoc_en_2515,0,0,0,0,0,0,0,0,0,0,0,0
#ShameOnICC is trending at 2nd https://t.co/cUWWur80fJ,eng,hasoc_en_2516,0,0,0,0,0,0,0,0,0,0,0,0
#DoctorsFightBack #DoctorsUnderOppression  I hope @ReallySwara @sonamakapoor u are not ashamed of brutal assault on kolkata Doctors.  I don't see any placcards today!,eng,hasoc_en_2517,0,0,0,0,0,0,0,0,0,0,0,0
@YoungMaineeee @Leekk_ Lmao its cool just saying my piece #fucktrump,eng,hasoc_en_2520,0,0,0,0,0,0,0,0,0,0,0,0
Ummm...getting even??? #lockthisnutupagain #murderer https://t.co/Yt90Og4bRG,eng,hasoc_en_2521,0,0,0,0,0,0,1,0,0,0,1,1
@ANI #DoctorsFightBack  #DoctorsProtest  #India  Kindly don't befool doctors by writing letters to CMs. It is a futile eyewash exercise. Immediately pass ordinance to protect medical staff. #IMA must go on indefinite strike in the entire country till an o,eng,hasoc_en_2522,0,0,0,0,0,0,0,0,0,0,0,0
@JeffreyToobin #Murderer!!! He killed people! https://t.co/031Fr4Mvg5,eng,hasoc_en_2523,0,0,0,0,0,0,1,0,0,0,1,1
@cnnbrk This is a US led behind the scenes so they can create a war with Iran. Following up on Bush’s war with Iraq for no reason. #fucktrump,eng,hasoc_en_2524,0,0,0,0,0,0,0,0,0,0,0,0
@realDonaldTrump Intel &amp,eng,hasoc_en_2526,0,0,0,0,0,0,0,0,0,0,0,0
Didt he do well #BorisJohnsonShouldNotBePM https://t.co/YzmmKnLSmL,eng,hasoc_en_2528,0,0,0,0,0,0,0,0,0,0,0,0
@PressSec how do we correct this lie from @hogangidley45???  It is highly irresponsible &amp,eng,hasoc_en_2530,0,0,0,0,0,0,1,0,0,0,1,1
@BellaTwins How do you feel about Henry Cejudo telling you to kick rocks In his interview.  #douchebag,eng,hasoc_en_2531,0,0,0,0,0,0,0,0,0,0,0,0
Kolkata - SSKM Hospital.     Death of a nine-month-old girl from Behala because of alleged medical negligence triggered an altercation between police / hospital and the deceased's family and neighbours. #DoctorsFightBack  https://t.co/UHywMGp6VQ,eng,hasoc_en_2533,0,0,0,0,0,0,1,0,0,0,1,1
#Peace and #Liberty for #Uyhgur !  #PleaseHelp #FreeUyghur #SaveUyghur #MeTooUyghur #PrayForUyghur #EastTurkistan #FreedomForEastTurkistan #Turkistan #Freedom #HumanRights #China #CCP #Genocide #StopChina #BoycottChina #StopGenocideChina #ウイグル #RT  https://t.co/NqNqUGAQ7l,eng,hasoc_en_2534,0,0,0,0,0,0,1,0,0,0,1,1
This is why we need #BernieforPresident #Bernie2020 #FuckTrump https://t.co/82s11Z7URr,eng,hasoc_en_2536,0,0,0,0,0,0,0,0,0,0,0,0
A Real Leader .... #fucktrump #NotMyPresident @POTUS @realDonaldTrump https://t.co/97HEDeZ1jM,eng,hasoc_en_2537,0,0,0,0,0,0,0,0,0,0,0,0
@realDonaldTrump Trusted again? That implies you were trusted in the first place #FuckTrump #WTFiswrongwithyou #TakeThatDamnPhoneAwayHim #ImpeachTheMF,eng,hasoc_en_2538,0,0,0,0,0,0,0,0,0,0,0,0
Dear @ICC Let #DhoniKeepsTheGlove it's not hurting any religious beliefs nor promoting any political party. @BCCI  should stand by @msdhoni and support him.,eng,hasoc_en_2539,0,0,0,0,0,0,0,0,0,0,0,0
2020 can't come fast enough.    #TrumpIsATraitor https://t.co/aZta1T7OYM,eng,hasoc_en_2541,0,0,0,0,0,0,0,0,0,0,0,0
@suri_anil @ChandrusWeb How wrong...we shud wear the pride of our country?? Attention seeker uncle #DhoniKeepBalidaanBadgeGlove  #DhoniKeepsTheGlove,eng,hasoc_en_2542,0,0,0,0,0,0,1,0,0,0,1,1
#DoctorsFightBack #Doctorsprotest #DoctorsStrike I support my fellow colleagues. https://t.co/3PXLSskhHl,eng,hasoc_en_2544,0,0,0,0,0,0,0,0,0,0,0,0
@ICC @cricketworldcup you guys ruined the enjoyment of #CWC2019   See the Kolkata #Edengarden in a normal match and you guys are organising a world level event and see your preparation #ShameonICC https://t.co/Wfd94zBG6Q,eng,hasoc_en_2545,0,0,0,0,0,0,0,0,0,0,0,0
Don’t the @Conservatives take references? #BorisJohnsonShouldNotBePM https://t.co/3qPx6ZwGbz,eng,hasoc_en_2546,0,0,0,0,0,0,0,0,0,0,0,0
#ShameOnICC    This is for both @ICC and @ECB_cricket . Don't know how to organize a global event. And call themselves as progressive... https://t.co/sLkovZL4l3,eng,hasoc_en_2548,0,0,0,0,0,0,0,0,0,0,0,0
#ImranHataoMulkBachao #ImranKhan Must  #retweet  #MustWatch #Budget2019 #AwamDushmanBudget #ImranKhanAddressesTheNation    #mustretweet https://t.co/4usfp7K2b1,eng,hasoc_en_2549,0,0,0,0,0,0,0,0,0,0,0,0
@nishantchat 3.5 lacs #DoctorsFightBack are doing #mob_lynching against to the #patients,eng,hasoc_en_2550,0,0,0,0,0,0,0,0,0,0,0,0
Surely the great buffoon thinks that he's above everyone else and has already been anointed by the Tories? #BorisJohnsonShouldNotBePM https://t.co/K58S2kFGDT,eng,hasoc_en_2552,0,0,0,0,0,0,0,0,0,0,0,0
Do you know ?    The strongly flavored Saffron is deep Red in color    #BengalDoctorsStrike #bengal #MamtaBanerjee #DoctorsProtest #DoctorsStrike #DoctorsFightBack #doctors_against_assualt #cpim #Communists #AmitShah #Imafraud #indianmedicalassociation #TMC #Congress #MamataBanerjee https://t.co/fCRsxUv6nC,eng,hasoc_en_2553,0,0,0,0,0,0,0,0,0,0,0,0
Sick and tired of hearing about this fucking asshole too.  #FuckTrump https://t.co/xWA9L3JAnN,eng,hasoc_en_2554,0,0,0,0,0,0,0,0,0,0,0,0
Cricket in Rainy season was really a Great idea #ShameOnICC,eng,hasoc_en_2555,0,0,0,0,0,0,0,0,0,0,0,0
@ANI Libtards #JaishEMedia call @BJP4India saffron wid mission to make India Hindu state?   As soon as they get 20℅ muslim vote  #BJP smells winning formula n India is back to normal. #CongressMuktBharat means #BJP takes ovr congress culture of appeasemen,eng,hasoc_en_2556,0,0,1,0,0,0,0,0,0,0,0,1
#douchebag of a congressmen @Jim_Jordan humiliated by @JohnWDean   https://t.co/IbC87m5qmd,eng,hasoc_en_2557,0,0,0,0,0,0,0,0,0,0,0,0
‘Pose’ star Indya Moore attacked outside studio by a deranged Trump supporter #Resist #ResistTrump #FuckTrump https://t.co/fEMAsPgtgq,eng,hasoc_en_2559,1,0,0,0,0,0,0,0,0,0,0,1
Avlon: This is what the Founding Fathers warned against #Resist #ResistTrump #FuckTrump https://t.co/pQILuyoZ0y,eng,hasoc_en_2560,0,0,0,0,0,0,0,0,0,0,0,0
@ICC  @BCCI  Batch on someone's gloves is not harmful or disrespectful for ICC world cup but poor umpiring is.    So focus on real matters than making controversy of someone's gloves.  #DhoniKeepsTheGlove,eng,hasoc_en_2561,0,0,0,0,0,0,0,0,0,0,0,0
The secret behind the game.    #IndiaVsPakistan   #terroristNationPakistan    #IndiaVsPakistan https://t.co/j4BMFAxoZP,eng,hasoc_en_2562,0,0,0,0,0,0,0,0,0,0,0,0
This is not ok. At 4 mos. I was still BF my kids. This not pro-life. #fucktrump https://t.co/GBOrAs4TN0,eng,hasoc_en_2563,0,0,0,0,0,0,0,0,0,0,0,0
Of course @VP is a fucking bigot from a former person from Indiana go fuck yourself Mike Pence you are as big of a piece of shit as @realDonaldTrump #FuckTrump #FuckMikePence https://t.co/vbgUeb766n,eng,hasoc_en_2566,0,0,0,0,0,0,0,0,0,0,0,0
@MorajkarVibhuti @PFantta But what's the fault of the innocent familles who came for the treatment. They didn't beaten up anyone. They just seeking for the treatment of their problems. i am medical student too and I'm not against this movement but i think,eng,hasoc_en_2567,0,0,0,0,0,0,0,0,0,0,0,0
Waah. Creating fuss when there is none. I wonder if anyone was playing at the same time when 'this' was happening on the playground.   Had they not prayed on the field I wonder what excuse would have been used to compare with the #DhoniKeepsTheGlove https://t.co/AQGa9snabG,eng,hasoc_en_2568,0,0,0,0,0,0,0,0,0,0,0,0
Let's get #TrumpIsATraitor trending?,eng,hasoc_en_2569,0,0,0,0,0,0,0,0,0,0,0,0
@MEchoed #Assange is not a #rapist  https://t.co/M4sfW7csXC,eng,hasoc_en_2573,0,0,0,0,0,0,0,0,0,0,0,0
Milkha Singh never ran in his army vest. And he was more than ‘honorary’ #DhoniKeepsTheGlove,eng,hasoc_en_2577,0,0,0,0,0,0,0,0,0,0,0,0
Didi came n threatened us n we strike back with mass resignation..now u urself come n treat the patients..  #Shame #DoctorsFightBack #Savethedoctors #doctors_against_assualt #westandwithnrsmch https://t.co/6H4y2i04ro,eng,hasoc_en_2580,0,0,0,0,0,0,0,0,0,0,0,0
@TheRealOJ32 Not here.      Not ever.      #Murderer,eng,hasoc_en_2581,0,0,0,0,0,0,0,0,0,0,0,0
Where's Wally!? #BorisJohnsonShouldNotBePM #WheresBoris #ToryLeadership,eng,hasoc_en_2582,0,0,0,0,0,0,0,0,0,0,0,0
#ShameOnICC please at least plan future matches by considering weather...,eng,hasoc_en_2583,0,0,0,0,0,0,0,0,0,0,0,0
Privileged white boy writes about men’s rights sugarcoating it as fight for freedom and enlightenment! it’s all about men and their fetish.  #WarOnWomen #DickHead  https://t.co/UxnIBLAzj1,eng,hasoc_en_2584,0,1,0,0,0,0,0,0,0,0,0,1
@IndiaToday If IAS officers do not work can anybody from public dare to enter his office and attack him? Then why doctors are made vulnerable to physical attacks?  #India must bring law to protect medical staff.  #DoctorsFightBack,eng,hasoc_en_2585,0,0,0,0,0,0,0,0,0,0,0,0
must add one more chart on points table-play in rain. #poorplanning #ShameOnICC. You guys are more concerned about @msdhoni gloves or Michael Holding's commentary on umpires. https://t.co/YUY6sroji1,eng,hasoc_en_2586,0,0,0,0,0,0,0,0,0,0,0,0
@Haifisch_Von @Lisa24681012 Wow. At least he's paying SOMEBODY!  #Brokeahontas #TrumpIsATraitor #TrumpMustResign,eng,hasoc_en_2587,0,0,0,0,0,0,0,0,0,0,0,0
@camgrad2017 @CNNPolitics #Douchebag Pretty much sums up your party’s broken ideology. https://t.co/usGFYvnlT6,eng,hasoc_en_2589,0,0,0,0,0,0,0,0,0,0,0,0
@IvankaTrump HAPPY JOHN MC CAIN DAY! #fucktrump #trumpcolluded #TRATIOR #MUELLERSCOMING #LIARINCHIEF #Fatnixon #liarinchief #liarinchief #trumpcrimefamily #TRATIOR #manbaby #manbaby #Fatnixon #trumpcrimefamily,eng,hasoc_en_2591,0,0,0,0,0,0,0,0,0,0,0,0
@DainikBhaskar @MamataOfficial @AmitShahOffice So now it is reversed.....good ...  TMC is now inching closer to death.    Courtesy @MamataOfficial  #DoctorsFightBack #DoctorStrike is the DECISIVE act to Throw her from Bengal.JAI SRI RAM!!!JAI....JAI....SR,eng,hasoc_en_2593,0,0,0,0,0,0,1,0,0,0,1,1
One more #childrapecase #kill #Rapist save Our #Girls @narendramodi take tough action make strict rules. https://t.co/Txyocdedzb,eng,hasoc_en_2594,0,0,0,0,0,0,1,0,0,0,1,1
@FFan__ @mahan_saria Why does it not rain when England is playing? I'm telling you... They're controlling the rain with cloud computing. Hi tech fixing is going on under the nose of ICC.  #ENGvsWI #ShameOnICC,eng,hasoc_en_2595,0,0,0,0,0,0,0,0,0,0,0,0
This is for all you new mom's out there 😂 #kids #viernesdeYaValio #PremiosMTVMIAW #loveisland #CopaAmerica #DoctorsFightBack #INDvsPAK #INDvPAK https://t.co/l450qSxzED,eng,hasoc_en_2597,0,0,0,0,0,0,0,0,0,0,0,0
Left illiberals and ecosystem journos as always trying to skirt the issue about the murderous  attack on a doctor in Kolkata and trying to make it a doctors' integrity and trust issue. There are two questions that need to be answered. #DoctorsFightBack,eng,hasoc_en_2598,0,0,0,0,0,0,0,0,0,0,0,0
@MarkHarrisNYC Leaving it up to the judgement of one person in a powerful position is foolishness that has pervaded the last few years and must stop. We should be in the streets making the next step an inevitability.  #FuckTrump,eng,hasoc_en_2599,0,0,0,0,0,0,0,0,0,0,0,0
@AaronBlake There's no lost in translation when this #douchebag speaks!!! #sad #dipshit,eng,hasoc_en_2600,0,0,0,0,0,0,1,0,0,0,1,1
@NPASRedhill @NPAShq @NPASHawarden @NPASCarrGate ok but do you know who/what they were looking for? #ukp04 #npas #culcheth #murderer #missingperson #prisonbreak #escapedprisoner #alien #polarbearwithchlamydia #policechase #serialkiller,eng,hasoc_en_2604,0,0,0,0,0,0,0,0,0,0,0,0
Retweet this to give @realDonaldTrump a big fuck you 🖕🏿 for his birthday. #fucktrump,eng,hasoc_en_2606,0,0,0,0,0,0,0,0,0,0,0,0
Who should do investigation for #TGSFraud #DreamZGKfraud  #IMAfraud ? 5Th scam in Karnataka . More than 36000 victims due to poor governance by State Govt.,eng,hasoc_en_2608,0,0,0,0,0,0,0,0,0,0,0,0
Rain disturbed the game because god of rain is angry on   @ICC   ......  As   @ICC   ban's sign on gloves of   @msdhoni    #dhonikeepstheglove #Raptors,eng,hasoc_en_2609,0,0,0,0,0,0,0,0,0,0,0,0
It is too very unnatural on seeing the arrogant nature of @ICC and the organising sector of @cricketworldcup. How can ICC defend itself by not allowing reserve days for all matches. Dear @ICCMediaComms You must change your nature. #ShameOnICC @ECB_cricket https://t.co/SgMzR8wch1,eng,hasoc_en_2610,0,0,0,0,0,0,0,0,0,0,0,0
#DoctorsFightBack against #ShamelessMamata demanding #Justice4DrParibaha.  https://t.co/DHwJIDlH45,eng,hasoc_en_2611,0,0,0,0,0,0,0,0,0,0,0,0
@BorisJohnson Next Up:  Food banks now accepting  online deliveries 🚚 #BorisJohnsonShouldNotBePM,eng,hasoc_en_2612,0,0,0,0,0,0,0,0,0,0,0,0
This is what your country will soon look like if you EVER let #China in-in any way‼️Finance/joint ventures/land ownership/infrastructure or 5G‼️Yes they own HK but we got complacent while Britain had it’s 99 year lease-this is no longer the #HongKong we knew!💔💔💔#BoycottChina🇨🇳 https://t.co/mObuXJvnxF,eng,hasoc_en_2613,0,0,0,0,0,0,1,0,0,0,1,1
An intern at #NRSMCH was brutally assaulted following the death of terminally ill patient. It is deeply disheartening to see society's perspective towards our life saviours.We stand with #NRSMCH &amp,eng,hasoc_en_2614,0,0,0,0,0,0,1,0,0,0,1,1
We support .Balidan badge is pride of India. But  cricket is commercial.let us see. #DhoniKeepsTheGlove,eng,hasoc_en_2615,0,0,0,0,0,0,0,0,0,0,0,0
@msdhoni   we are proud of u mahi bhai. First improve ur umpairing @ICC #DhoniKeepsTheGlove https://t.co/HyZe3cnU2M,eng,hasoc_en_2616,0,0,0,0,0,0,0,0,0,0,0,0
#PARADHONI     #zeenews #BCCI #WorldCup2019  #starsportsindia #DhoniKeepsTheGlove   We want to see this in every match. You are the proud of country.🇮🇳 🇮🇳 https://t.co/bFD98uGIvC,eng,hasoc_en_2617,0,0,0,0,0,0,0,0,0,0,0,0
@MrBarrymore The craft of acting and lying?   Are you good at both?    @ITV @GMB     #dickhead,eng,hasoc_en_2620,0,0,0,0,0,0,0,0,0,0,0,0
#fucktrump #trump2020  Even Trumperrhoids are agahst at Prezter the Molester's admission that he would cooperate with a foreign government to influence American elections    EXCLUSIVE: Trump says he would listen if foreigners offered dirt on opponents https://t.co/xbGGLpPEBs,eng,hasoc_en_2621,1,0,0,0,0,0,0,0,0,0,0,1
@BonnieTowner #fucktrump   #Melanoma   #resist   #JohnMcCainDay   Melania is Trump's whore.  Trump is a fucking disgrace.   #MushroomDick  #TinyHandsHitler   #TrumpHasTinyHands,eng,hasoc_en_2622,1,0,0,0,1,0,0,0,0,0,0,1
There's a translation included. (For those as clueless as me.)    #HappyJohnMcCainDay   #HappyFlagDayPresidentObama   #fuckTrump https://t.co/TlTzZJ4eac,eng,hasoc_en_2623,0,0,0,0,0,0,0,0,0,0,0,0
@PressSec @realDonaldTrump Still waiting to hear what agreement we made with Mexico to stop illegal immigration. #LyingSarah hasn’t provided us any details. #idiotTrump got played. His own party was against him.,eng,hasoc_en_2624,0,0,0,0,0,0,0,0,0,0,0,0
This REALLY is  right on Target! #targetparkinglot #fucktrump #stateoftheworld #vivalaresistance https://t.co/6rgENCvTWJ,eng,hasoc_en_2625,0,0,0,0,0,0,0,0,0,0,0,0
R u out of ur senses west bengal ? We are protesting and you are still hurting? @AIIMSRDA @RDAPunjab @DeskRdasjh @Lhmc_rda @RdaHrh @Drmanugautam @CNNnews18 @NewIndianXpress @PTI_News @abpnewstv @ndtvindia @drmanishjain680 @drharshvardhan #doctors_against_assualt #DoctorsFightBack https://t.co/dEpTFbOXyK,eng,hasoc_en_2626,0,0,0,0,0,0,0,0,0,0,0,0
@realDonaldTrump Donnie.....you’re just saying that because he was mean to you! He let the Baby Trump blimp fly! He let thousands of protesters line the streets of London!!  YOU....Donnie are the disgrace!!  #TrumpIsADisgrace #TrumpIsACriminal #TrumpIsATr,eng,hasoc_en_2627,1,0,0,0,0,0,1,0,0,0,0,1
#icc should be ashamed of it's negligence. It has people's money and time. should apologize of its mismanagement.  #ShameOnICC #icc #CWC19 #RainStopsMatch https://t.co/JEhpPLQ6aJ,eng,hasoc_en_2629,0,0,0,0,0,0,0,0,0,0,0,0
Best sports can be played in england....After watching #WorldCup2019  Is.....    #ShameOnICC https://t.co/yvwK6lbEFU,eng,hasoc_en_2631,0,0,0,0,0,0,0,0,0,0,0,0
Is today’s rising #xenophobia a product of Iceland’s racist past? #Islamophobia #antimuslim https://t.co/8QPDU2kd0D,eng,hasoc_en_2632,0,0,0,0,0,0,0,0,0,0,0,0
What a mother fucking MAROON!!!!   #FuckTrump #TrumpLies #FuckingMoron #BigLightBehindYou #BlankPaper https://t.co/2EJs1ZM6kq,eng,hasoc_en_2634,0,0,0,0,0,0,1,0,0,0,1,1
Hey @TimesNow  cooking something new?  That's paribaha mukherjee in pic!  #standwithnrs  #standwithdoctors #DoctorsFightBack https://t.co/t6M5yS0Eeh,eng,hasoc_en_2635,0,0,0,0,0,0,0,0,0,0,0,0
#DoctorsFightBack  Doctors united despite threats of violence. Says NO to CM's offer of closed door negotiations.  #savethedoctors #standwithNRS,eng,hasoc_en_2636,0,0,0,0,0,0,0,0,0,0,0,0
@sardesairajdeep And why don't you take stand on hinduphobia #bhosdike,eng,hasoc_en_2637,0,0,0,0,0,0,0,0,0,0,0,0
@HeatherInNVan @Twitter @TwitterMoments BUGGER OFF.  #FuckTrump,eng,hasoc_en_2638,0,0,0,0,0,0,0,0,0,0,0,0
@TrampFuneral Hmmm...    'Consultative'    #dickhead https://t.co/TwxwapeaJK,eng,hasoc_en_2639,0,0,0,0,0,0,0,0,0,0,0,0
🦝 Habitual Line Stepper. Sith Lord. #FUCKTRUMP #BLM #GoNiners #GoWarriors | 🏳️‍🌈-ally | he/him | ♒️🍺🍕🍜🌮 | NYU &amp,eng,hasoc_en_2640,0,0,0,0,0,0,0,0,0,0,0,0
Well done #TeamIndia   Love forever..  Keep it up.  #ProudOfU @ImRo45 @imVkohli @imkuldeep18    #IndiavsPakistan   #terroristNationPakistan,eng,hasoc_en_2641,0,0,0,0,0,0,0,0,0,0,0,0
@ICC @TheRealPCB #DhoniKeepsTheGlove #CWC19 #Dhoni #BCCI #ICC #MSD #BalidanBadge  We Indians always find a great way to go crazy when ever we are targeted 😍😍😍😍😍😍😍😍😍😍😍😍😍😍😍😍😍😍😍😍😍😍😍 https://t.co/HovX3BmLqn,eng,hasoc_en_2643,0,0,0,0,0,0,0,0,0,0,0,0
@msdhoni registers enormous wicket-keeping world record in South Africa match on wednesday.  #ICCWorldCup2019 #indiavssouthafrica #DhoniKeepsTheGlove     Read more here: https://t.co/VGzcQy6Yse,eng,hasoc_en_2644,0,0,0,0,0,0,0,0,0,0,0,0
@Ish_Bhandari Who will make #congressmuktbharat first ?,eng,hasoc_en_2645,0,0,0,0,0,0,0,0,0,0,0,0
HAMMER FIT Pro Smart Fitness Tracker   @ Rs.3199 (mrp-5999)    https://t.co/vMB1riGYYs    #DoctorsFightBack #SaveBengal #amazon #flipkart #deals #dealoftheday #amazingdeals #offers #discount #JaiShreeRam #ModiForAll,eng,hasoc_en_2646,0,0,0,0,0,0,0,0,0,0,0,0
#FuckTrump and Fuck Republican enablers. https://t.co/1MaL3TiuFf,eng,hasoc_en_2647,1,0,0,0,0,0,0,0,0,0,0,1
Ummm...they are criminals? #FUCKTrump #FUCKMcConnell #FUCKtheGOP https://t.co/v3oQaMlWah,eng,hasoc_en_2648,0,0,0,0,0,0,0,0,0,0,0,0
@realDonaldTrump Actually it’s not. Hope you have the 💩iest Father’s Day EVER!! #Dickhead #HappyFathersDayObama https://t.co/yuwujN93be,eng,hasoc_en_2649,0,0,0,0,0,0,1,0,0,0,1,1
Dhoni responds to ICC on GLOVES controversy  https://t.co/g3snBPmxTO @msdhoni  #DhoniKeepsTheGlove,eng,hasoc_en_2650,0,0,0,0,0,0,0,0,0,0,0,0
Doctors studded almost half of thire life just become a worthy of that WHITE COAT &amp,eng,hasoc_en_2651,0,1,0,0,0,0,0,0,0,0,0,1
You are one sick fuck #dickhead https://t.co/2yYIt4KpuA,eng,hasoc_en_2652,0,0,0,0,0,0,0,0,0,0,0,0
@BrianKarem @realDonaldTrump Ur not being fair to the Man Baby! #fucktrump #VetsAgainstTrump #fuckthatguy https://t.co/7MbmEsMr9F,eng,hasoc_en_2653,0,0,0,1,0,0,0,0,0,0,0,1
Keep talking Donald. #ImpeachtheMF #FuckTrump #maga #FOXNews @GOP https://t.co/gmAg19WNFz via @HuffPostPol,eng,hasoc_en_2656,0,0,0,0,0,0,0,0,0,0,0,0
@DearAuntCrabby @pkb50 #TrumpIsATraitor  #McCainsAHero #HappyJohnMcCainDay and do not forget #PenceKnewEverything,eng,hasoc_en_2659,0,0,0,0,0,0,0,0,0,0,0,0
Hey @ICC what are you doing about the poor management of grounds? Please do something otherwise people will start losing interest in #iccworldcup2019 #ShameOnICC,eng,hasoc_en_2660,0,0,0,0,0,0,0,0,0,0,0,0
Makes sense to me. #rapist https://t.co/dD8gfGbCH8,eng,hasoc_en_2662,0,0,0,0,0,0,0,0,0,0,0,0
@robreiner Those who voted him in are just as disgusting as he is. Shame!!! #fucktrump #TrumpsAnInternationalDisgrace,eng,hasoc_en_2663,0,0,0,0,0,0,1,0,0,0,1,1
@SenSchumer That tweet is GOLDEN coming from you @SenSchumer...    What kind of FATHER gets his DAUGHTER'S friend PREGNANT not once but twice &amp,eng,hasoc_en_2666,0,0,0,0,0,0,0,0,0,0,0,0
@SenBlumenthal Shouldn't you be out pretending to be a war hero? #Fake #Douchebag https://t.co/mLLproiuEO,eng,hasoc_en_2667,0,0,0,0,0,0,0,0,0,0,0,0
U.S. court rules against #HaterTrump in immigrant teen abortion case #TrumpIsATraitor  https://t.co/aXLrBvuB9x,eng,hasoc_en_2669,0,1,0,0,0,0,0,0,0,0,0,1
@PritishNandy How low can u fall in ur hate for BJP? You are even willing to condone the murder of hindus in Bengal....have some shame. #shameless @MamataOfficial is a #murderer #Didler #MamataKaTerror,eng,hasoc_en_2670,0,0,0,0,0,0,0,0,0,0,0,0
@realDonaldTrump America needs a new president. #TrumpIsATraitor,eng,hasoc_en_2672,0,0,0,0,0,0,0,0,0,0,0,0
With due regards to doctors who are currently crying for their own safety....it's a known fact that doctors tend to b highhanded at times in govt. teaching hospitals. They shd understand that they r not gods and r here to serve humanity.#DoctorsFightBack,eng,hasoc_en_2673,0,0,0,0,0,0,0,0,0,0,0,0
@awudrick Guy is such a #douchebag his man card should be revoked,eng,hasoc_en_2675,0,0,0,1,0,0,0,0,0,0,0,1
@realDonaldTrump @POTUS Some day you will be able to use the program yourself if you not in for life!  #TrumpIsATraitor   #TrumpCrimeFamily,eng,hasoc_en_2676,0,0,0,0,0,0,0,0,0,0,0,0
The #Trump staff can't get its lies right once again.    #TrumpIsADisgrace #TrumpLies #TrumpIsATraitor #PutinsPuppet #UnfitToBePresident #TankerAttack   https://t.co/Prw4unRdbP,eng,hasoc_en_2679,1,0,0,0,0,0,0,0,0,0,0,1
@yohiobaseball @TheLastRefuge2 #BoycottChina if you want a system of fair and reciprocal trade.,eng,hasoc_en_2680,0,0,0,0,0,0,0,0,0,0,0,0
@JeffreyToobin Look at him...enjoying life...He robbed 2 people of theirs and couldn’t care less...#Murderer,eng,hasoc_en_2681,0,0,0,0,0,0,0,0,0,0,0,0
@ICC  now if you have some time in between watching Dhoni's glows .. look at this suspicious activity also. @BCCI   #IndvsAus #DhoniKeepsTheGlove https://t.co/LOBLN9f2dS,eng,hasoc_en_2682,0,0,0,0,0,0,0,0,0,0,0,0
'Mini-Trump across the Channel': EU media on Boris Johnson as British PM https://t.co/jGqko1eruG by @jonhenley #BorisJohnsonShouldNotBePM,eng,hasoc_en_2683,1,0,0,0,0,0,0,0,0,0,0,1
Everyone have rights &amp,eng,hasoc_en_2684,0,0,0,0,0,0,0,0,0,0,0,0
🗣Fuck #America and this health care shit. These motherfuckas raping us with this shit. #fucktrump. Got nobody else to blame 🤷🏾‍♂️,eng,hasoc_en_2685,0,0,0,0,0,0,0,0,0,0,0,0
Misspelled 'getting evicted from medieval monastery you can't afford'  #BolsonaroEnvergonhaoBrasil #douchebag https://t.co/WCAAJBhib9,eng,hasoc_en_2686,0,0,0,0,0,0,0,0,0,0,0,0
.  Why #trump does NOT Pay his bills?    Because:    #DonTheCon is a grifter  #TinyHands is a mobster    #TrumpIsATraitor  &amp,eng,hasoc_en_2689,1,0,0,0,0,0,0,0,0,0,0,1
Happy birthday @realDonaldTrump. My dog made this for you. Don't eat it all in one sitting.   #fucktrump #DeferrmentDonny #EatShit https://t.co/XdzOOPN8jQ,eng,hasoc_en_2691,0,0,0,0,0,0,0,0,0,0,0,0
#FuckTrump #treason     Hey @realDonaldTrump. Benedict Arnold called. He says thanks for taking the heat off him. https://t.co/p8E64f5iLS,eng,hasoc_en_2693,0,0,0,0,0,0,0,0,0,0,0,0
@realDonaldTrump @nytimes @CNN There is only ONE enemy of the state: YOU #LyingTrump #moneylaundering #rapist,eng,hasoc_en_2695,0,0,0,0,0,0,0,0,0,0,0,0
#ToryLeadershipDebate Brexit #Brexit Boris Johnson #borisjohnson #BorisJohnsonShouldNotBePM #Boris https://t.co/JSId4SbyIE,eng,hasoc_en_2698,0,0,0,0,0,0,0,0,0,0,0,0
Pic 1: Indian grounds   Pic 2: other grounds   Are @ICC mad for choosing  England for the venue of #ICCCricketWorldCup2019 you may consider the climate  there #ShameOnICC #ICCWC2019 #ICCWorldCup2019 @BCCI @cricketworldcup #Shame 😠 https://t.co/hBHeBgUwD9,eng,hasoc_en_2699,0,0,0,0,0,0,0,0,0,0,0,0
@WalshFreedom @CNBC And you're still a #Douchebag,eng,hasoc_en_2700,0,0,0,0,0,0,0,0,0,0,0,0
Trump’s Lawyers Say Congress Can’t Subpoena His Finances Because Nancy Pelosi Refuses to Impeach #Resist #ResistTrump #FuckTrump https://t.co/Rv03oLvfA8,eng,hasoc_en_2702,1,0,0,0,0,0,0,0,0,0,0,1
@RebeccaEMenzies I’d be a twat and reply back like an old English teach and correct all of their grammar 😉 #dickhead,eng,hasoc_en_2703,0,0,0,0,0,0,0,0,0,0,0,0
Judge rules Navy SEAL #EddieGallagher murder trial will proceed - The San Diego Union-Tribune #FreeEddie #Murderer #Navy  https://t.co/Q6KrfrQW7D,eng,hasoc_en_2704,0,0,0,0,0,0,0,0,0,0,0,0
@ICC This is For You   #ShameOnICC https://t.co/5A0H7mM3pq,eng,hasoc_en_2705,0,0,0,0,0,0,0,0,0,0,0,0
@ICC why the hell fixed the schedules without confirming the weather forecast??  #ShameOnICC #CWC19 #TeamIndia  Alteast give the players some scuba gears to rectify your mess.. https://t.co/i7txkfxZBq,eng,hasoc_en_2706,0,0,0,0,0,0,1,0,0,0,1,1
@ICC Proved that icc is biased to England  #Shameonicc,eng,hasoc_en_2707,0,0,0,0,0,0,0,0,0,0,0,0
@drgeorgekro @realDonaldTrump https://t.co/wQKrsxlw3V    Agree. By The hand of @HillaryClinton. 🤣😂🤣 #douchebag,eng,hasoc_en_2712,0,0,0,0,0,0,0,0,0,0,0,0
@jakthedevil @ICC These kind of tweets and logics are result of watching Kapil Sharma’s show. That’s all.     #DhoniKeepsTheGlove #Dhoni #CWC19 #TeamIndia https://t.co/fA86oCa7na,eng,hasoc_en_2713,0,0,0,0,0,0,0,0,0,0,0,0
@RepChrisStewart ——    @RepChrisStewart hitched himself to the #TrumpTrain of lies today.      Chris will get an education as he’s dragged through the mud.     Sad!    #VoteBlueNoMatterWho   #TrumpIsATraitor     ——-,eng,hasoc_en_2715,0,0,0,0,0,0,0,0,0,0,0,0
@rayleengale #Vote     #StrongerTogether     #LoveIsLove and of course .....     #FuckTrump #BlueSenate2020     💙,eng,hasoc_en_2716,0,0,0,0,0,0,0,0,0,0,0,0
Is God a Tory? Waiting to be anointed.   #BorisJohnsonShouldNotBePM https://t.co/UNtLLR2PBy,eng,hasoc_en_2718,0,0,0,0,0,0,0,0,0,0,0,0
@Franklin_Graham That’s a real Christian attitude you have. #douchebag,eng,hasoc_en_2720,0,0,1,0,0,0,0,0,0,0,0,1
@arvindcTOI @zoo_bear So what? Watch cricket and Jai shree ram #DhoniKeepsTheGlove,eng,hasoc_en_2721,0,0,0,0,0,0,0,0,0,0,0,0
Hey @realDonaldTrump     Three words. 'Prince of WHALES...'  😂😂😂😂😂😂    #Trump #TrumpIsAMoron #TrumpIsADisgrace #TrumpIsAFraud #GOP #resist #Resistance #TrumpIsAnInternationalDisgrace #TrumpIsATraitor #GOP #Republican https://t.co/Q2G9lhfxe6,eng,hasoc_en_2722,1,0,0,0,0,0,0,0,0,0,0,1
@ICC This Insignia belongs to World oldest special forces It’s shows bravery and sacrifices made by those brave soldiers. Respecting and remembering them is not crime @msdhoni represented entire Special forces community by using those gloves #DhoniKeepsTh,eng,hasoc_en_2723,0,0,0,0,0,0,0,0,0,0,0,0
Ken Clarke doing his best impression of Michael Palin after being soaked in brandy for thirty years  #ToryLeadeshipContest #MichaelGove #BorisJohnsonShouldNotBePM https://t.co/Nvx87dTAl5,eng,hasoc_en_2727,0,0,0,0,0,0,0,0,0,0,0,0
We have fought many battles in our life. We have saved many people. Sacrificed many things for the people who bitch about us on our back and never stood and will stand with us. But we know what we are capable of. And we will.....👇    #GoDoctors  #DoctorsFightBack #SaveTheDoctors https://t.co/PdhV628H44,eng,hasoc_en_2728,0,0,0,0,0,0,0,0,0,0,0,0
If any other country handles the way ICC handles they will them up for poor preparation     #ShameOnICC,eng,hasoc_en_2729,0,0,0,0,0,0,0,0,0,0,0,0
@DavidWohl You fool .  Blocked! #TrumpIsATraitor #ImpeachTrumpNow https://t.co/EZx926HFtV,eng,hasoc_en_2730,0,0,0,0,0,0,0,0,0,0,0,0
@kaitlancollins Of course not!! #TrumpIsATraitor https://t.co/EFycXxONwh,eng,hasoc_en_2731,0,0,0,0,0,0,1,0,0,0,1,1
#ShameOnICC @ICC @cricketworldcup  @ICCLive  @T20WorldCup      #ShameOnICC  see India vs pak is also gone..... Fuck off @ICC   Worst World Cup series... https://t.co/Qf9yjX9VWW https://t.co/KkkWcSZVjZ,eng,hasoc_en_2732,0,0,0,0,0,0,0,0,0,0,0,0
@realDonaldTrump @senatemajldr @MarkWarner Happy #JohnMCainDay  #TrumpsWorseThanNixon  #TrumpIsATraitor  #TrumpIsNotExonerated  #TrumpIsACriminal,eng,hasoc_en_2733,0,0,0,0,0,0,0,0,0,0,0,0
Facts are Facts. #TrumpLies #TrumpLiesEveryTimeHeSpeaks  #trumpisatraitor https://t.co/X4uhAU9uDa,eng,hasoc_en_2734,0,0,0,0,0,0,0,0,0,0,0,0
TIMEWEAR Blue Dial Brown Strap Watch @ Rs.229    https://t.co/c4RNuWcsdB    #DoctorsFightBack #SaveBengal #amazon #flipkart #deals #dealoftheday #amazingdeals #offers #discount #JaiShreeRam #ModiForAll,eng,hasoc_en_2736,0,0,0,0,0,0,0,0,0,0,0,0
@realDonaldTrump #LyingPresident #TrumpIsACrook #TrumpIsATraitor #TrumpIsATraitor #LyingPresident #TrumpIsACrook You cheated to win this election and that is your legacy! There were always be an asterisk* by your name. *Cheated with Putin to win the elect,eng,hasoc_en_2739,1,0,0,0,0,0,0,0,0,0,0,1
@newtgingrich your @Newsweek opinion piece is a joke...just like you.    https://t.co/az1C7U2elj    #fucknewtgingrich #fucktrump #fuckthegop #draintheswamp #voteoutgop #gop #politics,eng,hasoc_en_2741,0,0,0,0,0,0,0,0,0,0,0,0
#Trump puts golf before country! #TrumpIsATraitor,eng,hasoc_en_2742,1,0,0,0,0,0,0,0,0,0,0,1
Trump: I never took any help from Russia.    ...And I'd absolutely do it again.    #ImpeachTrumpNow #TrumpTreason #TrumpIsATraitor   https://t.co/Rb8OpigOnL,eng,hasoc_en_2743,1,0,0,0,0,0,0,0,0,0,0,1
@tedlieu I would bet That Trump has a welcome mate to all foreign powers who have information on the democratic party @ the oval office doorway.   #TrumpIsATraitor,eng,hasoc_en_2745,1,0,0,0,0,0,0,0,0,0,0,1
Is there anywhere I can escape this shite? #FuckTrump #Ibelieveher #IStillBelieveHer https://t.co/rfgor4kHLK,eng,hasoc_en_2746,0,0,0,0,0,0,0,0,0,0,0,0
@SadiqKhan @CrimestoppersUK Their blood is on YOUR hands! You are as guilty for their murder as those that held the knife and gun! #Murderer,eng,hasoc_en_2747,0,0,0,0,0,0,0,0,0,0,0,0
Now we can confirm the true crisis at the border now that Canada has won the @NBA finals? #FuckTrump #RaptorsInSix,eng,hasoc_en_2750,0,0,0,0,0,0,0,0,0,0,0,0
We need fast trial of each and every Rape Case    No matter Accused is Muslim or Hindu    Death Penalty for Rape Crime    #Kathuaverdict #Kathua #SanjiRam     #YuvrajSingh #DhoniKeepsTheGlove #Dhoni #GirishKarnad #INDvAUS #IndianCricketTeam #IndvsPak #tiktokindia #tiktokhot #MumbaiRains,eng,hasoc_en_2751,0,0,1,0,0,0,1,0,0,0,0,1
Men's Unisex Anti Trump AF T-Shirt in Extended Sizes - Small up to 5x https://t.co/cCONVvIIWf  #fucktrump #antitrump #votebluenomatterwho https://t.co/bzQdQSy57b,eng,hasoc_en_2752,1,0,0,0,0,0,0,0,0,0,0,1
Its not a club level cricket it's big event  which comes ones in four years. Really frustrating badly.#ShameOnICC,eng,hasoc_en_2753,0,0,0,0,0,0,0,0,0,0,0,0
Ancestor behaviour you are NOT proud of .... Charles Peace #burglar #murderer ..... can’t choose your fam https://t.co/wuXUYA01hd,eng,hasoc_en_2754,0,0,0,0,0,0,0,0,0,0,0,0
#SHAMEONICC for not keeping reserve days.  Looks like Ind vs Pak will get washed out.  Get ready for the massive rage.  @ICC @cricketworldcup #WorldCup2019,eng,hasoc_en_2755,0,0,0,0,0,0,0,0,0,0,0,0
There’s NO justification for assault on Doctors.    ▪️We need transparent medical negligence protocols. So the public can be assured of action in genuine cases.     ▪️Sensitisation of Doctors &amp,eng,hasoc_en_2756,0,0,0,0,0,0,0,0,0,0,0,0
@ICC ..don't know why it is focusing on a point which has no effect in the game play of world cup by leaving #umpires who are changing the chances of winnings of teams with their wrong decisions...work on topics which need to be improved rather than our m,eng,hasoc_en_2757,0,0,0,0,0,0,0,0,0,0,0,0
@dharmasena_k @ICC @ICCMediaComms @ICCLive @cricketworldcup Shame on poor poor onfield umpiring. How can you appoint so dissappointing and illeterate umpires like you. #ShameOnICC,eng,hasoc_en_2759,0,0,0,0,0,0,0,0,0,0,0,0
#DhoniKeepsTheGlove Under no circumstances shud u take these insignias off ur gloves. #MahendraSinghDhoni,eng,hasoc_en_2760,0,0,0,0,0,0,0,0,0,0,0,0
ICC means (islamic cricket council)  Pakistan team ??   Shame you icc   love you mahi 💗💗#DhoniKeepsTheGlove https://t.co/gjJGBnefvw,eng,hasoc_en_2761,0,0,0,0,0,0,1,0,0,0,1,1
Trump is a #liar  #beggarman   #grifter   #thief  #FuckTrump  #VOTE https://t.co/HH9VYMWFTj,eng,hasoc_en_2762,1,0,0,0,0,0,0,0,0,0,0,1
@Queerty LMAO! 😅   Gross. 😐   What a trainwreck.   Gay #douchebag,eng,hasoc_en_2765,0,0,0,1,0,0,0,0,0,0,0,1
@hd_kumaraswamy Where are you? Why isn't this case with CBI yet? We don't want your SIT. We know they will not do the job. Please transfer case to CBI. What are you afraid of?  #IMAJewels   #IMAJewelsFraud   #IMAFraud  #IMA  #IMAFraudCase https://t.co/Tcx,eng,hasoc_en_2767,0,0,0,0,0,0,0,0,0,0,0,0
#DoctorsFightBack we want justice https://t.co/ONUdOhagX3,eng,hasoc_en_2768,0,0,0,0,0,0,0,0,0,0,0,0
@KagisoRabada25 before calling him immature just think about yourself.. you were banned for 2 matches by ICC for your inappropriate behaviour....  @imVkohli is the pride of our 125 crore hearts ......  #ICCWorldCup #cricket #DhoniKeepsTheGlove https://t.c,eng,hasoc_en_2769,0,0,0,0,0,0,0,0,0,0,0,0
@plumpne Double #dickhead 🖕🏽😜😜,eng,hasoc_en_2770,0,0,0,0,0,0,0,0,0,0,0,0
#ShameOnICC @ECB_cricket hahaha I pity on your country where called as national sport of the country for we Indians cricket is not just a sports lts a other religion. https://t.co/yLRpNKoASZ,eng,hasoc_en_2771,0,0,1,0,0,0,0,0,0,0,0,1
Benny the Butcher... @BennyBsf #thealmightytour #bennythebutcher #griseldarecords #buffalo #beatsnbars #hiphop #rap #boogiedownbronx #bronx #bx #fuckaroundlayaround #fucktrump #fucklindafairstein @ Sony Hall https://t.co/q6q7eCGjeC,eng,hasoc_en_2772,0,0,0,0,0,0,0,0,0,0,0,0
@realDonaldTrump @TuckerCarlson Got evidence of that brah?? Beyond your delusion? Like paper trail? Nah? Alright so your lying then #fucktrump #ImpeachDonaldTrumpNOW  #ImpeachmentHearingsNow   #ImpeachTheMFTraitor,eng,hasoc_en_2773,0,0,0,0,0,0,1,0,0,0,1,1
@TheRealOJ32 Why are you on my feed? #NeverForget #NicoleBrown #RonGoldman #MURDERER,eng,hasoc_en_2774,0,0,0,0,0,0,0,0,0,0,0,0
#ShameOnICC World design Changed.. https://t.co/HUUC7zL6rK,eng,hasoc_en_2775,0,0,0,0,0,0,0,0,0,0,0,0
@ABCNetwork You could make a drinking game every time Hannah jumps up on one of the bachelor's and wraps her legs around him. #barf #bachelorette #TheBachelorette @Andy @TMZ @HarveyLevinTMZ   #lukep #lukepisadick #kicklukepout #dickhead #fakeasfuck,eng,hasoc_en_2777,0,0,0,0,0,0,0,0,0,0,0,0
@TajinderBagga Writes A Hard-Hitting Message To Mamata Banerjee On #WorldBloodDonorDay    #DoctorsProtest   #DoctorStrike  #DoctorsFightBack   https://t.co/Pl1eglDYqP,eng,hasoc_en_2778,0,0,0,0,0,0,0,0,0,0,0,0
#DhoniKeepsTheGlove    @msdhoni isn't supposed to wear those gloves tomorrow but K.L. Rahul and Dinesh Karthik can.. just saying,eng,hasoc_en_2779,0,0,0,0,0,0,0,0,0,0,0,0
@sukiyer18 @Dramitjp @imMAK02 Yawn. Sorry Can't dumb down the issue further. Try reading to improve your grasp about issues . Or continue defending whichever political masters you lick. We will stand by #doctors and India #DoctorsFightBack,eng,hasoc_en_2780,0,0,0,0,0,0,0,0,0,0,0,0
@DelhiPolice If u all guys show the same dare to the #criminals and #rapist than #Delhi could be #crimefree. But as usual they show their strength to a poor driver who work hard to earn.  What to say more when rakshak is bhakshak.,eng,hasoc_en_2781,0,0,0,0,0,0,0,0,0,0,0,0
#toilynnkelly  #LACrime  #SugeKnight  #murderer helped by a gang of people including TMZ  https://t.co/MDjMwEysJ1,eng,hasoc_en_2782,0,0,0,0,0,0,0,0,0,0,0,0
@senatemajldr You're LYING to America and HIDING legislation from debate and votes! If you believe in your 'Senate Majority' then bring the bills to the floor! If you're on the right side of the issue you'll win. If not then GTFO. #RepublicanSocialism #GO,eng,hasoc_en_2783,0,0,0,0,0,0,0,0,0,0,0,0
Can't understand how stupid one can be where he can't let go his arrogance and ego for the whole fukin state...  #DoctorsFightBack  #DidiDividesIndia,eng,hasoc_en_2785,0,0,0,0,1,0,0,0,0,0,1,1
#ShameOnICC Misbah doing pushups on ground is nothing for ICC.but MS badge is under scanner woww.. If meaning of bias was something it should be ICC,eng,hasoc_en_2788,0,0,0,0,0,0,0,0,0,0,0,0
Why didn’t doctors protest for #DrPayalTadvi or #drkhafeel or when MCD hospital doctors protested for their due salaries? Why? I do believe in safe working atmosphere for doctors. Is it happening because of West Bengal politics ?. #DoctorsStrike #DoctorsFightBack #DoctorsProtest,eng,hasoc_en_2789,0,0,0,0,0,0,0,0,0,0,0,0
Wish I could be around to read the history books. I'm certain that this motherfucker @realDonaldTrump will be known as the worst TRAITOR this country has ever seen. &amp,eng,hasoc_en_2790,0,0,0,0,0,0,0,0,0,0,0,0
@Ghostofcass1 Who is “Trump?”    #JohnMcCainDayJune14 #TrumpIsATraitor #TrumpCriminal #gopcrimesyndicate,eng,hasoc_en_2792,1,0,0,0,0,0,0,0,0,0,0,1
Treo by Milton Giara Bottle Silica Glass 1000 ml 1 Pc (in 7 colors) @ Rs.336    https://t.co/QTWwHzEsMv     #DoctorsFightBack #SaveBengal #amazon #flipkart #deals #dealoftheday #amazingdeals #offers #discount #JaiShreeRam #ModiForAll,eng,hasoc_en_2797,0,0,0,0,0,0,0,0,0,0,0,0
Wow! Look at all the lines of buyers!!! Was the store closed or is that just the typical turnout?? #DoucheBag https://t.co/1c8xfDzWGU,eng,hasoc_en_2798,0,0,0,0,0,0,1,0,0,0,1,1
Meanwhile UNpresident #pussygrabber dumb fuck @realDonaldTrump is still sitting in his office chillin. #FuckTrump https://t.co/3EG5sWyIpK,eng,hasoc_en_2799,0,0,0,0,0,0,0,0,0,0,0,0
@washingtonpost I might be grasping at straws here but he might be advocating seditious behavior by way of a wink and a nod in a tweet. #TrumpIsATraitor https://t.co/xv5eXO5iqp,eng,hasoc_en_2804,0,0,0,0,0,0,0,0,0,0,0,0
Plz support our savior... Request from AIIMS DELHI ....#DoctorsFightBack https://t.co/45Mh7xzISL,eng,hasoc_en_2806,0,0,0,0,0,0,0,0,0,0,0,0
Congratulations Michael Phelps for winning Cricket World Cup 2019    #ShameOnICC https://t.co/2nxZ1cUFi5 (https://t.co/RO2OKk47km),eng,hasoc_en_2807,0,0,0,0,0,0,0,0,0,0,0,0
Bitch please he has/had no compassion for the Central Park 5 this shit is a stunt. Not saying her intentions isn't pure Trump shit is not. I need her to ask him about them babies in cages. #FUCKTRUMP #KimKardashian,eng,hasoc_en_2808,1,0,0,0,0,0,0,0,0,0,0,1
@DanCrenshawTX Chuch Schumer = #DoucheBag,eng,hasoc_en_2810,0,0,0,0,0,0,0,0,0,0,0,0
@gtconway3d They are right! #TrumpIsATraitor #TrumpIsANationalSecurityThreat,eng,hasoc_en_2812,0,0,0,0,0,0,0,0,0,0,0,0
@cdnfp @SecPompeo @StateDept @realDonaldTrump Prince of Walls??  #TrumpIsATraitor #NervousDonald,eng,hasoc_en_2813,0,0,0,0,0,0,1,0,0,0,1,1
@Acosta @ReliableSources @brianstelter @CBSSunday Dear diary...  #douchebag  You ARE the enemy of the people.,eng,hasoc_en_2814,0,0,0,0,0,0,0,0,0,0,0,0
@DrDenaGrayson @realDonaldTrump IMPEACH NOW!! #FUCKTRUMP https://t.co/4qhx5EYRro,eng,hasoc_en_2816,0,0,0,0,0,0,1,0,0,0,1,1
Picture from future... #IndvsPak #shameonICC https://t.co/8Umpc15ra5,eng,hasoc_en_2818,0,0,0,0,0,0,0,0,0,0,0,0
Tjer a whole doctor that can't even burn a book. No fuck man. Mmabtho should've went to Durban naye #TheQueenMzansi pic.twitter.com/IHYevZaC4F,eng,hasoc_en_2822,0,0,0,1,0,0,0,0,0,0,0,1
Doctor: Maam.... Ive run every test possible and there is no sign of declining mental capacity.\nMe: then why the fuck cant I leave his ass alone when I know he dont want me?!! pic.twitter.com/gZz1Dh1h3i,eng,hasoc_en_2824,0,0,0,0,0,0,1,0,0,0,1,1
#GandiNaaliAbuse This unknown Congi leader @adhirrcinc is a cheap charlie who should be kicked out of the Lok Sakha for calling our PM in that gutter language. Wonder how people elect this kind of low thinking person as their Rep.,eng,hasoc_en_2827,0,0,0,0,0,0,0,0,0,0,0,0
#GandiNaaliAbuse Congress has taken Indian polity to a new low. Its shameful that this party has such irresponsible leaders who hardly respects the democratic institutions.,eng,hasoc_en_2828,0,0,0,0,0,0,0,0,0,0,0,0
#GandiNaaliAbuse \nAsim Bhamla within minutes found an excuse for calling Modiji as Gandi Naali ka Kida when he dared to say he don't know Hindi ? To what an extent these Guns will continue their Fancy Dress in the name of Politician in the Temple of Democracy ?,eng,hasoc_en_2829,0,0,0,0,0,0,0,0,0,0,0,0
The damning allegations against @realDonaldTrump that he sexually assaulted women could jeopardized his re-election campaign. Im no stranger to accountability but #TrumpTheRapist has crossed the line on #SexualMisconduct and its going to stop ! \n\n#TrumpisARapist #DonTheCon,eng,hasoc_en_2830,1,0,0,0,0,0,0,0,0,0,0,1
And she looks exactly his type...,eng,hasoc_en_2832,0,0,0,0,0,0,0,0,0,0,0,0
#GandiNaaliAbuse Waris live in India like a Indian human and not hide behind that Muslim garb. Do your people want to insult the highest political institutions of India because you are Muslims and then cry foul. Shut up you non identical stupid.,eng,hasoc_en_2833,0,0,1,0,1,0,0,0,0,1,0,1
#GandiNaaliAbuse One cannot expect  a decent civilised behaviour from a degenerated and decomposed and abusive political existence of Congress Party which is in its threshold of extinction.,eng,hasoc_en_2834,0,0,0,0,0,0,0,0,0,0,0,0
#GandiNaaliAbuse Abusing elected PM is nothing less than abusing entire Indians. These MPs should be debarred from parliament,eng,hasoc_en_2836,0,0,0,0,0,0,0,0,0,0,0,0
Another Sham of a debate where the barking ones out number the other side!! Senseless debate as ususl!! This show is becoming a comedy!!#GandiNaaliAbuse,eng,hasoc_en_2837,0,0,0,0,0,0,1,0,0,0,1,1
Mollas are khokla desh bhakts #GandiNaaliAbuse,eng,hasoc_en_2840,0,0,0,0,0,0,0,0,0,0,0,0
#GandiNaaliAbuse. Aise sansad ki sadasyata khatam kar denge chaiye taki Sab Ko sabak mil jaaye Congress har ke baad pagal ho gayi hai,eng,hasoc_en_2842,0,0,0,0,0,0,0,0,0,0,0,0
Race of abusing PM NaMo will accelerate to appease muslims.Listen to Pathan pushing his party as only for muslims & owasis as new Jinnah.All are disturbe due to 3talak bill as it is not a sharia law.#GandiNaaliAbuse,eng,hasoc_en_2844,0,0,0,0,0,0,0,0,0,0,0,0
#GandiNaaliAbuse -  Abuse is the last resort of scoundrels and in this case - electorally defeated scoundrels.,eng,hasoc_en_2846,0,0,0,0,0,0,0,0,0,0,0,0
@RakeshSinha01  ji              \n     \n@drharshvardhan \n@PMOIndia,eng,hasoc_en_2847,0,0,0,0,0,0,0,0,0,0,0,0
Congress will never learn. If the commander is like that what expect from the soldiers #GandiNaaliAbuse  rahul gandhi is destroying parliament dignity.,eng,hasoc_en_2852,0,0,0,0,0,0,0,0,0,0,0,0
Cant believe I once thought @NicolasSarkozy and @berlusconi were the most useless politicians of all time.,eng,hasoc_en_2859,0,0,0,0,0,0,0,0,0,0,0,0
fuck off imagine being 15 years old and thinking you know better than a literal doctor shut up pic.twitter.com/PWBOWX3oN8,eng,hasoc_en_2861,0,0,0,0,0,0,0,0,0,1,1,1
I am a modi bhakt.. but from 2014-2019 nothing done for encephalitis in bihar.. thats really really disappointing. This all progress work and Yoga day are ok.. but we cant be silent on such severe failure of govt.,eng,hasoc_en_2862,0,0,0,0,0,0,0,0,0,0,0,0
i told my doctor i cant sleep and he said have sex ???? come over and fuck me yourself you coward,eng,hasoc_en_2863,0,0,0,0,0,0,1,0,0,0,1,1
#GandiNaaliAbuse \nThere must be Stringent Punishment for these kind of Gandi Naale ke MPs & the Movement he uttered those words he was supposed to be suspended for life time from participating in any of the Elections in future apart from facing procecution.,eng,hasoc_en_2864,0,0,0,0,0,0,0,0,0,0,0,0
#GandiNaaliAbuse Nation is not going to tolerate the insult of the PM.,eng,hasoc_en_2865,0,0,0,0,0,0,0,0,0,0,0,0
By using #GandiNaaliAbuse Congress has scooped to Naali level,eng,hasoc_en_2867,0,0,0,0,0,0,0,0,0,0,0,0
?\n#GuessWho #YourSpace \n       9   \n,eng,hasoc_en_2869,0,0,0,0,0,0,0,0,0,0,0,0
#GandiNaaliAbuse Are these the one that we elected for their LEADERSHIP QUALITIES OR GOONDA like traits.,eng,hasoc_en_2870,0,0,0,0,0,0,0,0,0,0,0,0
Fuck this noise pic.twitter.com/hagsuY2IEC,eng,hasoc_en_2872,0,0,0,0,0,0,0,0,0,0,0,0
This ride operator has seen some shit.,eng,hasoc_en_2880,0,0,0,0,0,0,0,0,0,0,0,0
#GandiNaaliAbuse  these stinking A$$h[ display their frustration as modiji makes his way towards 2024.. people of India are watching,eng,hasoc_en_2883,0,0,0,0,0,0,0,0,0,0,0,0
Too many doctors on my fucking Facebook fuck off,eng,hasoc_en_2886,0,0,0,0,0,0,0,0,0,0,0,0
How many more abuses and apologies ???? Action needs to be taken against such people #GandiNaaliAbuse,eng,hasoc_en_2887,0,0,0,0,0,0,1,0,0,0,1,1
Me when Im at the doctor lying about my drug and alcohol consumption pic.twitter.com/bZBZhKIHZS,eng,hasoc_en_2889,0,0,0,0,0,0,0,0,0,0,0,0
Tweet others the way you want to be tweeted!,eng,hasoc_en_2891,0,0,0,0,0,0,0,0,0,0,0,0
Have you ever been to one of those parties where you feel like the odd one out? Cant quite put my finger on why that happened today.,eng,hasoc_en_2892,0,0,0,0,0,0,0,0,0,0,0,0
spycam lesbians kazakhstan dating sites cum grannies doctors oral sex pussy fuck ass fucked girl getting fucked clips nipples sex phat ass fucked fuck housewife girls have real sex sex stories real nipples cock pic.twitter.com/cvyIiSjtEf,eng,hasoc_en_2893,0,0,0,0,0,0,0,0,0,0,0,0
@realDonaldTrump Trump literally begging Iran to come to table b/c military isnt backing him - he is lying to Amer ppl again. No allies backing trump Not only has Xi on his side for tarrifs but Iran too  Stupid to think going to happen &  will give trump,eng,hasoc_en_2894,1,0,0,0,1,0,0,0,0,0,0,1
#GandiNaaliAbuse - Adhir Choudhry should know that canal in Bengali is 'kaandor' and naali is 'noddoma' in Birbhum Bengali. Stop fooling people.,eng,hasoc_en_2895,0,0,0,0,0,0,0,0,0,0,0,0
@RepublicTVLive Adheer Chowdhuri jo kahan wo unko nehi kahena chahiye but 183 children died hone ke baad bhi BJP Mangal Panday ki against koi action kiun nehi liya??!!#GandiNaaliAbuse,eng,hasoc_en_2896,0,0,0,0,0,0,1,0,0,0,1,1
Why does Boris Johnson have to talk about his personal life? If he doesnt want to he doesnt have to. Couldnt give a flying fuck anyway but people saying its a public interest need to get a life.,eng,hasoc_en_2898,0,0,0,0,0,0,0,0,0,0,0,0
1. What role did you play in Vote leave breaking the law?\n2. Why did you carry on lying about the bus?\n3. Why do you think you are fit for any office?\n4. Why don't you seek help to quit lying?\n5. What did you chat to Steve Bannon about?\n6. Why did you say fuck business? pic.twitter.com/DVM4dLzk8m,eng,hasoc_en_2899,0,0,0,0,0,0,0,0,0,0,0,0
As a Muslim,eng,hasoc_en_2900,0,0,1,0,0,0,0,0,0,0,0,1
The world doesn't gave saved by Trump. It gets saved when we remove our support for the Gov. \n#qanon,eng,hasoc_en_2902,1,0,0,0,0,0,0,0,0,0,0,1
why the FUCK isn't Gemma Chan playing Doctor Who yet pic.twitter.com/tBc6QzQn2w,eng,hasoc_en_2904,0,0,0,0,0,0,0,0,0,0,0,0
Mr @adhirrcinc u have made a big mistake by calling the Prime Minister of India #Gandinali. People of India will not Forgive you.\nShame on you !!\n#CongGandiNaaliInsult \n#GandiNaaliAbuse,eng,hasoc_en_2906,0,0,0,0,0,0,1,0,0,0,1,1
#Narendra_Modi Sir please look into Bihar children too.... the need your attention very much. Remember that that Children's family also done vote in your favour...,eng,hasoc_en_2909,0,0,0,0,0,0,0,0,0,0,0,0
I have an idea. Everytime Rubio or Walker tweet a bible verse reply eith a verse from Revelation.  For example some about 666 isn't the address of a trump or Kushner property?\nAlso lots of verses could be used for the G7.,eng,hasoc_en_2910,1,0,0,0,0,0,0,0,0,0,0,1
@RepublicTVLive Arnab BJP ko itna support mat karo!!jo Party tumhare channel ko Banned karne ki baat kiya tha!!Sambit Patra when 183 children died in Bihar then what were you doing?!#GandiNaaliAbuse,eng,hasoc_en_2912,0,0,0,0,0,0,1,0,0,0,1,1
#GandiNaaliAbuse Crazy politics of Cong has vanished its element of cultural ethics.,eng,hasoc_en_2913,0,0,0,0,0,0,0,0,0,0,0,0
I don't think you really know the meaning of anti and bigot.,eng,hasoc_en_2914,0,0,0,0,0,0,0,0,0,0,0,0
#GandiNaaliAbuse hey you supporters of Gandi Naali abuser say that person does not know Hindi. Was he intending to speak in Italian language which is not a language in Indian Parliament. The same abuse should apply to those who shower it.,eng,hasoc_en_2917,0,0,0,0,0,0,0,0,0,0,0,0
children are dying in bihar but who cares Yoga and Mp dinner is Important,eng,hasoc_en_2921,0,0,0,0,0,0,0,1,0,0,1,1
HOW THE FUCK CAN BABIES SIT IN WIERD WAYS LIKE THIS WITHOUT BREAKING THEIR WHOLE SHITS!?! #ItDontMakeNoSense pic.twitter.com/XcpoerAwfw,eng,hasoc_en_2922,0,0,0,0,0,0,0,0,0,0,0,0
How will he defend us from him....resign,eng,hasoc_en_2923,0,0,0,0,0,0,0,0,0,0,0,0
@BorisJohnson just fuck off. The country fucking hates you. pic.twitter.com/0vmg3ZD9Ei,eng,hasoc_en_2924,0,0,0,0,0,0,0,0,0,0,0,0
Congress should not forget that Modi is the Pm of India and he Definitely deserves respect. Congress should immediately apologize for this low standard comment.#Congress #GandiNaaliAbuse #GandiNaaliInsult #BJP,eng,hasoc_en_2926,0,0,0,0,0,0,0,0,0,0,0,0
Why the fuck are California legislators consulting actresses like Jessica Biel about vaccines when they should be listening to doctors!,eng,hasoc_en_2928,0,0,0,0,0,0,0,0,0,0,0,0
A long fucking time ago! #fucktrump the lying orange idiot https://t.co/zKOrkUmI6j,eng,hasoc_en_2929,0,0,0,0,1,0,0,0,0,0,1,1
I just had a delicious salad. #FuckTrump,eng,hasoc_en_2932,0,0,0,0,0,0,0,0,0,0,0,0
@MajorPoonia @MamataOfficial Non Bengalis are outsiders. Muslims are at soft corner of heart. A tainted police offical is one for whom she sits on Dharna but will not go to NRS to calm down situation. Life of patients is nothing in front of her ego and vo,eng,hasoc_en_2934,0,0,0,0,0,0,0,0,0,0,0,0
@TheRealOJ32 You’re a straight up sociopath with a twitter acct. #Murderer #Guilty #GTFOH,eng,hasoc_en_2935,0,0,0,0,0,0,0,0,0,0,0,0
It's likely that almost all the matches including #INDvPAK  will be effected or washed out for the next two weeks.   #ShameOnICC https://t.co/ExV2sdnwDT,eng,hasoc_en_2937,0,0,0,0,0,0,0,0,0,0,0,0
@MomentsIndia @ICC don’t mess with India 😡😡 #DhoniKeepsTheGlove #DhoniKeSaathDesh #DhoniKeepBalidaanBadgeGlove #dhonigloves,eng,hasoc_en_2938,0,0,0,0,0,0,0,0,0,0,0,0
@ICC @SushantBSinha @imVkohli @icc and you also only saw Dhoni’s gloves and not his respect for the game. Shame on you #DhoniKeepsTheGlove,eng,hasoc_en_2940,0,0,0,0,0,0,0,0,0,0,0,0
@realDonaldTrump Why are you worried about the numbers?  You have your friend Putin standing by to help you steal another election.  #TrumpIsATraitor,eng,hasoc_en_2941,1,0,0,0,0,0,0,0,0,0,0,1
let's hope rest of matches #IND might play  on time  #cwc19  #ShameOnICC,eng,hasoc_en_2943,0,0,0,0,0,0,0,0,0,0,0,0
Lmfao look #rocky really is a #dickhead @BroteinShake4 @dontatme210 https://t.co/DsDrWFp3gc,eng,hasoc_en_2944,0,0,0,0,0,0,0,0,0,0,0,0
@MollyJongFast And of course they placed Hillary at the top of the list.  #TrumpIsATraitor   #TrumpsWorseThanNixon,eng,hasoc_en_2945,0,0,0,0,0,0,0,0,0,0,0,0
It hasn’t ended💔💔💔‼️‼️‼️  Support @rissalipstick to finally put an end to the torture &amp,eng,hasoc_en_2946,0,0,0,0,0,0,1,0,0,0,1,1
Where’s Boris #C4DEBATE #C4Debate #BorisJohnsonShouldNotBePM #BorisJohnson https://t.co/Ku86r0d8xi,eng,hasoc_en_2947,0,0,0,0,0,0,0,0,0,0,0,0
Dear @ICC @cricketworldcup we need #INDvsPAK match even if rains will happen. Football or hockey or swimming depending on effective rain.#ShameOnICC #Cricbuzzlive https://t.co/QpeNaXQz0e,eng,hasoc_en_2948,0,0,0,0,0,0,0,0,0,0,0,0
@10DowningStreet The next #PM belongs in a #MentalHealth institution so this transformation is needed in Britain. 👍 #BorisJohnsonShouldNotBePM,eng,hasoc_en_2949,0,0,0,0,0,0,0,0,0,0,0,0
Just curiosity...for science... :3   #DoctorsFightBack #DoctorsStrike #DoctorsProtest #standwithnrsmch https://t.co/PYwiNug4Wz,eng,hasoc_en_2952,0,0,0,0,0,0,0,0,0,0,0,0
Its ALWAYS  #ObamaDay for me...     #FuckTrump  #ImpeachTrump,eng,hasoc_en_2955,0,0,0,0,0,0,0,0,0,0,0,0
#HappyBirthdayMrPresident I mean FAUX KING @POTUS   @realDonaldTrump #ImbecileIsHome #Dotard #fucktrump https://t.co/qQmUPjUymt,eng,hasoc_en_2957,0,0,0,0,0,0,0,0,0,0,0,0
@AmyRoseKathryn I wonder what wonderful experiences await him in prison. #dickhead,eng,hasoc_en_2960,0,0,0,0,0,0,0,0,0,0,0,0
#DoctorsFightBack  No words from prime minister @narendramodi Home minister @AmitShah we demand justice for kolkata doctors. 🙏,eng,hasoc_en_2962,0,0,0,0,0,0,0,0,0,0,0,0
#ShameOnICC How eagerly we wait for match but this rain ruin it😩😩😩😩😒😒😒😒😒,eng,hasoc_en_2964,0,0,0,0,0,0,0,0,0,0,0,0
@realDonaldTrump Will it be worse than killing children? Worse than selling your country to the Russians? Worse than saying you love a ruthless dictator? Probably not. #TrumpIsATraitor https://t.co/u5OcsKbnep,eng,hasoc_en_2965,0,0,0,0,0,0,0,0,0,0,0,0
#IndiaVsPakistan   #terroristNationPakistan    #IndiaVsPakistan     Man of the match:,eng,hasoc_en_2966,0,0,0,1,0,0,0,0,0,0,0,1
Don’t feel sorry for this woman. #racist #complicit #fucktrump https://t.co/9xkX9EOJEN,eng,hasoc_en_2967,0,0,0,1,0,0,0,0,0,0,0,1
ಇಂದಿನ ಇತಿಹಾಸ History Today ಫೆಬ್ರುವರಿ 12  https://t.co/fGeqyf5eyT  #ಇಂದಿನಇತಿಹಾಸ #HistoryToday #ಫೆಬ್ರುವರಿ12  MS Dhoni  #IndiaWithDhoni  #DhoniKeSaathDesh  King of Clay  #Virus  #DhoniKeepsTheGlove  #WWESSD  WWE Super ShowDown Saudi Arabia  Insignia https://t.co/3GSp6fQ1ca,eng,hasoc_en_2968,0,0,0,0,0,0,0,0,0,0,0,0
Oh look....    #WheresBoris   #BorisJohnsonShouldNotBePM https://t.co/d032PBnY3i,eng,hasoc_en_2970,0,0,0,0,0,0,0,0,0,0,0,0
@DevinCow @davidmweissman @KimEGoldman Followed @KimEGoldman and blocked #murderer,eng,hasoc_en_2971,0,0,0,0,0,0,0,0,0,0,0,0
@cricketworldcup it's totally wrong to blame @ICC the world is done with all team concern and every team deserves the host. @ECB_cricket @englandcricket so guys be patience  It is sad but no one can beat the nature @BCCI  #ShameOnICC nothing to shame just,eng,hasoc_en_2973,0,0,0,0,0,0,0,0,0,0,0,0
Bengal healthcare in coma as over 700 doctors quit!  #DoctorsFightBack  #Savethedoctors https://t.co/gTOkSy1yBF,eng,hasoc_en_2974,0,0,0,0,0,0,0,0,0,0,0,0
#IndiaVsPakistan   #terroristNationPakistan    #IndiaVsPakistan     India will defeat Pakistan by a margin of:,eng,hasoc_en_2975,0,0,0,0,0,0,0,0,0,0,0,0
Opinion: Conway is only one part of Trump's big problem #Resist #ResistTrump #FuckTrump https://t.co/JklT1nQWt4,eng,hasoc_en_2978,1,0,0,0,0,0,0,0,0,0,0,1
Happy John McCain day friends. #JohnMcCainDay #thankyouforyourservice #fucktrump,eng,hasoc_en_2980,0,0,0,0,0,0,0,0,0,0,0,0
@RadioFreeTom @MalcolmNance Awesome. KELLYANNE is the leaker. More tweets from George Conway on how #FatNixon is an idiot. #TrumpIsATraitor #TrumpTantrum #TuckFrump #TrumpRussia #TrumpColluded #TrumpResignNow #RepublicansDontCare #Treason #TrumpsWorseThan,eng,hasoc_en_2981,0,0,0,0,1,0,0,0,0,0,1,1
Being an Lieutenant Colonel there is nothing wrong in having that on his gloves #DhoniKeepsTheGlove,eng,hasoc_en_2982,0,0,0,0,0,0,0,0,0,0,0,0
#etsy shop: Trump Nixon Covfefe and the Crook President T-Shirt https://t.co/GGe44Hd1OZ #clothing #shirt #trump #nixon #president #protest #impeach #resist #fucktrump #taxday #MuellerReport #LindseyGraham #BarrHearing #BarrLied #BarrCoverUp #ImpeachBarrAndtRump #ImpeachTrumpNow https://t.co/1oRSzVsXZ0,eng,hasoc_en_2983,1,0,0,0,0,0,0,0,0,0,0,1
ICC rejects BCCI's appeal to allow Dhoni's insignia gloves    Click here to view more : https://t.co/I8xvBX2EuU    #DhoniKeepsTheGlove #ICCWorldCup2019 #dhonigloves #DhoniVsICC #ICCVersusIndia,eng,hasoc_en_2984,0,0,0,0,0,0,0,0,0,0,0,0
#SouravGanguly urges @ICC's proactiveness to prevent washouts in @cricketworldcup   #ShameOnICC #ICCWorldCup2019 #ICCWC2019 #ICC #ICCWorldCup #CricketWorldCup2019 #CricketWorldCup #CricketKaCrown #CricketMeriJaan #WorldCup2019 #WorldCup #Worldcup19 https://t.co/nNlcLIuGSU,eng,hasoc_en_2985,0,0,0,0,0,0,0,0,0,0,0,0
Please go through this.. Don't misunderstand.. Doctors too want solution and healthy discussion but in OPEN FORUM!! Is that too much to ask for???  #DoctorsFightBack  #DoctorsStrike  #DoctorsProtest  #StandWithNRSMCH  #wewantjustice https://t.co/aiVRr874cB,eng,hasoc_en_2986,0,0,0,0,0,0,1,0,0,0,1,1
@MSNBC @MTPFirstRead Only 1 cares about the spotlight. The other cares about America. #fucktRump,eng,hasoc_en_2987,0,0,0,0,0,0,0,0,0,0,0,0
@TheRealOJ32 piece of shit.  How the hell are you still alive ?   #prison #murderer,eng,hasoc_en_2988,0,0,0,0,0,0,0,0,0,0,0,0
@HillaryClinton 😂😂😂 You will never be #President. #PresidentialFailure #Benghazi #NeverForget #WorstSecretaryOfStateInUSHistory #Murderer #Ambassadors,eng,hasoc_en_2989,0,0,0,0,0,0,0,0,0,0,0,0
Imagine your dying with cancer or with a fatal accident and there is no #doctor to treat you because medical aspirants stopped choosing this profession as you attack them unnecessarily!    #DoctorsFightBack #doctors_against_assualt #DoctorStrike #doctorsstrike https://t.co/bcia2sym6Q,eng,hasoc_en_2990,0,0,0,0,0,0,0,0,0,0,0,0
#PakMoksAbhi in a as in d build up to d #IndvsPak match on 16th. We take strong objection to it @KirenRijiju pls do something don't expect anything from @BCCI we saw d #DhoniKeepsTheGlove issue left us red-faced,eng,hasoc_en_2991,0,0,0,0,0,0,0,0,0,0,0,0
Never forget.... #whentheyseeus #WhenTheySeeUsNow #nevermypresident #fucktrump https://t.co/LNI6J5UD1b,eng,hasoc_en_2993,0,0,0,0,0,0,0,0,0,0,0,0
THIS JUST IN::   IT TOOK A INTERNATIONAL TEAM TO DETHRONE THE WARRIORS   ONLY CLEVELAND COULD DEFEAT GSW DURING THE 5 YR RUN   #FUCKTRUMP #FUCKTORONTO,eng,hasoc_en_2994,0,0,0,0,0,0,0,0,0,0,0,0
@JeffreyToobin @Susan_Hennessey It should serve as a warning.  #murderer,eng,hasoc_en_2996,0,0,0,0,0,0,0,0,0,0,0,0
#UnfollowTrump  #UnfollowTrump  #UnfollowTrump  #UnfollowTrump  #UnfollowTrump  #UnfollowTrump  &amp,eng,hasoc_en_2998,0,0,0,0,0,0,0,0,0,0,0,0
This is what happens in this world today and it’s so fucked up this was all so uncalled for. So for this I say once again.... #FUCKTHEPOLICE #FUCKTRUMP #FUCKTHEGOVERNMENT https://t.co/aUM4aL9gAN,eng,hasoc_en_3001,0,0,0,0,0,0,0,0,0,0,0,0
Dhoni we are with you @msdhoni #DhoniKeepsTheGlove https://t.co/9F4QE5wIGg,eng,hasoc_en_3002,0,0,0,0,0,0,0,0,0,0,0,0
iBELL IBL E240 BT 2.1 Channel Multimedia Speakers    @ Rs.1920 (mrp-2730)    https://t.co/DOFiFnZG5Z    #DoctorsFightBack #SaveBengal #amazon #flipkart #deals #dealoftheday #amazingdeals #offers #discount #JaiShreeRam #ModiForAll,eng,hasoc_en_3005,0,0,0,0,0,0,0,0,0,0,0,0
#DoctorsFightBack | Doctors' strike reaches Supreme Court: Plea filed over safety and security of doctors seeking security at government hospitals and action against assaulters of Kolkata doctor    https://t.co/jB9Qynofls,eng,hasoc_en_3006,0,0,0,0,0,0,0,0,0,0,0,0
No surprise there    #Pakistan Cricket Board (#PCB) chairman Ehsan Mani has confirmed that he lodged a complaint with the ICC about India wicketkeeper-batsman MS Dhoni having the Indian army’s insignia on his keeping gloves.    #IndiaWithDhoni #DhoniKeepsTheGlove #DhoniKeSaathDesh https://t.co/xmFSVKh4am,eng,hasoc_en_3007,0,0,0,0,0,0,0,0,0,0,0,0
#ShameOnICC indvspak Sunday match eppadiyum postponed than...#rainworldcup https://t.co/LMhUkPOvlL,eng,hasoc_en_3009,0,0,0,0,0,0,0,0,0,0,0,0
So I didn’t watch the debate last night.  They’re Tories - for me the best I can hope for is the least worst.  Just PLEASE don’t inflict #TrumpLite on Britain    #BorisJohnsonShouldNotBePM,eng,hasoc_en_3010,0,0,0,0,0,0,0,0,0,0,0,0
Racists? Yes. Shocked? No. Yes it leaves me cold but under the Trump regime nothing shocks or surprises me anymore. I truly with my entire being wish it did.   #TrumpIsNotAboveTheLaw #TrumpIsATraitor #CBPRacistAgents 🤬 https://t.co/vLWryl84xx,eng,hasoc_en_3011,1,0,0,0,0,0,0,0,0,0,0,1
Amazing! Now we see why his attorneys didn’t want him speaking to Mueller in person. @realDonaldTrump is far too dumb to stick to a script. He just can’t help himself. #MoronPresident #TrumpIsATraitor https://t.co/X9AWZEo7ag,eng,hasoc_en_3012,0,0,0,0,0,0,0,0,0,0,0,0
Support for trans people is growing in spite of Trump’s nonstop assault on civil rights #Resist #ResistTrump #FuckTrump https://t.co/VeOWQMqeI1,eng,hasoc_en_3013,1,0,0,1,0,0,0,0,0,0,0,1
THIS ⬇️ @CBSNews @NBCNews @ABC @CNN     #ThisIsNotNormal  #TrumpIsATraitor   #TrumpIsANationalSecurityThreat https://t.co/F1fOX4PP2v,eng,hasoc_en_3014,0,0,0,0,0,0,0,0,0,0,0,0
#DoctorsFightBack  Why is the Prime minister and Defence minister of India are very silent in this firing issue..Is the CM of the state a God than the citizens of India.Doctors are real living Gods..if the nation does not stand with them..no use how you polticians would save us.,eng,hasoc_en_3015,0,0,0,0,0,0,0,0,0,0,0,0
this years i think Rain will be top on chart and we can see  it on FINALE  also..🤣🤣🤣🤣 #ShameOnICC https://t.co/1BQzmVB85U,eng,hasoc_en_3017,0,0,0,0,0,0,0,0,0,0,0,0
#INDvAUS  #Indian #ICCWorldCup2019 #WorldCup2019 #IndiaWithDhoni #DhoniKeepsTheGlove #indiancricketheroes #AUSvIND #Australia #auspol   Who will win today's match ?  1  INDIANS SHOW YOUR POWER🇮🇳   2 AUSTRALIANS SHOW YOUR POWER 🇦🇺     You both have 8 hrs to show your team power.,eng,hasoc_en_3018,0,0,0,0,0,0,0,0,0,0,0,0
And @realDonaldTrump is so WEAK he couldn’t even serve. #TooScaredDonnie Is such a baby that he had to hide behind Daddy’s skirts because he was #TooScaredToServe.   #FUCKtRump https://t.co/PMJtDbrcCh,eng,hasoc_en_3019,0,0,0,0,0,0,0,0,0,0,0,0
I seriously feel @MamataOfficial has gone mad ans lost mental balance. I never seen any CM in my whole life who goes to protest site and threaten protestors. Never ever in my life.     #DoctorsFightBack,eng,hasoc_en_3020,0,0,0,0,0,0,0,0,0,0,0,0
@ICCWCup2019 #INDPAKVSRAIN @ICC  @cricketworldcup   #CWC19   #ShameOnICC     ''This is not India vs Pakistan  This is IND-PAK VS RAIN,eng,hasoc_en_3021,0,0,0,0,0,0,0,0,0,0,0,0
@PAngo329 @realDonaldTrump china recently tripled it's soybean purchases from Russia..i'm sure you are right about Brazil and South America as well..It's not coming Back!! #IdiotTrump,eng,hasoc_en_3023,0,0,0,0,0,0,1,0,0,0,1,1
Think twice ~ then think again!!!!         #fight4megan #bekind #bullying #murderer #criminal #crime #suicideawareness #suicideprevention #antibullying #depression #wordshurt https://t.co/T13jFO2Gvp,eng,hasoc_en_3025,0,0,0,0,0,0,1,0,0,0,1,1
This is the worst piece of shit I have read this day on the West Bengal Doctors issue. Apparently these doctors are behaving like doctors in Auschwitz.  😡🤬  #DoctorsFightBack #DoctorsStrike #DoctorsProtest #BengalDoctorsStrike #doctors_against_assualt https://t.co/4EjhDQ4Am3,eng,hasoc_en_3026,0,0,0,0,0,0,0,0,0,0,0,0
Hey everybody I just released a new single entitled “For The People” if you could take a few minutes out of your day and give it a listen and share it if you like it I would greatly greatly appreciate it #punkrock #politicalpunk #NewMusic #fucktrump https://t.co/Kx8EvolZmQ,eng,hasoc_en_3027,0,0,0,0,0,0,0,0,0,0,0,0
Trump: Mars is part of the moon. Say what now? #Resist #ResistTrump #FuckTrump https://t.co/2s4IE9yM5n,eng,hasoc_en_3029,1,0,0,0,0,0,0,0,0,0,0,1
#LGBTQ community WTF is that #murderer of #blackmen #EDBUCK y’all on code with that shzt!,eng,hasoc_en_3031,0,0,0,0,0,0,0,0,0,0,0,0
Assuming god exists then (it) knows the person suffering most and the person suffering least and as a leader  of this messed up world (it ) solves the problem should Dhoni keep the army logo.  #DhoniAtCWC19 #DhoniKeepsTheGlove #WorldCup2019,eng,hasoc_en_3032,0,0,0,0,0,0,0,0,0,0,0,0
@realDonaldTrump Question isn't if #trump thinks his rabid minority wants him longer than 2 terms. Question is what would he do? Encourage the peaceful transition of power USA is famous for or incite riots &amp,eng,hasoc_en_3033,1,0,0,0,0,0,0,0,0,0,0,1
Dear @ICC learn something from India how to Cover whole ground and how to manage during rain #ShameOnICC https://t.co/ibB7nj9rGH,eng,hasoc_en_3034,0,0,0,0,0,0,0,0,0,0,0,0
@msdhoni  #MSDHONI  #DhoniKeSaathDesh   #Dhoni   #DhoniKeepBalidaanBadgeGlove   #DhoniKeepsTheGlove   #dhonigloves   👇👍 Retweet 🔄 for #supportdhoni   #support   @cricketworldcup  @ICC  @BCCI  @BCCIdomestic  @imVkohli  @ODIWCup_2019 https://t.co/0texaMX,eng,hasoc_en_3035,0,0,0,0,0,0,0,0,0,0,0,0
Happy birthday @BarackObama .. our last real @POTUS44 ... #Fucktrump https://t.co/eFO34AY4rx,eng,hasoc_en_3036,0,0,0,0,0,0,0,0,0,0,0,0
India generates so much revenue for the ICC and yet they comply when Pak asks them to degrade their army soldier. India should boycott this world cup to keep the respect of their army!!!    #DhoniKeepTheGlove #DhoniKeepsTheGlove #DhoniKeepTheGloves #DhoniKeSaathDesh #Dhoni #CWC19 https://t.co/dSa8ZDSlGm,eng,hasoc_en_3037,0,0,0,0,0,0,1,0,0,0,1,1
Twitter’s top policy exec said there’s “no doubt” that some social media content contributes to radicalization #Resist #ResistTrump #FuckTrump https://t.co/yZhemu5HyB,eng,hasoc_en_3038,0,0,0,0,0,0,0,0,0,0,0,0
Opression will never be the answer  Pharmacists and doctors spirit  lasts for ever   @moatazmatar   #DoctorsUnderOppression   #DoctorsFightBack  #DoctorsProtest   #DoctorsUnderOppression https://t.co/d7oDE2MrHl,eng,hasoc_en_3041,0,0,0,0,0,0,0,0,0,0,0,0
@cabodude @PalmerReport Quack Quack Quack  Blablabla  Boohoohoo     #fucktRump   #VeteransAgainstTrump,eng,hasoc_en_3042,0,0,0,0,0,0,0,0,0,0,0,0
Icc and england cricket destroying big world cricket. England doesn't Deserve host the world cup. #ShameOnICC https://t.co/S1AnsdIFIu,eng,hasoc_en_3044,0,0,0,0,0,0,0,0,0,0,0,0
This crypt keeper needs to go. Why ain’t he dead yet!  #FuckTrump #BeBest #OrangeFoolius #MAGA #AmericaFirst #asshat #economics101 https://t.co/FOsR3LkA9F,eng,hasoc_en_3046,0,0,0,0,0,0,0,0,0,0,0,0
The @DailyMailUK's @MarkHookham has done a good wider follow up about missing foreign #criminals following on from my recent scoop about wanted #Albanian #murderer Hektor Mahmutaj absconding before he was extradited from the #UK:  https://t.co/4xwsKqgmZb  https://t.co/P9f4laSTfP https://t.co/SMaHZ3askq,eng,hasoc_en_3047,0,0,0,0,0,0,0,0,0,0,0,0
@realDonaldTrump Poor little you. Show us where the bigly yuuge mean newspaper hurt you.     #LockTrumpUp  #ImpeachmentInquiryNow   #ImpeachTrump   #ImpeachBarr   #ImpeachMnuchin  #TrumpIsATraitor,eng,hasoc_en_3049,0,0,0,0,0,0,0,0,0,0,0,0
#DoctorsFightBack  #Savethedoctors   #SaveTheSaviour   Stop violence against doctors! https://t.co/jMNUlOYcGP,eng,hasoc_en_3050,0,0,0,0,0,0,0,0,0,0,0,0
Why will the tournament be any longer with reserve days? What a lame excuse #ShameOnICC. You simply plan the next day as reserve day and there could be two matches some days during the tournament.,eng,hasoc_en_3051,0,0,0,0,0,0,0,0,0,0,0,0
Great..... Well done @ICC @cricketworldcup .....Thanks for water entertainment.......  #ShameOnICC https://t.co/RbxaEfkunY,eng,hasoc_en_3052,0,0,0,0,0,0,0,0,0,0,0,0
@TheRealBS2 @CharlieDaniels The @GOP are traitors. #GOPTraitors #TrumpIsATraitor     https://t.co/YvTo9BYMb3,eng,hasoc_en_3053,0,0,0,0,0,0,0,0,0,0,0,0
Electing #BorisJohnson as their leader will damn @Conservatives in the eyes of sensible voters    It shows their utter desperation    It will be proof that Tories as a political party care nothing for honesty truth or basic morality     #BorisJohnsonShouldNotBePM,eng,hasoc_en_3054,0,0,0,0,0,0,0,0,0,0,0,0
@realDonaldTrump @foxandfriends https://t.co/82t6017FuI    FALSE FLAG ANYONE?    Trump is creating fake reasons to go to war to distract from his legal troubles.    CLASSIC REPUBLICAN HORSESHIT    #ImpeachTrump2020     #JailTrump2021    #FuckTrump    #Rep,eng,hasoc_en_3055,1,0,0,0,0,0,0,0,0,0,0,1
Brian Adcock on Tory MPs voting for a new leader #BorisJohnson #MichaelGove #BorisJohnsonShouldNotBePM #Boris4PM #cartoon #ToryLeadership #MichaelGove #DominicRaab #JeremyHunt #SajidJavid #RoryStewart #BoJo - political cartoon gallery in London https://t.co/dePcTdnXF6 https://t.co/FWwThTOPH7,eng,hasoc_en_3056,0,0,0,0,0,0,0,0,0,0,0,0
'Hong Kong Canadian activists in Vancouver are vowing to keep up their pressure on their homeland’s government after it voted to suspend — but not toss out — a proposed extradition bill.' #BoycottChina   https://t.co/eEhCgMexcj,eng,hasoc_en_3057,0,0,0,0,0,0,0,0,0,0,0,0
Agree and he is not President...he didn't win popular vote and conspired with a foreign power to get the electoral college. #NotMyPresident #stoptrumpism #TrumpIsATraitor #TrumpCrimeFamily https://t.co/qGMu8q8G6q,eng,hasoc_en_3058,0,0,0,0,0,0,0,0,0,0,0,0
Hairdresser: 'Lets do a patch test for you to see if you can dye your hair.'  *applies test behind my ear*  'Leave it for 48 hours.'  Me: 12 hours later.. *rubs ear by accident and removes whole patch*  #DickHead,eng,hasoc_en_3059,0,0,0,0,0,0,0,0,0,0,0,0
#DhoniKeepsTheGlove    This is how ICC see ms dhoni gloves #DhoniKeepsTheGlove  But not as Thanos https://t.co/d2gVhniyWN,eng,hasoc_en_3062,0,0,0,0,0,0,0,0,0,0,0,0
Kore DM-PVC Combo 16 (1-5 Kg) Home Gym Dumbbells &amp,eng,hasoc_en_3063,0,0,0,0,0,0,0,0,0,0,0,0
@senatemajldr U R a JOKE! U REPUBLICANS HAVE LOST UR BALLS FOLLOWING THIS #DICKHEAD! DO UR FUCKING JOB!,eng,hasoc_en_3064,0,0,0,0,0,0,0,0,0,0,0,0
@VoiceofmyBharat 700 doctors have quit in Bengal. 700.    Bsdk when are you planing to speak on this?     #SaveBengal #DoctorsFightBack,eng,hasoc_en_3067,0,0,0,0,0,0,0,0,0,0,0,0
@annaturley @jessphillips He was clearly talking about the vending machine after he bought a packet of chipsticks. #C4Debate #whereswally #toryjackanorystory #BorisJohnsonShouldNotBePM,eng,hasoc_en_3068,0,0,0,0,0,0,0,0,0,0,0,0
@realDonaldTrump @foxandfriends Trump campaign to implode on Sunday night when @ABC airs @GStephanopoulos interview!  No doubt they saved the most damaging and shocking elements for Sunday!  #Trump #Trump2020 #ABC #TrumpIsATraitor #JohnMcCainDayJune14,eng,hasoc_en_3070,1,0,0,0,0,0,0,0,0,0,0,1
@chilkoti2 @maryashakil @hd_kumaraswamy @OfficeOfKNath Lookin more like a sit down lunch in the home of a nuclear family!    #congressmuktbharat,eng,hasoc_en_3071,0,0,0,0,0,0,0,0,0,0,0,0
I agree with you Dollar. #FuckTrump https://t.co/eJvVOtBJ7H,eng,hasoc_en_3073,0,0,0,0,0,0,0,0,0,0,0,0
What a load of bull shit #BorisJohnsonShouldNotBePM https://t.co/1L41QukVIC,eng,hasoc_en_3074,0,0,0,0,0,0,0,0,0,0,0,0
@MelvinVogelsang @Derek_FacT @peoplespca @MaximeBernier @PrideSaskatoon Ah Nigel. Seem you really do represent the lgbt values well. 🙄. Not once but twice. #douchebag https://t.co/tMnB2PPd8Z,eng,hasoc_en_3075,0,0,0,1,0,0,0,0,0,0,0,1
@ICC wrong place for #WorldCup2019 only rain and you can see the badge on #DhoniKeepTheGloves  but you can't see that the country who calls ceicket national game dont have covers to cover whole ground #ShameOnICC https://t.co/9yZpOXEoqS,eng,hasoc_en_3076,0,0,0,0,0,0,0,0,0,0,0,0
@ICC way too bad event management and planning ! The cricket fans across the entire world waited for #ICCWorldCup2019 and 4 matches out of 19 matches so far have been washed out in rains.     #ShameOnICC  #RainStopsMatch #Cricket #CWC19 #CricketWorldCup20,eng,hasoc_en_3077,0,0,0,0,0,0,0,0,0,0,0,0
so do you #MAGA types believe it when your precious Fox News says it?  #CriminalInChief #LiarInChief  #fucktrump https://t.co/p8njfyC6BK,eng,hasoc_en_3079,0,0,0,0,0,0,0,0,0,0,0,0
@svershbow @billmaher  continues to try sooooo hard to remain relevant. #MSM is the only one who cares #LowRatings #LowIQ #DrugAddict #SexFiend #DoucheBag,eng,hasoc_en_3081,0,0,0,0,0,0,0,1,0,0,1,1
#ShameOnICC a very very well organized World Cup 2019 by incredible ICC. https://t.co/6Gjg8ey4vG,eng,hasoc_en_3082,0,0,0,0,0,0,0,0,0,0,0,0
How can they be so Naive to not check the weather condition &amp,eng,hasoc_en_3083,0,0,0,0,0,0,0,0,0,0,0,0
@mkraju Lyin' Ted has been on Pluto the last few days. #TrumpIsATraitor,eng,hasoc_en_3084,0,0,0,0,0,0,0,0,0,0,0,0
@imansoorhussain @GautamGambhir That was #Elections2019 #rhetoric... This is #bread and butter paid by @StarSportsIndia . Thank God he didn't carry the #antipak #antimuslim #hate speeches on to #commentary #box. #ICCWorldCup2019 #INDvPAK,eng,hasoc_en_3085,0,0,0,0,0,0,0,0,0,0,0,0
OBAGE HT-301 4.1 Home Theater Speaker System with Bluetooth    @ Rs.3599 (mrp-6000)    https://t.co/WnUnGNDkwh    #DoctorsFightBack #SaveBengal #amazon #flipkart #deals #dealoftheday #amazingdeals #offers #discount #JaiShreeRam #ModiForAll,eng,hasoc_en_3086,0,0,0,0,0,0,0,0,0,0,0,0
@ChrisStewart717 traitor. #Utah can do better. Let’s start with finding candidates that aren’t traitors. #DrainTheSwamp #Election2020 #TrumpIsATraitor https://t.co/7zl5Kds4fx,eng,hasoc_en_3087,0,0,0,0,0,0,0,0,0,0,0,0
#ShameOnICC #CWC19 #INDvPAK  ICC: We are sorry to Tell all The Cricket Fans that there shall not be any cricket to be played on 16th at Manchester due to Rain. But we are looking to Remove Insignia Badges and Other Things which players wear But sorry no Correct Venue https://t.co/xco5rk6WIw,eng,hasoc_en_3088,0,0,0,0,0,0,0,0,0,0,0,0
How can we do our duty if our lives are under threat.  All we want is just a safe work environment and rigorous punishment to those who do violence against doctors. #IstandwithNRS #DoctorsFightBack https://t.co/gQp9svwyY4,eng,hasoc_en_3090,0,0,0,0,0,0,0,0,0,0,0,0
@TheRickWilson @thedailybeast Or Norway. 😂 #fucktrump,eng,hasoc_en_3091,0,0,0,0,0,0,0,0,0,0,0,0
Here are the rules If #DhoniKeepsTheGlove:    1 Game: He looses 25% of his match fee  2 Games: He looses 50% of his match fee  3 games or more: He looses 75% of his match fee      Dhoni is a Millionaire he can afford to loose some peanuts for the pride of the country.     #IndiaWithDhoni https://t.co/BLzqN74L8Q,eng,hasoc_en_3092,0,0,0,0,0,0,0,0,0,0,0,0
@realDonaldTrump @foxandfriends This day should be used to celebrate a man with honor not a traitor to our country. June 14th is #HappyJohnMcCainDay plz tweet n keep retweeting these 2#'s #JohnMcCainDay to keep them trending all day #fuckTrump n his bday,eng,hasoc_en_3093,0,0,0,1,0,0,0,0,0,0,0,1
@JodiEngen @ScottNevins No big surprise! I wouldn’t expect anything less! #DICKHEAD!,eng,hasoc_en_3096,0,0,0,0,0,0,0,0,0,0,0,0
#INDPAKVSRAIN @ICC  @cricketworldcup   #CWC19   #ShameOnICC   @cricketaakash  @bhogleharsha  ''This is not India vs Pakistan  This is IND-PAK VS RAIN' https://t.co/lzyvvQKUAW,eng,hasoc_en_3097,0,0,0,0,0,0,0,0,0,0,0,0
@ICC   #DhoniKeepsTheGlove   Double standard   Shame on you @ICC https://t.co/y0fTYMkdir,eng,hasoc_en_3098,0,0,0,0,0,0,0,0,0,0,0,0
@HenriettaHumpl1 Your subject matter doesn't matter . Bye Bye dickhead #dickhead #auspol,eng,hasoc_en_3099,0,0,0,0,0,0,0,0,0,0,0,0
Rainbow flag at US embassy Rome #pride #fucktrump https://t.co/Svub8jzKW7,eng,hasoc_en_3100,0,0,0,0,0,0,0,0,0,0,0,0
@GOP At least Warren has a plan and isn't a traitor.  #GOPTraitors  #TrumpIsATraitor https://t.co/9LslPSbVED,eng,hasoc_en_3101,0,0,0,0,0,0,0,0,0,0,0,0
#CrookedTrump circles the# OANN drain https://t.co/OVrUbZUDDp   #TrumpIsATraitor,eng,hasoc_en_3102,0,0,0,0,0,0,0,0,0,0,0,0
Hilarious 😂 🤣 😂 🤣 😂 &amp,eng,hasoc_en_3103,0,0,0,0,0,0,0,0,0,0,0,0
People from other Indian states are outsiders to @MamataOfficial.  But Bangladeshis are more dear to her than even the insiders.    #DoctorsProtest  #DoctorsFightBack  #DoctorsStrike  #DoctorsUnderOpression  #Doctors  @AITCofficial @BJP4India  @PMOIndia @narendramodi,eng,hasoc_en_3104,0,0,0,0,0,0,0,0,0,0,0,0
@cricbuzz It is not against any rule of @ICC ....  It is a symbol of dedication of a man for his country....  #DhoniKeSaathDesh   #DhoniKeepsTheGlove,eng,hasoc_en_3106,0,0,0,1,0,0,0,0,0,0,0,1
Dear @ICC    You should have reserve days for WC matches. It's a WC match not u'r regular 1dy matches. It comes after 4 year. So u should be more vigilant while choosing venues.   You should apologise from every cricket fans for this mess.    #ShameOnICC  #ENGvWI https://t.co/5sN5NgnAvZ,eng,hasoc_en_3109,0,0,0,0,0,0,0,0,0,0,0,0
Does a bear shit in the woods?  #FuckTrump #BeBest #MAGA #AmericaFirst https://t.co/nFHZYaIBJc,eng,hasoc_en_3111,0,0,0,0,0,0,0,0,0,0,0,0
#ShameOnICC   Lot of fans waited to see how it rains...Instead of spotting mistakes in gloves...Show some intrest in maintenance also...@ICC https://t.co/VjKCgq0pXH,eng,hasoc_en_3113,0,0,0,0,0,0,0,0,0,0,0,0
@GOPChairwoman @PressSec @realDonaldTrump Someone is trying reeeeally hard to get the @PressSec job. Lol    #TrumpIsATraitor #SHSLies #SHSLiesALot    #HappyJohnMcCainDay #Happy  #JohnMcCainDay,eng,hasoc_en_3114,0,0,0,0,0,0,0,0,0,0,0,0
@ICC @ShutDownICC You never do justice...  #ShameOnICC 💩 💩 💩,eng,hasoc_en_3115,0,0,0,0,0,0,0,0,0,0,0,0
@TheRealOJ32 GOD has some 'getting even' to do with you too.  #MURDERER,eng,hasoc_en_3116,0,0,0,0,0,0,0,0,0,0,0,0
How Trump's 'fake news' rhetoric has gotten out of control #Resist #ResistTrump #FuckTrump https://t.co/x4fj9v9EOO,eng,hasoc_en_3117,1,0,0,0,0,0,0,0,0,1,0,1
So @BorisJohnson wants to PM the man who sold nearly everyone the #bexit dream has done nothing good for working class people wants to give the rich a tax break while thousands are suffering and he cannot be bothered to do interviews another Elton boy #BorisJohnsonShouldNotBePM,eng,hasoc_en_3120,0,0,0,1,0,0,0,0,0,0,0,1
@AdamBienkov @JuliaHB1 How do those US numbers compare to when Trump wasn't in charge? How do the London numbers compare to when Khan wasn't in charge? I'll wait... #dickhead,eng,hasoc_en_3122,1,0,0,0,0,0,0,0,0,0,0,1
The unfinished task of #congressmuktbharat continues https://t.co/ARi8fDUJtU,eng,hasoc_en_3124,0,0,0,0,0,0,0,0,0,0,0,0
Wonderful article in ⁦@elpaisinenglish⁩ about the new #Spanish edition of my #book The #Poet and the #Murderer #bookreview #ElPais https://t.co/b1kPzI15wC,eng,hasoc_en_3125,0,0,0,0,0,0,0,0,0,0,0,0
#ShameOnICC watch england weather report of sunday in star sports network... https://t.co/n8OFAPKMUU,eng,hasoc_en_3126,0,0,0,0,0,0,0,0,0,0,0,0
@_TheRealOJ32 @LD_Allan I think you are a #murderer,eng,hasoc_en_3127,0,0,0,0,0,0,0,0,0,0,0,0
@CIAspygirl Good one. 😃👍🍻 #PresidentialEmbarrassment #FuckTrump #Resist,eng,hasoc_en_3128,0,0,0,0,0,0,0,0,0,0,0,0
All cricket board announced their official jersey for upcoming matches.   #ShameOnICC https://t.co/5C7HpRikD9,eng,hasoc_en_3129,0,0,0,0,0,0,0,0,0,0,0,0
Oh it's a girl? Congrats. Wait! It's a boy?!?!?!!?! That's AMAZING!!! You guys are so lucky!!!!!! The father must be so proud!!! #DickHead #Douchebag #babygirl #babyboomers #babysharkdododododododododododdodododoododododddodododododododododdidodi,eng,hasoc_en_3130,0,0,0,0,0,0,1,0,0,0,1,1
@gailendavid @PressSec @realDonaldTrump They're going to quickly throw her ass in a retirement home and be done with her as soon as they get the chance. #FUCKTRUMP,eng,hasoc_en_3131,0,0,0,0,0,0,0,0,0,0,0,0
@realDonaldTrump She's lying like you've trained her to.    #ImpeachTrump   #ImpeachmentInquiryNow   #TrumpIsARacist  #TrumpIsATraitor,eng,hasoc_en_3132,0,0,0,0,0,0,0,0,0,0,0,0
Offering namaz on field is not a bigg issue but Wearing glove containing Army logo ( non political non religious not harming anyone’s sentiments ) is objectable for icc ! @ICC @BCCI #DhoniKeepsTheGlove #DhoniKeepBalidaanBadgeGlove https://t.co/blv3tAf2Hz,eng,hasoc_en_3134,0,0,0,0,0,0,0,0,0,0,0,0
@thehill @realDonaldTrump already said 'clearly' he would  #TrumpIsATraitor,eng,hasoc_en_3136,0,0,0,0,0,0,0,0,0,0,0,0
Another horrible decision by the umpire. Umpiring has been off the worst quality this @cricketworldcup. Why the fuck a team suffer because of a human error? #ShameOnICC #ENGvWI #CWC19,eng,hasoc_en_3138,0,0,0,0,0,0,0,0,0,0,0,0
25 years ago today this bastard had handcuffs on &amp,eng,hasoc_en_3139,0,0,0,0,1,0,0,0,0,0,1,1
#ShameOnICC Do a favour to cricket lovers all over the world shift the remaining matches to India..BCCI can still successfully conduct this world cup 😄😄,eng,hasoc_en_3140,0,0,0,0,0,0,0,0,0,0,0,0
Hey @ICC what’s wrong in having Country's Army's Sacrifice Symbol on gloves ? Don’t stoop so low! #DhoniKeepsTheGlove https://t.co/kQB3ROydqR,eng,hasoc_en_3141,0,0,0,0,0,0,0,0,0,0,0,0
Donald and the Delusion Discount #Resist #ResistTrump #FuckTrump https://t.co/UJHYEn74ZR,eng,hasoc_en_3143,0,0,0,0,0,0,0,0,0,0,0,0
Wow. What a perfect summary of this administration. #BernieSanders #NotMeUs #FuckTrump https://t.co/zNWeuQsWrM,eng,hasoc_en_3144,0,0,0,0,0,0,0,0,0,0,0,0
@IvankaTrump Happy #JohnMcCainDay #TrumpIsATraitor,eng,hasoc_en_3146,0,0,0,0,0,0,0,0,0,0,0,0
@CMofKarnataka @DVSBJP @BSYBJP How come @BJP4Karnataka not forcing Ruling govt for CBI investigation? #IMAfraud SIT and CID means just washing hands. Victims will not get justice best example is #TGSFraud,eng,hasoc_en_3148,0,0,0,0,0,0,0,0,0,0,0,0
so we wait 4 years just to see the rain in England. #ENGvWI #eng #ShameOnICC,eng,hasoc_en_3149,0,0,0,0,0,0,0,0,0,0,0,0
US embassies defy .@realDonaldTrump administration orders not to fly #LGBT #rainbow flags for #PrideMonth2019.     #FuckTrump 🖕    https://t.co/RIKnFvABps #Pride2019 #PrideMonth #PrideParade #gay #LGBTQ #Resist #Resistance #TheResistance #UniteBlue #VoteBlue #VoteBlue2020,eng,hasoc_en_3150,0,0,0,1,0,0,0,0,0,0,0,1
No education institutions should support any employees that support #rapist! To support a rapist subconsciously send a message that rape is okay! To support a man that rape women puts the safety of students at risk. It says women are nothing but some man release toilet! #harvard,eng,hasoc_en_3151,0,0,0,1,0,0,0,0,0,0,0,1
Bernie Sanders #FuckTrump #BernSpurs #tshirt #tees #trump #politics #2020 #feelthebern #usa  #etsy #TrumpsWorseThanNixon #TrumpIsACriminal #TrumpRussia #clothing #shirt #shortsleeve #crew #democrat #bernie #campaign #political https://t.co/OIhvs7BdHD https://t.co/VrjTNVruja,eng,hasoc_en_3153,1,0,0,0,0,0,0,0,0,0,0,1
Kellen Winslow Jr. #GUILTY #Rapist  https://t.co/EoOYbh4Fb2,eng,hasoc_en_3155,0,0,0,0,0,0,0,0,0,0,0,0
@angelique1z They should stop asking questions and just begin hurling expletives at him. #fucktRump,eng,hasoc_en_3156,0,0,0,0,0,0,0,0,0,0,0,0
This thing is no #JackieO.  Dream on Fat Boy. @realDonaldTrump @FLOTUS    #TrumpIsATraitor #Trump2020 #JohnMcCainDay #TrumpBirthday https://t.co/LVH5jpHjdb,eng,hasoc_en_3157,0,0,0,0,0,0,0,0,0,0,0,0
Heyy @msdhoni please get the tattoo of our balidan badge: the badge of honour.    #DhoniKeepTheGlove #DhoniKeepsTheGlove #DhoniKeSaathDesh #DhoniVsICC #ICC #ICCVersusIndia #ICCWorldCup2019 @virendersehwag @BCCI #WC2019,eng,hasoc_en_3158,0,0,0,0,0,0,0,0,0,0,0,0
People who document evidence of violent extremism are being shut down in Youtube's crackdown on violent extremism #Resist #ResistTrump #FuckTrump https://t.co/khMOn8hFG5,eng,hasoc_en_3159,0,0,0,0,0,0,0,0,0,0,0,0
@RepMattGaetz @realDonaldTrump Trump was not exonerated. Referred to Congress for further investigation. #ReadTheMuellerReport #TrumpIsATraitor   I like president's who don't accept foreign influence in American elections. https://t.co/EnOYP9miyF,eng,hasoc_en_3160,1,0,0,0,0,0,0,0,0,0,0,1
World cup turning out to be raincup while @ICC giving us a world cup where we get to see every drama related to the sport except a good cricket match #ICCWorldCup2019 #ShameOnICC #raincup @ECB_cricket @BCCI https://t.co/Sr7HVIJ1VB,eng,hasoc_en_3162,0,0,0,0,0,0,0,0,0,0,0,0
Doctors wearing black badge protest at MGM Medical College and Hospital in Jamshedpur for #WestBengal issue  #DoctorsFightBack,eng,hasoc_en_3163,0,1,0,0,0,0,0,0,0,0,0,1
@cowboytexas @MedicVet68 Projection.  #TrumpIsATraitor https://t.co/fbSmF4YIhZ,eng,hasoc_en_3164,0,0,0,0,0,0,0,0,0,0,0,0
@iamshiv08 @ICC #ShameOnICC  #INDvPAK  #CWC19  #SLvAUS  Predicting the future... #SAvENG 1992 WC semi final... D/W 1 ball 22 runs... 😂😂😂  https://t.co/61NEHu5uye,eng,hasoc_en_3166,0,0,0,0,0,0,0,0,0,0,0,0
@realDonaldTrump There is more to life than golf😟  #TrumpIsATraitor   #TrumpIsADisgrace,eng,hasoc_en_3168,0,0,0,0,0,0,0,0,0,0,0,0
@RealSkipBayless You are quite the #douchebag,eng,hasoc_en_3169,0,0,0,0,0,0,0,0,0,0,0,0
@realDonaldTrump @senatemajldr @MarkWarner SHAME ON YOU #WorstPresidentEver   you &amp,eng,hasoc_en_3170,0,0,0,0,0,0,0,0,0,0,0,0
Repost erniecartright  .  #impeach #impeachment #POTUS #usa #idiot #trump #fucktrump #dumptrump #vote #truth  #america #republicans #pos #ignorance #racist  #sexist  #funny #Lmao #laugh #comedy https://t.co/gPCRLRNmum,eng,hasoc_en_3171,1,0,0,0,1,0,0,0,0,0,0,1
@realDonaldTrump Trump that sounds like you are you mirroring?  #TrumpNatSecRisk   #JohnMcCainDayJune14   #TuckFrump   #TrumpIsATraitor,eng,hasoc_en_3172,1,0,0,0,0,0,0,0,0,0,0,1
#ShameOnICC #ICC #CWC2019   this is not a world cup just like a RainCUP.....icc plz take strong action  Worldcup is big tournament of world not boitrial series plz take strong action,eng,hasoc_en_3173,0,0,0,0,0,0,0,0,0,0,0,0
@realDonaldTrump @MarshaBlackburn Happy John McCain Day! #JohnMcCainDay #TrumpIsATraitor,eng,hasoc_en_3175,0,0,0,0,0,0,0,0,0,0,0,0
@TheRealOJ32 #Murderer cold blooded killer,eng,hasoc_en_3176,0,0,0,0,0,0,0,0,0,0,0,0
#spermineye #rapist #weed #waitTHEconversationto make you cleanse me,eng,hasoc_en_3177,0,0,0,0,0,0,0,0,0,0,0,0
Good that @ICC has realised its folly. It now wants @BCCI to explain whether #Dhoni gloves were carrying any kind of political message. Hopefully shashank manohar will give up his stand. #DhoniKeepsTheGlove,eng,hasoc_en_3178,0,0,0,0,0,0,0,0,0,0,0,0
@TheRealOJ32 has joined Twitter and here he is with his old pal @realDonaldTrump Stabby and Grabby. #OJSimpson #murderer let’s hope this is his undoing. https://t.co/kQHd3VyjPI,eng,hasoc_en_3180,0,0,0,0,0,0,0,0,0,0,0,0
@TheDweck #murderer   Let’s bombard him with it.,eng,hasoc_en_3181,0,0,0,0,0,0,0,0,0,0,0,0
@slwh What a #dickhead,eng,hasoc_en_3184,0,0,0,0,0,0,0,0,0,0,0,0
Bad roads.  Accident.  Patient dies in hospital.  Let's hit the doctor  Bad food items.  Food poisoning.  Patient dies in hospital.  Let's hit the doctor  Never hit corrupt babus  Strange mentality....  #DoctorsFightBack #DoctorsProtest #DoctorsStrike #doctors_against_assualt,eng,hasoc_en_3185,0,0,0,0,0,0,0,0,0,0,0,0
#CWC19 #ShameOnICC   A cricket lover never wants to saw 😣this on big screen. Four matches 🏏are abandoned due to rain ☔and almost every team is affected by this. Please choose a better country for the next time to host this prestigious tournament🏆 🏏       🙏🙏🙏 https://t.co/fIRATIMVms,eng,hasoc_en_3187,0,0,0,0,0,0,0,0,0,0,0,0
Still @ICC was busy in Doing Politics over @msdhoni's #balidaanbadge out of Four years @ICC has to conduct #wc Matches but @ICC  Is Centered towards @msdhoni  @ICC You should go to hell. Incompetent is on high level such a #Shame @ICC  #ShameOnICC,eng,hasoc_en_3188,0,0,0,0,0,0,0,0,0,0,0,0
Thanks MSD...Now the entire world knows about 'Balidan Insignia'    #IndiaWithDhoni #DhoniKeepTheGlove #BalidaanBadge #DhoniKeSaathDesh #DhoniKeepsTheGlove https://t.co/WalrLiRmZA,eng,hasoc_en_3190,0,0,0,0,0,0,0,0,0,0,0,0
#DoctorsFightBack | Do you support the protests of doctors seeking safety in hospitals?,eng,hasoc_en_3191,0,0,0,0,0,0,0,0,0,0,0,0
He is already starting this talk. We need to act now before we have no choice! #TrumpIsATraitor #LockHimUp #TrumpIsTheEnemyOfThePeople https://t.co/XI2WvVKtr5,eng,hasoc_en_3193,0,0,0,0,0,0,0,0,0,0,0,0
2020 presidential candidates must debate environmental policy #climatedebate  https://t.co/LJWUuAd6dl @moveon.    #ClimateDebate #ClimateEmergency #ClimateChangeIsReal #ClimateActionNow #fucktrump #TheResistance,eng,hasoc_en_3195,0,0,0,0,0,0,0,0,0,0,0,0
Happy John McCain Day! cc:@realDonaldTrump #BoneSpurs #ImpeachTrumpNow #TrumpIsATraitor https://t.co/TbAa1bKBui,eng,hasoc_en_3197,0,0,0,0,0,0,0,0,0,0,0,0
@torysmasher This 👇   #BorisJohnsonShouldNotBePM   #EVER     https://t.co/1SRpbCQxUw,eng,hasoc_en_3198,0,0,0,0,0,0,0,0,0,0,0,0
@ReutersUS Did he call for #Kushner to bring out the #BoneSaws?     #MBS  #MURDERER,eng,hasoc_en_3200,0,0,0,0,0,0,0,0,0,0,0,0
@HillaryPix I love her - sad to think what we missed out on.. #FuckTrump,eng,hasoc_en_3202,0,0,0,0,0,0,0,0,0,0,0,0
@ICC Icc Want Not any Asian Team come in Semi Final.    Not any Single match of England effected by rain.    #ShameOnICC,eng,hasoc_en_3203,0,0,0,0,0,0,0,0,0,0,0,0
@pankhuripathak @myogiadityanath @Uppolice Govt of India &amp,eng,hasoc_en_3206,0,0,0,0,0,0,0,0,0,0,0,0
@MrJonCryer So his “joke” about her committing treason was referring to her sex strike,eng,hasoc_en_3208,0,0,0,0,0,0,0,0,0,0,0,0
Killer Robert shulman   A Headless corpse with its legs severed was discovered at the Brooklyn recycling plant #murderer #deathrow #truecrimeaddict #crimebydesign https://t.co/2uhFvRfv9V,eng,hasoc_en_3209,0,0,0,0,0,0,0,0,0,0,0,0
@JasonOverstreet @ewarren @ewarren ALL the way... to the @WhiteHouse 💥 #FUCKTRUMP,eng,hasoc_en_3212,0,0,0,0,0,0,0,0,0,0,0,0
Nature and urban. Dancing together like in harmony. I think we ALL just learned something. Didn’t we. From not just nature. Not just urban. But from... the dance :) #rainbow #myafternoonwalk #dickhead https://t.co/NW9zxJuR1J https://t.co/2f9goqwTbw,eng,hasoc_en_3213,0,0,0,0,0,0,0,0,0,0,0,0
@karoljeanne11 @Psychictaxi @MrsUsa3 @RED_IN_PA @Real_AzKyle @judgejed1 @TwistedOne96 @rogueranger23 @Randal68052371 @RickLRobbins @unctarheels5633 @wwoodward921 @JoItalia_PhD @cyberwalkers @saywhn @david92264 @KirolosSam @Long1Ryder @SRex41563921 @Romesb,eng,hasoc_en_3214,0,0,0,0,0,0,0,0,0,0,0,0
@ShobhaBJP Madam why you never spoke about #TGSFraud &amp,eng,hasoc_en_3215,0,0,0,0,0,0,0,0,0,0,0,0
Imagine a world in which @realDonaldTrump isn't the biggest scumbag in it.    Go ahead and try.  It's impossible.    One day these men will have justice.  One day America will have justice.    #FuckTrump https://t.co/IzR4JT91Zt,eng,hasoc_en_3218,0,0,0,0,0,0,0,0,0,0,0,0
The University of Alabama Will Return $21.5 Million After the Donor Denounced the State’s Abortion Law #Resist #ResistTrump #FuckTrump https://t.co/j7sgcq4rAd,eng,hasoc_en_3219,0,0,0,0,0,0,0,0,0,0,0,0
@seattletimes @Pauledroberts He should be tarred and feathered! No more @SteMichelle 🍷for me. 🖕 #boycott #murderer,eng,hasoc_en_3220,0,0,0,0,0,0,0,0,0,0,0,0
Trump Sides With North Korea Against the CIA #Resist #ResistTrump #FuckTrump https://t.co/RpLoZVCS5r,eng,hasoc_en_3221,1,0,0,0,0,0,0,0,0,0,0,1
@mlfinches @mikeedw56668977 Happy #JohnMcCainDay !!    #TrumpIsATraitor,eng,hasoc_en_3222,0,0,0,0,0,0,1,0,0,0,1,1
@realDonaldTrump Hard pass on anything you’d recommend. But I did order this one:  https://t.co/kdWNLSh0Cn  #FuckTrump,eng,hasoc_en_3223,0,0,0,0,0,0,0,0,0,0,0,0
@NBCNews Exclusive: This #douchebag likes our #douchebag @potus  Maybe they can get adjoining cells.  #PrisonForTrump,eng,hasoc_en_3225,0,0,0,0,0,0,0,0,0,0,0,0
@MamataOfficial to amend laws to bring more insiders like #Rohingyas and #Bangladeshis into medical education and send outsider Indians out !  #SaveBengal #Savethedoctors #MamataBanerjee losing control over #WestBengal #DoctorsFightBack,eng,hasoc_en_3226,0,0,0,0,0,0,0,0,0,0,0,0
@loretta_stiles @54cpo @tonyschwartz @gtconway3d Have you read the Mueller Report? You can randomly pick a page and it's shocking how grimy he and his associates behaved. #trump #TrumpIsATraitor,eng,hasoc_en_3227,1,0,0,0,0,0,0,0,0,0,0,1
@realDonaldTrump I’m definitely feeling harassed by you at this point. So we finally agree on something! #PresidentialHarassment #MyPresidentIsHarassingMe #FuckTrump #WhoseTheCreeperInTheWhiteHouse,eng,hasoc_en_3228,0,0,0,0,0,0,0,0,0,0,0,0
Did the intelligence committee find any intelligence in @DonaldJTrumpJr ? Asking for people who don't lie to congress. #TrumpIsATraitor #TrumpMustResign,eng,hasoc_en_3230,0,0,0,0,0,0,0,0,0,0,0,0
@sineadrousse @NSRoundtable @ofirgendelman Trump is a #racist and a #rapist! #KatieJohnson,eng,hasoc_en_3232,1,0,0,0,0,0,0,0,0,0,0,1
@GOP Hard pass.  #TrumpIsATraitor https://t.co/WqnxlUWt1Y,eng,hasoc_en_3233,0,0,0,0,0,0,0,0,0,0,0,0
@realDonaldTrump TRAITORS THROUGH AND THROUGH. #FUCKTRUMP #AmericansForImpeachment https://t.co/HSl7cRFN2s,eng,hasoc_en_3235,0,0,0,0,0,0,0,0,0,0,0,0
And for my next roll 🎭 .... say hello to #Liz ... she’s #belting ... and well a #murderer 🤷🏻‍♀️ #Chicago #chicagothemusical #amateur #musical #theatre ❤️🎶🎭 #Wilton https://t.co/kCqHx7PZqv https://t.co/HeC3jZVsgf,eng,hasoc_en_3236,0,0,0,0,0,0,0,0,0,0,0,0
#DhoniKeepsTheGlove instead of focusing on Dhoni’s gloves ICC should focus on improving umpiring.,eng,hasoc_en_3237,0,0,0,0,0,0,0,0,0,0,0,0
Why the FUCK did Doris mention demar lmfaooooo. #dickhead,eng,hasoc_en_3238,0,0,0,0,0,0,0,0,0,0,0,0
I can’t watch When They See Us again I get too damn angry and I cry every time throughout the whole series. #FuckTrump,eng,hasoc_en_3239,0,0,0,0,0,0,0,0,0,0,0,0
#AMERICA didn’t even win the #NBAFinals. Thanks #Trump #FuckTrump,eng,hasoc_en_3240,1,0,0,0,0,0,0,0,0,0,0,1
Becaaauuusssse ... thinks to self *I'm lying right now* #TrumpIsATraitor #TrumpRussia https://t.co/H1OJgA0Mr2,eng,hasoc_en_3241,0,0,0,0,0,0,0,0,0,0,0,0
Beat me to it.    #DoucheBag https://t.co/MSB8ympIsg,eng,hasoc_en_3243,0,0,0,0,0,0,0,0,0,0,0,0
Surely there are bigger fish to fry you bell-end?!!? @BorisJohnson #ToryLeadership #BorisJohnsonShouldNotBePM #borisjohnson https://t.co/hEbm6hoKn7,eng,hasoc_en_3244,0,0,0,0,0,0,1,0,0,0,1,1
@JustinTrudeau And you throw away millions of our tax dollars EACH DAY !   And lately to kill babies in the womb worldwide.  #Murderer.,eng,hasoc_en_3246,0,0,0,0,0,0,1,0,0,0,1,1
@realDonaldTrump I hate @comcast #They killed or had someone kill my mom. I swear to #God and I have @PTSD from it. I wouldn’t just say that on @Twitter or #Facebook. My mom died at 61 and was completely over heart failure and goes to #Jamaica and the nex,eng,hasoc_en_3247,0,0,0,0,0,0,1,0,0,0,1,1
He probably.. or should've got mashed on.  #forsure #dickhead https://t.co/2WcA0tH9HW,eng,hasoc_en_3248,0,0,0,0,0,0,0,0,0,0,0,0
Said one con man to another #bogus #fraud #scam #corruption #TrumpIsATraitor https://t.co/seBBoFo3Hy,eng,hasoc_en_3250,0,0,0,1,0,0,0,0,0,0,0,1
@Salon @realDonaldTrump isn't only a gangster but #DelusionalDonald #TrumpIsATraitor #TrumpsAnInternationalDisgrace #TrumpsWorseThanNixon #TrumpIsADisgrace #TrumpIsAFraud #TrumpIsAMoron #TrumpIsTheEnemyOfThePeople #TrumpIsANationalSecurityThreat that's wh,eng,hasoc_en_3251,0,0,0,0,0,0,0,0,0,0,0,0
The only serving this douchebag should be doing is a prison sentence. #ReincePreibus #Douchebag #TuesdayThoughts https://t.co/KbZ38pi8pl,eng,hasoc_en_3252,0,0,0,0,0,0,0,0,0,0,0,0
#DoctorsFightBack  Give them proper environment https://t.co/sZaLkCdnsL,eng,hasoc_en_3253,0,0,0,0,0,0,0,0,0,0,0,0
@PeterDilworth1 @jeremycorbyn @Andrew_Adonis @SeumasMilne @BenPBradshaw @LenMcCluskey @Keir_Starmer @EmilyThornberry @BarryGardiner @johnmcdonnellMP @RLong_Bailey @AngelaRayner @HackneyAbbott @UKLabour Let's wait till #BorisJohnsonShouldNotBePM will expla,eng,hasoc_en_3255,0,0,0,0,0,0,0,0,0,0,0,0
I’ve seen racer chases in women but this guy on your left is definitely a driver chaser.   #looser #whenthemoneyrunsupyouwillbeforgotte #nascar #douchebag #wannabe #sucks #greatjobatbeingadouchebag https://t.co/4CO1Pv2OeF,eng,hasoc_en_3256,0,0,0,0,0,0,0,0,0,0,0,0
#ShameOnICC why icc choose England.....try next time sudan,eng,hasoc_en_3257,0,0,0,0,0,0,0,0,0,0,0,0
What he really means is 'Jesus would never allow #Trump &amp,eng,hasoc_en_3258,1,0,0,0,0,0,0,0,0,0,0,1
This right here is another justified reason for me to say #FuckTrump https://t.co/iEZS4Mxbqr,eng,hasoc_en_3259,0,0,0,0,0,0,0,0,0,0,0,0
@pastramimachine This lobster is obviously smarter then pres.Trump #TrumpIsATraitor,eng,hasoc_en_3261,1,0,0,0,0,0,0,0,0,0,0,1
@JohnFetterman @GovernorTomWolf @realDonaldTrump Damn right Mr. Fetterman! Pennsylvania is gonna be one of the deciding states that purge Trump and his Repugnant party from office! We are going to be a solid 🔵 BLUE state again! #FuckTrump,eng,hasoc_en_3262,1,0,0,0,0,0,0,0,0,0,0,1
Everybody needs to know what's behind the front #BorisJohnson presents - do we want this man as our next Prime Minister? #BorisJohnsonShouldNotBePM https://t.co/MO6qOk3hQK,eng,hasoc_en_3264,0,0,0,1,0,0,0,0,0,0,0,1
@rajnathsingh ji are presstitutes authorised to belittle/disrespect the Officers &amp,eng,hasoc_en_3266,0,0,0,0,0,0,0,0,0,0,0,0
@Arijitk25738833 @cricketworldcup @ICC @ECB_cricket @englandcricket @BCCI Nonsense. Weather predictions now a days has improved such that you can predict fairly well before 15 days. What @icc is doing?? Sleeping or planning for some post match interviews.,eng,hasoc_en_3267,0,0,0,0,0,0,1,0,0,0,1,1
Biden leading Trump by 16 in Pennsylvania  Biden leading Trump by 10 in Wisconsin  Biden leading Trump by 7 in Florida  Trump leading Biden by 2 in Texas    #FuckTrump https://t.co/J3vimNrMwz,eng,hasoc_en_3268,1,0,0,0,0,0,0,0,0,0,0,1
@realDonaldTrump FAKE post from the FAKE/ILLEGITIMATE President!    #TrumpIsATraitor   #TrumpIsADisgrace   #ImpeachTrumpNow,eng,hasoc_en_3269,0,0,0,0,0,0,0,0,0,0,0,0
@Restart_512 @Restart_iran201 @realDonaldTrump @foxandfriends @FoxNews This is not a GREAT president! #fucktrump #trumpsanidiot #resist #DerangedDonald #TrumpCriminalInvestigations #ImpeachDonaldTrumpNOW https://t.co/DVC2HSWdi1,eng,hasoc_en_3270,0,0,0,0,0,0,0,0,0,0,0,0
The best part about #HappyJohnMcCainDay is that it is #JohnMcCainDay and not Trump Day. #FuckTrump. https://t.co/OSOXErbXZ7,eng,hasoc_en_3273,1,0,0,0,0,0,0,0,0,0,0,1
@SenTedCruz Didnt you vote to repeal Sanction for Oleg Deripaska and Rusal? Doesnt Rusal process Aluminum for Nuclear Devices? Do you work for the US or Russia? Hypocrite Much? #TrumpTantrum #TrumpIsATraitor #TrumpCrimeFamily #TrumpConcentrationCamps #Tru,eng,hasoc_en_3276,0,0,0,0,0,0,0,0,0,0,0,0
@realDonaldTrump #dickhead Donald is a #disgrace to The USA not so much to his family because they are all #criminals like #Individual1 who makes disgusting statements EVERY single day. On American or Foreign soil. #LockHimUp #VoteBlue2020 #ImpeachTrumpNo,eng,hasoc_en_3277,0,0,0,0,0,0,0,0,0,0,0,0
@OblivionVivian No he's not.   #Assange is not a #rapist  https://t.co/M4sfW7csXC,eng,hasoc_en_3280,0,0,0,0,0,0,0,0,0,0,0,0
@SBSNews He should have received the death penalty as did his victim. #Murderer,eng,hasoc_en_3281,0,0,0,0,0,0,1,0,0,0,1,1
@NOLAnews All these states legalizing Medically Assisted Suicide But won’t Legalize #Castrating #Rapist,eng,hasoc_en_3283,0,0,0,0,0,0,0,0,0,0,0,0
😂😂😂😂😂😂 fucking dumbass. He's probably never even finished a book. #TrumpsWorseThanNixon #TrumpsAnInternationalDisgrace #TrumpIsNotAboveTheLaw #TrumpIsAMoron #TrumpIsATraitor https://t.co/AEWxZSjtXv,eng,hasoc_en_3284,0,0,0,0,0,0,0,0,0,0,0,0
Good riddance to this lying sack!  #TrumpIsATraitor   #TrumpMustResign   #JohnMcCainDay   #SarahSandersResigns https://t.co/iNe4UKeee4,eng,hasoc_en_3286,0,0,0,0,0,0,0,0,0,0,0,0
#Assange is not a #rapist  https://t.co/M4sfW7csXC,eng,hasoc_en_3287,0,0,0,0,0,0,0,0,0,0,0,0
#JohnMcCainDay not @realDonaldTrump day.  #FuckTrump https://t.co/fpBxa14G7S,eng,hasoc_en_3289,0,0,0,0,0,0,0,0,0,0,0,0
@RepDougCollins @TheJusticeDept Look what's trending:  #JohnMcCainDay #JohnMcCainDayJune14 #JohnMcCainDayJune14th #JohnMcCainAmericanHero   vs.  #TrumpIsATraitor #TrumpTreason  #TrumpsAnInternationalDisgrace #TrumpResignNow #TrumpCriminalInvestigations #T,eng,hasoc_en_3290,0,0,0,0,0,0,0,0,0,0,0,0
#FuckTrump💩  #FuckPompeo💩    Vijay Prashad: U.S. Rushes to Blame Iran for Tanker Attacks as Much of World Pushes for Diplomacy https://t.co/BYraWUwKIQ via @democracynow,eng,hasoc_en_3291,0,0,0,0,0,0,0,0,0,0,0,0
@ABCWorldNews @GStephanopoulos @ABC @marykbruce It’s about time. Reagan is probably rolling over in his grave over the treasonous acts of this POTUS @SpeakerPelosi said she was going to get thing done &amp,eng,hasoc_en_3293,0,0,0,0,0,0,0,0,0,0,0,0
@77turnbull @RobertGEdge @C4Debate Some mischievous Labour whip probably promised lap dancers. #BorisJohnsonShouldNotBePM https://t.co/zC8ZnzDioH,eng,hasoc_en_3294,0,0,0,0,0,0,0,0,0,0,0,0
@AuntieJ10 @Lou_S_Stools @NancyGrace He’s trying to BE relevant. #Murderer,eng,hasoc_en_3295,0,0,0,0,0,0,0,0,0,0,0,0
@KellyannePolls to Leave @WhiteHouse Immediately and Begin New Job at Kremlin    https://t.co/4NZ3HtqCdk    #FuckTrump #ImpeachTrumpNow,eng,hasoc_en_3296,0,0,0,0,0,0,0,0,0,0,0,0
Longterm solution such as pressurising central govt. to make a bill about safety of your workspaces and overall more attention to healthcare.Don't make this a fight betwn TMC&amp,eng,hasoc_en_3297,0,0,0,0,0,0,0,0,0,0,0,0
@StephenBright @oakaged22 It should be National John McCain day because #FUCKTRUMP !!!,eng,hasoc_en_3299,0,0,0,0,0,0,1,0,0,0,1,1
Carry on doing your job this is what is wrong in the world no respect for anybody and he is in the public eye #dickhead https://t.co/jEvDnLR6wt,eng,hasoc_en_3300,0,0,0,0,0,0,0,0,0,0,0,0
Happy #JohnMCainDay @realDonaldTrump #IdiotTrump #TraitorTrump,eng,hasoc_en_3301,0,0,0,0,0,0,0,0,0,0,0,0
@Third2firstworl @BorisJohnson Don't be ridiculous! He is seeking the job of leading the country &amp,eng,hasoc_en_3302,0,0,0,0,0,0,0,0,0,0,0,0
@joncoopertweets Trump doesn’t pay his bills - he never has and never will - u must sue him in court #TrumpIsATraitor #45IsAcriminal #TrumpCrimeFamily #McConnellMustGo #McConnellChaoCorruption,eng,hasoc_en_3303,1,0,0,0,0,0,0,0,0,0,0,1
Trump asserts executive privilege over Census documents. THIS IS TOTAL FUCKING BULLSHIT!! Are there no limits to the power of this DICTATOR?! What are the grounds for the executive privilege? #FuckTrump  https://t.co/WTkOpkLMit,eng,hasoc_en_3304,1,0,0,0,0,0,1,0,0,0,0,1
@SecPompeo #USAisTerrorists  #FakeNews  #WarCriminals  #FalseFlag  #Liars  #Iraq #WMD  #Lybia   #Syria  #Afghanistan #PoppyFields  #Venezuela   #Chile #Pinochet  #USRegimeChangeWars  #Washington threat to world peace  #StopArmingTerroristsAct  #OperationN,eng,hasoc_en_3305,0,0,0,0,0,0,0,0,0,0,0,0
'It´s a problem of trust.'   #BorisJohnsonShouldNotBePM https://t.co/67GXK0er2j,eng,hasoc_en_3306,0,0,0,0,0,0,0,0,0,0,0,0
#ENGvWI  #ShameOnICC   I love hearing voice of Michael Holding     One thing I love abt him he is honourable Man.  Man live by dignity.,eng,hasoc_en_3310,0,0,0,1,0,0,0,0,0,0,0,1
@NegarMortazavi @csdickey ”At the end of the day they (wars) are about little girls in fiberboard coffins.” #FuckTrump and US foreign policies. It’s all about others little girls in coffins.,eng,hasoc_en_3311,0,0,0,0,0,0,0,0,0,0,0,0
@shepnewsteam is explaining the law of supply and demand pertaining to umbrellas during rainstorms?  GTFO you moron.  #FoxNews #Douchebag,eng,hasoc_en_3312,0,0,0,0,0,0,0,0,0,0,0,0
#TrumpIsATraitor   #ImpeachTrumpNow   You have accomplished NOTHING except TOTAL DESTRUCTION of the  achievements of your Respected Predecessor which benefitted the USA. You are DEMOLISHING everything THAT MADE AMERICA GREAT.   YOU REALLY ARE AN UTTER MORON. https://t.co/jFTIqRaPl2,eng,hasoc_en_3314,0,0,0,0,0,0,0,0,0,0,0,0
#TrumpIsATraitor &amp,eng,hasoc_en_3315,0,0,0,0,0,0,0,0,0,0,0,0
Couldn’t get around @SteveBuckwalter so @WindomChris decided to just flat out take him out. Nice move there bud #dickhead,eng,hasoc_en_3316,0,0,0,0,0,0,0,0,0,0,0,0
@chelseahandler I’ve already blocked #OJSimpson There is nothing that he has to say that I want to know #murderer #felon,eng,hasoc_en_3317,0,0,0,0,0,0,0,0,0,0,0,0
@pastorlocke UR FAKE PRESIDENT SUPPORTS ALL OF THE ABOVE #PROSTITUTES #ADULTERER #PUTTINGKIDSINCAGES #LYING #STEALING #CHEATING #RACIST #RAPIST #ABUSER #KKK this is the evangelical cr@p... all lies to makes huge $$$$$,eng,hasoc_en_3320,0,0,0,0,0,0,0,0,0,0,0,0
@cabodude @PalmerReport Quack Quack Quack    #fucktRump,eng,hasoc_en_3321,0,0,0,0,0,0,0,0,0,0,0,0
Could this be our new Prime Minister who will unite the country? #RichWhiteManPrivilege #DickHead  https://t.co/ByBlT939Zs,eng,hasoc_en_3325,0,0,0,0,0,0,0,0,0,0,0,0
@SenSchumer DO NOT FORGOT YOU WANYED BORDERS CLOSED AND ILLEGALS OUT. #DICKHEAD,eng,hasoc_en_3327,0,0,0,0,0,0,0,0,0,0,0,0
Befitting reply to the section of media only looking for controversy. #DhoniKeepsTheGlove #dhonigloves https://t.co/BtT9G2yYJ1,eng,hasoc_en_3328,0,0,0,0,0,0,0,0,0,0,0,0
Dear @ICC  pls concentrate on real issues. Don't make issues. @BCCI #ICCWC2019 #DhoniKeepsTheGlove  #Dhonikesaathdesh https://t.co/AoYkx8obob,eng,hasoc_en_3329,0,0,0,0,0,0,0,0,0,0,0,0
Trump Showed Us Three Different Times in the Past Week Why He Can’t Be Trusted With Sensitive Information #Resist #ResistTrump #FuckTrump https://t.co/3C42mM3QpR,eng,hasoc_en_3330,1,0,0,0,0,0,0,0,0,0,0,1
Junior Doctors- we want security  Mamata Banerjee- cannot be done    Junior doctors- you have to apologize  Mamata Banerjee-  #DoctorsFightBack https://t.co/5w7N1YhiF8,eng,hasoc_en_3331,0,0,0,0,0,0,0,0,0,0,0,0
All the best to #TeamIndia for another swimming competition on Sunday against #Pakistan.     #INDvPAK #ShameOnICC  #CWC19 #CWC19Rains ☔☔ https://t.co/8p3k7VZ6Dp,eng,hasoc_en_3333,0,0,0,0,0,0,0,0,0,0,0,0
@narendramodi @ibusolih Sir what about #DhoniKeepsTheGlove issue??,eng,hasoc_en_3334,0,0,0,0,0,0,1,0,0,0,1,1
@universal2016 #ShameOnICC  ICC want something  fast and result  some one meet yamdut #WorldCup2019 https://t.co/LaAeT3nfBh,eng,hasoc_en_3335,0,0,0,0,0,0,0,0,0,0,0,0
#FuckTrump #ImpeachmentNOW  Can this turd not be impeached on mental health grounds?  https://t.co/e24EZaJSeA,eng,hasoc_en_3336,0,0,0,0,0,0,0,0,0,0,0,0
@MTPSU1987 Thank you.   #JohnMcCainDay #BillionDollarLoser #GOPComplicitTraitors #gopcrimesyndicate #TrumpIsATraitor #TrumpTheGrifter #TrumpCrimeFamily #CadetBoneSpurs #TrumpRussia #TrumpObstructedJustice https://t.co/cAvdrG2ucx,eng,hasoc_en_3337,0,0,0,0,0,0,0,0,0,0,0,0
#FuckTrump  DEMS SUCK  .    .    .  .  .  .  .  .  .    .    .    .  .DEMS SUCK  .  .  .  .  .  .  .  .  .  .  .  .  .  .  .  .    .  .  .  .    .  .    DEMS SUCK  .  .  .  .  .  .  .    .  .    .  .    .    .  .    DEMS SUCK    .  .  .  .  .  .    .    .  .    HAHA HAHA HAHA https://t.co/lgFG1pHN0e,eng,hasoc_en_3339,0,0,0,0,0,0,0,0,0,0,0,0
#twiter is the place #OJSimpson will hunt for the 'real' killer oh wait #ojDidIT #murderer of #RonGoldman &amp,eng,hasoc_en_3341,0,0,0,0,0,0,0,0,0,0,0,0
Did some top DGP / ADGP refuse to head SIT to probe #IMAfraud?    Did police officials fear ruin of their career over probing 'political' leaders?    Did Muslims get betrayed by leaders they vote?     Siddaramaiah fans need a reality check. https://t.co/Q8fbGymmiQ,eng,hasoc_en_3344,0,0,0,0,0,0,0,0,0,0,0,0
@advaithv7 @ck5444 @SofiSpeaks @seekndestroy666 @FlirtingKaapi All I know is that white Western girls don't know a SHIT about dirty politics of place like South Asia. Most of them even don't know where Pakistan is? For e.g Trump didn't know Bangladesh Nep,eng,hasoc_en_3345,1,1,0,0,0,0,0,0,0,0,0,1
@TomthunkitsMind Stuck his foot in his traitorous mouth! Everyone knows you can't serve more than 2 and he won't serve more than 1! #Resistance #ImpeachTrumpNow #TrumpIsATraitor,eng,hasoc_en_3346,0,0,0,0,0,0,0,0,0,0,0,0
@ANINewsUP @zoo_bear Stone to death.    #Rapist,eng,hasoc_en_3347,0,0,0,0,0,0,1,0,0,0,1,1
My two new recliners just arrived. And this weekend I’m going to Hawaii. But ...you have kids...awesome! 😆😆😆 #dickhead 💜💜💜,eng,hasoc_en_3348,0,0,0,0,0,0,0,0,0,0,0,0
A Chinese takeaway was more important!  #BorisJohnsonShouldNotBePM   #notfittolead https://t.co/EUl7Jbvcyx,eng,hasoc_en_3349,0,0,0,0,0,0,0,0,0,0,0,0
@JohnOSullivan36 @cheryltaylor204 I support my local vineyards here in California. Less carbon footprint &amp,eng,hasoc_en_3352,0,0,0,0,0,0,0,0,0,0,0,0
#ShameOnICC You should be ashamed on yourself for ruining the WC 2019. You certainly a biggest dumb in the world for selecting wrong venue to WC 2019 @ICC Shame on you jerk....  #ICCruinedWC2019,eng,hasoc_en_3353,0,0,0,0,0,0,0,0,0,0,0,0
Didn't know the striking doctors have been chanting 'Jai Shree Ram' #DoctorsFightBack https://t.co/8WxqETtiRt,eng,hasoc_en_3355,0,0,0,0,0,0,0,0,0,0,0,0
Boris Johnson: a charlatan with bravado. Barely a word he spoke was trustworthy | Polly Toynbee https://t.co/bYbniZTKYF #BorisJohnsonShouldNotBePM #ToriesOut,eng,hasoc_en_3357,0,0,0,0,0,0,0,0,0,0,0,0
#DoctorsFightBack THIS REMINDS ME OF THE  NAVNIRMAN ANDOLAN IN GUJARAT  OF1993/1994 WHICH ENDED WITH THE OUSTER OF THE THEN CM CHIMAN PATEL. @MamataOfficial HAS GONE MUCH AHEAD OF CHIMAN &amp,eng,hasoc_en_3358,0,0,0,0,0,0,0,0,0,0,0,0
@realDonaldTrump @foxandfriends Dear Mayor of Orlando: demand cash up front!    #TrumpCrimeFamily   #TrumpIsATraitor   #TrumpIsNotAboveTheLaw,eng,hasoc_en_3360,0,0,0,0,0,0,0,0,0,0,0,0
@realDonaldTrump PUTIN’S PUPPET TWEETS!    .    .    .    .    .    .    .    .    .    .    .    .    .    .    .    .    .    .    .    .    .    .    .    .    .    .    .    .    .    .    .    .    .    .    .    .    .    .    .    .    .    .    .,eng,hasoc_en_3361,0,0,0,0,0,0,0,0,0,0,0,0
#Despotus reminds me of some of the most idiotic frat boys I met in college. #fucktrump #scrotus,eng,hasoc_en_3364,0,0,0,0,0,0,0,0,0,0,0,0
Fucking #Trump is ruining everything!!!! My poor #smallbusiness 😿 #fucktrump #TrumpResignNOW https://t.co/TrRwNf8XzI,eng,hasoc_en_3365,1,0,0,0,0,0,1,0,0,0,0,1
@GOP @realDonaldTrump Wishing all of you #GOPbastards a  very peaceful #JohnMcCainDay.     Why not celebrate the memory of a  true American Patriot by getting rid  of the treasonous criminal in the  White House? 🇺🇸🙂👍      #TrumpIsATraitor   #LockHimUp,eng,hasoc_en_3367,0,1,0,0,0,0,0,0,0,0,0,1
Worst World Cup #RainStopsMatch #ShameOnICC BCCI can organize the entire world cup more efficiently https://t.co/r7jilqjyej,eng,hasoc_en_3368,0,0,0,0,0,0,0,0,0,0,0,0
@realDonaldTrump is still presisent. Is there anything we can do about making him ex-president? #NotMyPresident #JohnMcCainDay #fucktrump #ImpeachTrumpNow #orangemenace,eng,hasoc_en_3369,0,0,0,0,0,0,0,0,0,0,0,0
@cricketworldcup #ShameOnICC   We Enjoyed Rain only,eng,hasoc_en_3371,0,0,0,0,0,0,0,0,0,0,0,0
@realDonaldTrump   #realdonaldtrump #fucktrump #trump2020  TODAY'S BATCH OF LIES FROM LYING BAG OF CRAP PREZTER THE MOLESTER    COMING ON TWITTER ANY MINUTE https://t.co/ZxJUPsMbI3,eng,hasoc_en_3372,0,0,0,0,0,0,0,0,0,0,0,0
#TraitorTot @realDonaldTrump is a fascist asshole himself.    #TrumpFascism is what he pathetically excels at and can't deny the fact that he's responsible for destroying our country on the world stage.    #TrumpIsADisgrace #TrumpsWorseThanNixon #TRUMPSUNFIT #TrumpIsATraitor https://t.co/Y5iW8Is7o5,eng,hasoc_en_3376,0,0,0,0,0,0,0,0,0,0,0,0
#BorisJohnson’s contribution to the debate about fire prevention in London. “Get stuffed.” #Grenfell #BorisJohnsonShouldNotBePM https://t.co/Kskh5w1Mct,eng,hasoc_en_3377,0,0,0,0,0,0,0,0,0,0,0,0
#Imafraud If believe too much in religious beliefs u will be fooled easily...  #IMAFraudCase https://t.co/5k0UEUyQJp,eng,hasoc_en_3380,0,0,0,0,0,0,0,0,0,0,0,0
Sunday matchum rain varum pola ...    Fuck world cup     #ShameOnICC,eng,hasoc_en_3382,0,0,0,0,0,0,0,0,0,0,0,0
@manakgupta @MamataOfficial 200 Rohingya muslim voters are more valuable to Mamta Bano @MamataOfficial   than 700 qualified hindu doctors. This is what secularism in India has stooped down to. Irony is that Rohingya don't even speak Bangla.  #DoctorsFight,eng,hasoc_en_3384,0,0,1,0,0,0,0,0,0,0,0,1
@ICC @cricketworldcup what is this icc..is there  no religious practice in cricket field?? How can u partial towards nation and different rule for different country? #ShameonICC https://t.co/OPS21dgAMY,eng,hasoc_en_3385,0,0,0,0,0,0,1,0,0,0,1,1
Oh did they organize under water #WorldCup2019 😅😂🤣#ShameOnICC.Pity on #ICC,eng,hasoc_en_3386,0,0,0,0,0,0,0,0,0,0,0,0
@cricketworldcup @BCCI Stopping @msdhoni from wearing the Glove would mean stopping English players from wearing the poppy. Would @ICC do that? There is nothing wrong in displaying a spirit of nationalism after all it’s an international tournament. #Dhoni,eng,hasoc_en_3387,0,0,0,0,0,0,0,0,0,0,0,0
#fucktrump but love this J’s 😝 😅 https://t.co/x79B7WUiaK,eng,hasoc_en_3388,0,0,0,0,0,0,0,0,0,0,0,0
@joncoopertweets He’s famous for stiffing people. They need to tell him to pay up front or bring his own security. Going forward anyone getting stiffed can’t say they didn’t know. #fuckTrump #HappyJohnMcCainDay,eng,hasoc_en_3390,0,0,0,0,0,0,0,0,0,0,0,0
!!! !!! WE 'KNOW' YOU ARE A 'LOW-LIFE' - #MURDERER AND GUILTY-OF #KILLING #NICOLEBROWNSIMPSON AND #RONGOLDMAN ... AN #INNOCENT 'MAN' DOESN'T #RUN !!! !!! ///  #KILLER #KILLER #KILLER  #OJSimpson //////////////// https://t.co/X6jSG5z7xM,eng,hasoc_en_3391,0,0,0,1,0,0,1,0,0,0,0,1
BCCI has given ICC too much autonomy 😁😁    #DhoniKeepsTheGlove,eng,hasoc_en_3393,0,0,0,0,0,0,0,0,0,0,0,0
@AndyBitterVT Wow what are they thinking??? Liberty &amp,eng,hasoc_en_3394,0,0,0,0,0,0,1,0,0,0,1,1
So those people cocooning #borisjohnson and ensuring he’s doesn’t do/say anything to further his reputation as a #bunglingbuffoon you do know your going to have to let him loose to fight his own campaign! And #hewillslipup #healwaysdoes #amatteroftime #BorisJohnsonShouldNotBePM,eng,hasoc_en_3395,0,0,0,0,0,0,0,0,0,0,0,0
#fucktrump #trump2020  TRUMP IS A USELESS FUCKING IDIOT    HIS COMMENTS IN BIDEN HAVE NO VALUE    EXCLUSIVE: President Trump hits Joe Biden on policy flips: 'He has recalibrated on everything' - ABC News -  via @ABC https://t.co/EDwJ3dEZkq,eng,hasoc_en_3397,1,0,0,0,1,0,0,0,0,0,0,1
@13thPanther This is a life or death vote for many.  #VoteBlueToSaveAmerica   #TrumpIsATraitor,eng,hasoc_en_3398,0,0,0,0,0,0,1,0,0,0,1,1
How about we all agree to never take health advice from a celebrity (looking at you @JessicaBiel ) and to never again elect one as president? Ok. Good talk. Thanks.  #antivaxxers #fuckouttahere #ImpeachmentInquiryNow #fucktrump #ThursdayThought,eng,hasoc_en_3399,0,0,0,0,0,0,0,0,0,0,0,0
@RakestrawJeff The #trump family!  #Trump #TrumpIsATraitor #TrumpResign,eng,hasoc_en_3400,1,0,0,0,0,0,0,0,0,0,0,1
Reported payments could threaten NRA's existence #Resist #ResistTrump #FuckTrump https://t.co/O2sXQjycsc,eng,hasoc_en_3401,0,0,0,0,0,0,0,0,0,0,0,0
Mine is also country. @BCCI @ICC #DhoniKeSaathDesh #DhoniKeepTheGlove #DhoniKeepsTheGlove #Dhoni #DhoniKeepBalidaanBadgeGlove https://t.co/zA98NJBCU4,eng,hasoc_en_3402,0,0,0,0,0,0,0,0,0,0,0,0
@msdfansofficial @msdhoni biggest theif of all time. he is a cheater. all his career match was fixed. he is nothing without match fixing.   #DhoniKeepsTheGlove #CWC19 #ICCWorldCup2019 #IndiaWithDhoni #India #BCCI #ICC #fixing #theif,eng,hasoc_en_3403,0,0,0,0,0,0,0,0,0,0,0,0
This is NOT surprising at all. Trump will try to start a war because he believes it will help him get re-elected. It's actually not necessary though if you're just going to cheat anyway. #TrumpIsATraitor https://t.co/AkeKLyF3wP,eng,hasoc_en_3404,1,0,0,0,0,0,0,0,0,0,0,1
@realDonaldTrump @SecPompeo Only #US government to recognize #Pakistan as a #TerroristNationPakistan https://t.co/6JtU7blj7V,eng,hasoc_en_3405,0,0,0,0,0,0,0,0,0,0,0,0
What Indian media keeps on priority  1. #DhoniKeepsTheGlove  2. #WorldCup2019   3. #PMVisitToMaldivesSrilanka  If there is something happens between Pakistan and India then it would be on top trending  @ZeeNewsHindi  @abpnewstv  @republic   @ndtvindia   Don't you think about #missingAN32,eng,hasoc_en_3408,0,0,0,0,0,0,0,0,0,0,0,0
@MollyJongFast @pearldot22 Unbelievable! WOMEN can NOT let this stand. #Alabama lawmakers want to go back to keeping women barefoot and pregnant even if in the case of rape. Rape is an an act of extreme VIOLENCE! A #rapist shouldn’t have ANY say after com,eng,hasoc_en_3409,0,0,0,0,0,0,0,0,0,0,0,0
@bringbackjackie @fauxmodoe @ofatlantis_sara @Sully4201 @RadioGunk @ARM34 @fillmorefingers @Nick__Manning @SmokeyMartling @BenjamenXXX @UncleLarry112 @1Rapscallion @eazy_dean @moongoddess422 @mophorex @HowardStern .LOL. I'd pay A LOT of money to see @howa,eng,hasoc_en_3411,0,0,0,0,0,0,0,0,0,0,0,0
We need to claim “Love it or leave it” as ours.  Say it to people who support the treason traitor occupying the White House.  #loveitorleaveit #ImpeachmentHearingsNow #TrumpIsATraitor,eng,hasoc_en_3414,0,1,0,0,0,0,0,0,0,0,0,1
Doctors are the most trusted and respected  human beings in the whole world except India. No political parties saying anything about this because they are learned people and not any party's votebank. Please @narendramodi  sir we asked for your response #DoctorsFightBack,eng,hasoc_en_3417,0,0,0,0,0,0,0,0,0,0,0,0
@ICC what's your problem if DHONI wear the balidaan badge on the gloves #keepthegloves   #DhoniKeepTheGlove   #DhoniKeepTheGlove   @icc your work is need to run the tournament properly  @ChennaiIPL   #WhistlePodu   #Yellove   #DhoniKeepTheGlove   #DhoniKe,eng,hasoc_en_3419,0,0,0,0,0,0,0,0,0,0,0,0
Happy #JohnMcCainDay     #ImpeachTrumpNow     #FuckTrump   #FuckTrumpJunior https://t.co/YQYuELZd7I,eng,hasoc_en_3420,0,0,0,0,0,0,0,0,0,0,0,0
#NormPattis is a scumbag attorney.  A mother of 5 is murdered and you act like a pompous arrogant prick. Good job douche your mother must be so proud of u. #fotisdulos GUILTY #DEATHPENALTY #MURDERER,eng,hasoc_en_3421,0,0,0,0,0,0,0,0,0,0,0,0
@SpeakerPelosi @LeaderHoyer @SenSchumer @DNC @DNCWarRoom Let's get this going. Now is the time! #ImpeachTrumpNow #ImpeachmentInquiryNow #ImpeachTrump #ImpeachBarr #ImpeachBarrNow #TrumpIsATraitor #TrumpCrimeFamily #TrumpConcentrationCamps https://t.co/mv5,eng,hasoc_en_3422,0,0,0,0,0,0,0,0,0,0,0,0
If @ICC is having issues with the number of logos on the gloves I’m sure SG can custom make one without their logo and only have the dagger insignia ? @BCCI @bhogleharsha @handankur #DhoniKeepsTheGlove https://t.co/pC3vQvE8R5,eng,hasoc_en_3423,0,0,0,0,0,0,0,0,0,0,0,0
@UKLabour Now someone who said this and seriously wants to be PM would never duck a TV debate surely #BorisJohnsonShouldNotBePM,eng,hasoc_en_3424,0,0,0,0,0,0,0,0,0,0,0,0
@TheRealOJ32 Did you find the real killer yet? #murderer,eng,hasoc_en_3426,0,0,0,0,0,0,0,0,0,0,0,0
@realDonaldTrump @RepAdamSchiff Just more lies from the Putin-installed #LiarInChief   #TrumpRussia   #TrumpIsATraitor,eng,hasoc_en_3427,0,0,0,0,0,0,0,0,0,0,0,0
A brilliant spoof of this moron being tipped by morons for PM. Goes to show just how embarrassing politics is in this small minded country. #BorisJohnsonShouldNotBePM https://t.co/vS7rO5zNbX,eng,hasoc_en_3428,0,0,0,0,0,0,0,0,0,0,0,0
#PutinPOTUS got another #LoveLetter from #Kim... claims a wonderful relationship with a #Murderer.    @realDonaldTrump says the #Remains &amp,eng,hasoc_en_3430,0,0,0,0,0,0,0,0,0,0,0,0
Retweet if you want Dhoni to keep the Balidan batch.   #DhoniKeepsTheGlove #DhoniAtCWC19 https://t.co/YAsDwcn5rm,eng,hasoc_en_3431,0,0,0,0,0,0,0,0,0,0,0,0
Donald Trump trails Joe Biden by double digits in new statewide Michigan poll - Detroit Free Press #FuckTrump https://t.co/hq0KQKbUUF,eng,hasoc_en_3432,1,0,0,0,0,0,0,0,0,0,0,1
Dear @ICC just improve your umpiring first then talk about this   #DhoniKeepsTheGlove  @BCCI https://t.co/Kkf1WrXfo9,eng,hasoc_en_3434,0,0,0,0,0,0,0,0,0,0,0,0
Wonderful guys - making money out of others misery - a brilliant #ToryPolicy.    #BorisJohnsonShouldNotBePM   #EVER https://t.co/w8Z2Dy2dxc,eng,hasoc_en_3436,0,0,0,0,0,0,0,0,0,0,0,0
Watch the GOP be silent about Trump in real time once again admitting he’d accept oppo research from a foreign power. Can’t blame the Dems on this one. #ComplicitGOP #TrumpIsANationalSecurityThreat #TrumpIsATraitor #LockTrumpUp #NeedToImpeach #ImpeachDonaldTrumpNOW https://t.co/5fBTcfH6Fm,eng,hasoc_en_3437,1,0,0,0,0,0,0,0,0,0,0,1
@xixianykus Assume they are no longer an acquaintance?!  #douchebag,eng,hasoc_en_3439,0,0,0,0,0,0,0,0,0,0,0,0
@GodcallsBS What an idiot. This asshole thinks he’s fucking #SamGiancana #FuckTrump,eng,hasoc_en_3440,0,0,0,0,1,0,0,0,0,0,1,1
@poulomir94 @AakankshaCharu @TimesNow @timesofindia @republic @MamataOfficial @MoHFW_INDIA @PMOIndia @AIIMSRDA The whole nation stands with the Doctors of WB.... #DoctorsFightBack,eng,hasoc_en_3442,0,0,0,0,0,0,0,0,0,0,0,0
@khushi2318 #Pakistan even wore a black band opposing #Israel and @ICC was completely fine with it 🤬🤬🤬    #DhoniKeepsTheGlove #BoycottWorldCup #BoycottICC,eng,hasoc_en_3443,0,1,0,0,0,0,0,0,0,0,0,1
Now we understand how the matches are designed! They are making sure only ENG will be match ready when it's time for Semis and all other teams matches get washed out! Desperate times! Desperate measures! 🤔🤨🤑  #CWC19 #ICCWorldCup2019 #ShameOnICC #ENGvWI,eng,hasoc_en_3444,0,0,0,0,0,0,0,0,0,0,0,0
@Kats_GA @essenviews Yep. Same here! I thought I was pretty savvy. I joined twitter cuz I knew #TrumpIsATraitor then I realized the whole GOP are nothing but scum. That was the real game changer for me. #FuckTrump and #FuckTheGOP,eng,hasoc_en_3445,0,0,0,0,0,0,0,0,0,0,0,0
The #douchebag of social media has greatly struck #again! https://t.co/zGlM9sNMKY,eng,hasoc_en_3446,0,0,0,0,0,0,0,0,0,0,0,0
The two unbeaten sides  India and new Zealand in #WorldCup2019 beaten by rain 😕😕  #ShameOnICC,eng,hasoc_en_3447,0,0,0,0,0,0,0,0,0,0,0,0
India won the toss nd choose to bat first .  India paying with same playing 11   Hope ki 350 cross kre india aj..  #INDvAUS #CWC19  #DhoniKeepsTheGlove https://t.co/anhcMA6Uv1,eng,hasoc_en_3448,0,0,0,0,0,0,0,0,0,0,0,0
For anyone to compare @FLOTUS to Jackie O is deplorable. #fucktrump,eng,hasoc_en_3450,0,0,0,0,0,0,0,0,0,0,0,0
I have more respect &amp,eng,hasoc_en_3451,0,0,0,0,0,0,0,0,0,0,0,0
The national disgrace. #FuckTrump https://t.co/6YVZdhRE4X,eng,hasoc_en_3453,0,0,0,0,0,0,0,0,0,0,0,0
Manipur doctors to support all India strike on Monday  #Manipur #Imphal #IMA #NRS #OPD #IndianMedicalAssociation #DoctorsStrike #DoctorsFightBack #AIIMS     https://t.co/3OZfWsTpf7,eng,hasoc_en_3454,0,0,0,0,0,0,0,0,0,0,0,0
#StayStrongDelhiSikhs #ISupportDelhiSikhs and yeah #FuckDelhiPolice  Yeh le tag bhi kar diya @DelhiPolice you will get international protests and be exposed soon.,eng,hasoc_en_3456,0,0,0,0,0,0,0,0,0,0,0,0
No weekend would be complete without some drilling hammering sawing and sanding from next door #dickhead,eng,hasoc_en_3457,0,0,0,0,0,0,0,0,0,0,0,0
@badendido @terrycurran_11 In my defence I do blame the local beer holy mother of Jesus it was strong 😵.. Because of the stoppage in the first half when the Ref blew for half time .. I thought it was full Time and started heading out the ground #dickhead,eng,hasoc_en_3460,0,0,0,0,0,0,0,0,0,0,0,0
@wics_abc20 Screw 45 and bring back Joe Crain!!  #JohnMcCainDayJune14th   #TrumpisaTraitor https://t.co/6vdIZt2gGg,eng,hasoc_en_3461,0,0,0,0,0,0,1,0,0,0,1,1
@MinhazMerchant @MamataOfficial If only plastics too had the self-destructive trait of Mamta Banerjee. #DoctorsFightBack #SaveBengal,eng,hasoc_en_3466,0,0,0,0,0,0,0,0,0,0,0,0
#Dhoni #DhoniKeepTheGlove #DhoniKeSaathDesh #DhoniKeepsTheGlove   Dear @ICC &amp,eng,hasoc_en_3467,0,0,0,0,0,0,0,0,0,0,0,0
Who's going to win today??  🇮🇳vs🇦🇺 #INDvAUS #INDvsAUS #CWC19 #cwc2019 #TeamIndia #CmonAussie  @BCCI @CricketAus #SundayThoughts #CricketWorldCup2019 #CricketMeriJaan #DhoniKeepsTheGlove #dhonigloves #ViratKohli #AaronFinch,eng,hasoc_en_3468,0,0,0,0,0,0,1,0,0,0,1,1
@wvjoe911 All old white men. Jesus help us.  #FuckEvangelicals #FuckTrump #FuckGOP,eng,hasoc_en_3469,0,1,0,0,0,0,0,0,0,0,0,1
@ABC @GStephanopoulos Beyond stupid. Cheetolini just wants to spend my taxes on a shiny new toy.  #FuckTrump,eng,hasoc_en_3471,0,0,0,0,1,0,0,0,0,0,1,1
'City of Joy' name should be replaced with 'City of Bhoy'...#DoctorsFightBack,eng,hasoc_en_3474,0,0,0,0,0,0,0,0,0,0,0,0
Trending of #ShameOnICC shows how much we are focussed over the real world needs.,eng,hasoc_en_3476,0,0,0,0,0,0,0,0,0,0,0,0
Me to icc:  #ShameOnICC https://t.co/3H5ezzdOlP,eng,hasoc_en_3478,0,0,0,0,0,0,0,0,0,0,0,0
@GOP NOT a cause for celebration.  #PutinsPuppet #DesperateDonald #TrumpIsATraitor #TrumpIsNotAboveTheLaw #ImprisonTrump https://t.co/OtJsPQMjvz,eng,hasoc_en_3480,0,0,0,0,0,0,0,0,0,0,0,0
@realDonaldTrump Correction: our Farmers need this because you continue to screw them with your “brilliant” trade strategies. #FuckTrump,eng,hasoc_en_3481,0,0,0,0,0,0,0,0,0,0,0,0
@countzpr R. Kelly is a Child Molester and Sexual Predator #pedophile #chomo #rapist #prison #rkelly Lock R. Up!!,eng,hasoc_en_3482,0,0,0,0,0,0,1,0,0,0,1,1
#ShameOnICC: Indian Fans Unleash Their Wrath Upon ICC After Another World Cup Washout https://t.co/GXyMdjhm1s,eng,hasoc_en_3483,0,0,0,0,0,0,0,0,0,0,0,0
@thehill But he didn't. #TrumpsWorseThanNixon #TrumpIsATraitor,eng,hasoc_en_3484,0,0,0,0,0,0,0,0,0,0,0,0
Don't let the door hit you on the ass on the way out!!! #Douchebag,eng,hasoc_en_3485,0,0,0,0,0,0,1,0,0,0,1,1
My Body My Choice. FU @realDonaldTrump. Love Trumps Hate #douchebag #stupid #MoronInChief #hatefulTrump https://t.co/vFsR2pIVNq,eng,hasoc_en_3486,0,0,0,0,1,0,0,0,0,0,1,1
When it comes to #Islamophobia we need to name names  The world should know the name of the #Christchurch #terrorist and the names of those who inspired #antiMuslim #terrorism https://t.co/YHrYhZ2ahT #Indeed #Racism,eng,hasoc_en_3489,0,0,0,0,0,0,0,0,0,0,0,0
#DoctorsFightBack   Parents reaction when a doctor returns home safely in Bengal @manogyaloiwal @sudhirchaudhary https://t.co/DnxqmI1IP1,eng,hasoc_en_3490,0,0,0,0,0,0,0,0,0,0,0,0
Manchester next 4 days #ShameOnICC https://t.co/f9U7vYGZPn,eng,hasoc_en_3491,0,0,0,0,0,0,0,0,0,0,0,0
@Mayawati My opinion is #Rapist s should get #DeathPenalty not Lifetime imprisonment.  #Kathua #KathuaRapeVerdict #KathuaParSachKiJeet,eng,hasoc_en_3492,0,0,0,0,0,0,0,0,0,0,0,0
@TheRealOJ32 Awesome! Can you teach me how to murder someone with a knife? #murderer,eng,hasoc_en_3493,0,0,0,0,0,0,0,0,0,0,0,0
fuck trump and his #northKorea bullshit    #fuckTrump,eng,hasoc_en_3494,1,0,0,0,0,0,0,0,0,0,0,1
@TheRealOJ32 you are a #Murderer Go to HELL!,eng,hasoc_en_3495,0,0,0,0,0,0,0,0,0,0,0,0
@hbaldwin @Jeremy_Hunt @PennyMordaunt @JH4Leader @HastobeHunt he(‘unt)  still hasn’t answered for all the deaths that occurred following the destruction of the #NHS while he (unt) was the health minister. Should a #liar and a #murderer be prime minister?,eng,hasoc_en_3496,0,0,0,0,0,0,0,0,0,0,0,0
Just #Hang the #Rapist without interrogation or Trial 🤬    #Justice_for_Twinkle.  #Justice_for_Asifa. https://t.co/h5mQlqAA6G,eng,hasoc_en_3497,0,0,0,0,0,0,0,0,0,0,0,0
@realDonaldTrump hope you have a shitty birthday full of tweets demanding your impeachment. You're a piece of shit!!! #FuckTrump,eng,hasoc_en_3498,0,0,0,0,0,0,1,0,0,0,1,1
#ShameOnICC wondering the number of gaalis ICC is going to get in case IND-PAK match is cancelled on account of rain!!,eng,hasoc_en_3499,0,0,0,0,0,0,1,0,0,0,1,1
Anti-LGBTQ activist issues ‘sincere’ apology for posting hate content. Within hours she posted more. #Resist #ResistTrump #FuckTrump https://t.co/CfrPh5kakF,eng,hasoc_en_3501,0,0,0,0,0,0,0,0,0,0,0,0
MAGAts will be wishing the gobshite happy bday today. This day should be used to celebrate a man with honor not a traitor to our country. June 14th is #HappyJohnMcCainDay plz tweet n keep retweeting these 2#'s #JohnMcCainDay to keep them trending all day #fuckTrump n his bday https://t.co/ecW6eVEQty,eng,hasoc_en_3503,0,0,0,1,0,0,0,0,0,0,0,1
@Riteishd @msdhoni W should have a pride for #IndianArmy because they always protect our nation. 🙏    #dhoni keep the glove.  #MSDHONI #DhoniKeepsTheGlove @msdhoni,eng,hasoc_en_3505,0,0,0,0,0,0,0,0,0,0,0,0
@olliehowe @LiRFC @premrugby Ask Diageo #Rapist,eng,hasoc_en_3507,0,0,0,0,0,0,0,0,0,0,0,0
The world cup 2019 winner is....RAIN!!!!!  #ShameOnICC #icc #CWC19 #RainStopsMatch https://t.co/bWzyycM6iS,eng,hasoc_en_3508,0,0,0,0,0,0,1,0,0,0,1,1
How much would you be willing to pay to see Trump get the shit kicked out of him? #fucktrump,eng,hasoc_en_3509,1,0,0,0,0,0,0,0,0,0,0,1
#DoctorsFightBack #SaveBengal     How Many Of Them Speak Bengali? https://t.co/h27LKtNid2,eng,hasoc_en_3511,0,0,0,0,0,0,0,0,0,0,0,0
The tables have turned.  #DoctorsFightBack #DoctorsStrike #DoctorsProtest #standwithnrsmch https://t.co/7IFpL9Cwy6,eng,hasoc_en_3512,0,0,0,0,0,0,0,0,0,0,0,0
Moment of the day 🤣😂❤️❤️  #ViratKohli   #MSDhoni  #WorldCup2019   #INDvAUS   #DhoniKeepsTheGlove https://t.co/XJhTioWUdA,eng,hasoc_en_3514,0,0,0,0,0,0,0,0,0,0,0,0
What was the name of Pakistan before 1947???😀😆😀😆😆😉  #ShameOnICC https://t.co/GF3zO4dDKu,eng,hasoc_en_3517,0,0,0,0,0,0,1,0,0,0,1,1
#Doctorsfightback the way mamta banerjee rules Bengal is no less than a dictatorship.   Her responses to the issues have been baffling &amp,eng,hasoc_en_3518,0,0,0,0,0,0,0,0,0,0,0,0
#IdiotTrump Makes A Fool Of Himself By Not Knowing That The #Feds Are Already In Charge #NYC #HelicopterCrashScene https://t.co/QMaeYd8YxZ,eng,hasoc_en_3519,0,0,0,0,0,0,0,0,0,0,0,0
Dhoni always came across as reasonable and mature. His current stance on the glove seems uncharacteristic. He IS wearing the colours of the nation and we are not at war. Sounds like too much josh and little hosh. #DhoniKeepsTheGlove #Dhoni #CricketWorldCup2019 #ICCVersusIndia,eng,hasoc_en_3520,0,0,0,0,0,0,0,0,0,0,0,0
It is shocking to think that there are people who demonstrated in order to defend these disgusting monsters... #rape #injustice #india #antimuslim https://t.co/p3NEBKRv6P,eng,hasoc_en_3521,0,0,0,0,0,0,0,0,0,0,0,0
NRSMC STANDS BOLD  THEY WILL NOT GO  CM MUST COME  #DoctorsFightBack,eng,hasoc_en_3522,0,0,0,0,0,0,0,0,0,0,0,0
The Mexican ambassador to the US explains Trump’s claim of a new agricultural deal #Resist #ResistTrump #FuckTrump https://t.co/tV7MCCL6xl,eng,hasoc_en_3523,1,1,0,0,0,0,0,0,0,0,0,1
'Iran written all over it.' Shades of Tonkin gulf perhaps? #fucktrump #liarinchief #propaganda,eng,hasoc_en_3524,0,0,0,0,0,0,0,0,0,0,0,0
10 years   09 years   08 years   07 years   06 years   05 years   04 years   03 years   02 years   01 years   09 Month   06 Month     Girls raped by people   Belongs to our Society  Our Nations   I never imagined even   How these black heart   Devil soul   Moving in our Society  #Rapist   #Justice,eng,hasoc_en_3525,0,1,0,0,0,0,0,0,0,0,0,1
500 doctors have already resigned in #Bengal    NRS 100  SSKM 175  National medical college 20  RG Kar 126  North Bengal college 119  Murshidabad 50  Rampurhat 37  Burdwan 26    #DoctorsFightBack #SaveTheDoctors,eng,hasoc_en_3527,0,0,0,0,0,0,0,0,0,0,0,0
@_pallavighosh #ICC world cup is not about giving balidan but taking Balidan from the opponents . #Dhoni #DhoniKeepsTheGlove,eng,hasoc_en_3528,0,0,0,0,0,0,0,0,0,0,0,0
My #mystery #characters spill it at my whim or try to avoid giving it accidentally while hunting for the #murderer but you can #SaveLives by donating on purpose. It’s #WorldBloodDonorDay Take a #book to #amreading while you wait https://t.co/ZS5jLs4Xqj https://t.co/nyBcDImEuY,eng,hasoc_en_3530,0,0,0,0,0,0,0,0,0,0,0,0
Watch as #TraitorTrump's face goes from orange to red. #TrumpLiesEveryTimeHeSpeaks #TrumpIsATraitor #CallTheFBI #HappyJohnMcCainDayJune14 https://t.co/T1UhTve4EU,eng,hasoc_en_3531,0,0,0,0,0,0,0,0,0,0,0,0
1. Melania is nothing like Jackie O.  2. Melania is not 'it.'  #VoteBlueToSaveAmerica  #VoteBlueNoMatterWho2020  #TrumpIsATraitor  #TrumpResignNow https://t.co/EAD95LYTYw,eng,hasoc_en_3532,0,0,0,0,0,0,0,0,0,0,0,0
@realDonaldTrump @PressSec is the biggest liar. Donnie this is the only good news you’ve giving. Now is time for you to leave too. #FuckSarahSanders #FuckTrump https://t.co/M1TdXBNsvy,eng,hasoc_en_3533,0,0,0,0,0,0,0,0,0,0,0,0
Make this your DP in support of dhoni frds.  @msdhoni #DhoniKeepsTheGlove #DhoniKeSaathDesh #dhoni @SirJadeja https://t.co/bzjjHop7P2,eng,hasoc_en_3534,0,0,0,0,0,0,0,0,0,0,0,0
Such Bugs (like) #Didi are highly disruptive &amp,eng,hasoc_en_3536,0,0,0,0,0,0,0,0,0,0,0,0
How to fuck your footie career before its even started #dickhead https://t.co/LlUzAdLdVL,eng,hasoc_en_3537,0,0,0,0,0,0,0,0,0,0,0,0
Another blast from the past. #Trump and a #murderer https://t.co/7LJFg4fc60,eng,hasoc_en_3539,1,0,0,0,0,0,0,0,0,0,0,1
I will respect more then 100% before in Dhoni  #DhoniKeepsTheGlove #DhoniKeepBalidaanBadgeGlove   #mahendrasinghdhoni,eng,hasoc_en_3541,0,0,0,0,0,0,0,0,0,0,0,0
I really don’t #sleep well at night knowing I wronged someone. I can’t imagine for a second how #LindaFairstein or the #NYCPolice officers sleep at night knowing they lied and locked up #innocent kids while the actual #rapist was out there. #Sad,eng,hasoc_en_3542,0,0,0,0,0,0,0,0,0,0,0,0
@msdhoni is not on army duty while playing for #India He must not &amp,eng,hasoc_en_3545,0,0,0,0,0,0,0,0,0,0,0,0
Can't come soon enough!  😜  #FuckTrump  #ImpeachTheMF https://t.co/6fx3QMLZsz,eng,hasoc_en_3546,0,0,0,0,0,0,0,0,0,0,0,0
This will be literally the only thing I am interested in Washington on the 4th of July! No #donnie2tits #TraitorTrump ruining a holiday celebrating the #UnitedStates and not the countries he sold us out to! #TrumpCrimeFamily #TrumpIsATraitor #TrumpIsANationalSecurityThreat https://t.co/9CobIuEVry,eng,hasoc_en_3547,0,0,0,0,0,0,0,0,0,0,0,0
#DhoniKeepsTheGlove ICC please mind only your umpiring business and first do that correctly........don't deal with the things that are not in your business.......,eng,hasoc_en_3548,0,0,0,0,0,0,0,0,0,0,0,0
@BDUTT @msdhoni @adgpi One of a rare time to be agreed with you!   #DhoniKeepsTheGlove,eng,hasoc_en_3549,0,0,0,0,0,0,0,0,0,0,0,0
#ShameOnICC Is this a plan by ICC to defame cricket as it is popular in India.Why such a pathetic planning for such a big moment as world cup.There should be an investigation.,eng,hasoc_en_3550,0,0,0,0,0,0,0,0,0,0,0,0
@ndtvfeed @ndtv If @MamataOfficial wants to stay in India she must learn how to live in democracy. And I wish she learns to talk sensible things.  #DoctorsProtest   #DoctorsStrike   #DoctorsFightBack,eng,hasoc_en_3552,0,0,0,0,0,0,0,0,0,0,0,0
Tory leadership candidates take part in press gallery hustings but Boris Johnson stays away   #ToryLeadershipContest  #BorisJohnsonShouldNotBePM https://t.co/gmt2573nwV,eng,hasoc_en_3553,0,0,0,0,0,0,0,0,0,0,0,0
As per rule of ICC in #CWC19 of course  if Dhoni was wrng about insignia. He should  remove it but wht about @henrygayle shoes he own wrote universe  boss in last match wht was that?   @vikrantgupta73 @bhogleharsha @sports_tak @harbhajan_singh @StarSportsIndia #DhoniKeepsTheGlove,eng,hasoc_en_3556,0,0,0,0,0,0,0,0,0,0,0,0
#JoseBaez ur right those men w/never have #justice b/c u go their #murderer off n #society is lucky #AaronHernandez is 💀 so u can’t get his #thug ass off on appeal 2 keep killing,eng,hasoc_en_3557,0,0,0,0,0,0,0,0,0,0,0,0
#DhoniKeepsTheGlove dhoni fans to icc https://t.co/gbuMeyN18N,eng,hasoc_en_3559,0,0,0,0,0,0,0,0,0,0,0,0
@KLGLASS2 That was the funniest part of the interview. There is no way -- absolutely zero chance -- Trump even read the title of the Mueller Report. He lied. To the People. Again. Shocking.  #ImpeachTheMF   #TrumpIsATraitor,eng,hasoc_en_3561,1,0,0,0,0,0,0,0,0,0,0,1
We all know how you feel!  Cold War Steve: satire is my antidote to a scary world https://t.co/cyNuJKHsoE   #BorisJohnsonShouldNotBePM   #SummerOfResistance #FBPE,eng,hasoc_en_3563,0,0,0,0,0,0,0,0,0,0,0,0
Did I just hear '... Continue the brilliant work that Michael Gove did' said without irony? There is not a teacher in the country who agrees. #dickhead   #C4Debate,eng,hasoc_en_3567,0,0,0,0,0,0,0,0,0,0,0,0
A wOmAn On hEr pEriOdS   Is mOrE pUrE thAn   A #rApIst iN A tEmpLE :),eng,hasoc_en_3568,0,0,0,1,0,0,0,0,0,0,0,1
I think  creaters taking tips from child's while making these grounds #ShameOnICC https://t.co/aVAbYApX1M,eng,hasoc_en_3569,0,0,0,0,0,0,0,0,0,0,0,0
@realDonaldTrump is pathetic. Happy #JohnMcCainDay #FuckTrump https://t.co/RPu2xTmVsq,eng,hasoc_en_3571,0,0,0,0,0,0,0,0,0,0,0,0
Now reports are emerging that @ICC has ordered MS Dhoni to take off his gloves    Will #TeamIndia comply with this diktat?    #IndiaWithDhoni #DhoniKeepsTheGlove #DhoniKeSaathDesh    https://t.co/6VeRdetAoq,eng,hasoc_en_3572,0,0,0,0,0,0,0,0,0,0,0,0
@MikeCarlton01 We will still blindly follow them into another war manufactured by a corrupt and inept president to further his own political and financial needs. #fucktheusa #fucktrump,eng,hasoc_en_3574,0,0,0,0,0,0,0,0,0,0,0,0
This is really funny 😂. Rain is the top of the table😜.     #ShameOnICC https://t.co/ASQNThGuK8,eng,hasoc_en_3575,0,0,0,0,0,0,0,0,0,0,0,0
The dirty secrets of Boris Johnson’s seduction of Conservative MPs | Andrew Rawnsley | Opinion | The Guardian https://t.co/JwhFhT9atB  #BorisJohnsonShouldNotBePM,eng,hasoc_en_3576,0,0,0,0,0,0,0,0,0,0,0,0
@GOP @realDonaldTrump We wouldn't have to give bailouts to farmers if it wasn't for trump's tariffs. #FuckTrump #Impeach45 #FuckTrump #Impeach45 #FuckTrump #Impeach45 #FuckTrump #Impeach45 #FuckTrump #Impeach45 #FuckTrump #Impeach45 #FuckTrump #Impeach45,eng,hasoc_en_3577,1,0,0,0,0,0,0,0,0,0,0,1
@realDonaldTrump Firing your own pollsters who show you behind is bush league. You are the one who can’t win an election fairly. #TrumpIsATraitor #TrumpIsACriminal #TrumpIsADisgrace #TrumpIsAFraud #TrumpIsTheEnemyOfThePeople,eng,hasoc_en_3578,1,0,0,0,0,0,0,0,0,0,0,1
So OJ Simpson joins Twitter. Instead of blocking his followers he kills them then?! #Killer #Murderer #SaturdayThoughts,eng,hasoc_en_3579,0,0,0,0,0,0,0,0,0,0,0,0
keep #DhoniKeepsTheGlove,eng,hasoc_en_3583,0,0,0,0,0,0,0,0,0,0,0,0
@TheRealOJ32 @KrisJenner The best thing for you to do is shut your lying mouth. No one believes you are innocent of what you were accused of. You are an abuser who has gotten away with murder. Obviously you should have listened to @AlanDersh and live your,eng,hasoc_en_3584,0,0,0,0,0,0,0,0,0,0,0,0
@narendramodi @ArvindKejriwal   Very sorrow after seeing this incident in #delhi where a sikh person beaten   Very bad  We all r in race of digital india.these all #bullshits   Firstly safeguard community members.  earlier #84 riots still pending  #fuckde,eng,hasoc_en_3585,0,0,0,0,0,0,0,0,0,0,0,0
@JustinTrudeau You meant to say you need a Sippy Cup or Baby Bottle.  Holy are you HIGH AS FUK? #trudeauisaclown #FakeFeminist #LittlePotato #liar #dickhead #climatehoax #fearmonger #trudeauneedsanipple,eng,hasoc_en_3586,0,0,0,0,0,0,0,0,0,0,0,0
@realDonaldTrump #JohnMcCainDay Thanks for fund raising on the promise of Obamacare repeal from Republican voters only to screw them over by deciding it was more important to put yourself first just to screw Trump in a personal vendetta.    'preciate it.,eng,hasoc_en_3587,1,0,0,0,0,0,0,0,0,0,0,1
@JimCarrey Right beside you #STD #murderer https://t.co/8kJmH1YPjN,eng,hasoc_en_3588,0,0,0,0,0,0,0,0,0,0,0,0
#IdiotTrump Claims he Dazzled #QueenElizabeth | 😂😂😂😂😂 https://t.co/rh00xKvLA7,eng,hasoc_en_3590,0,0,0,0,0,0,0,0,0,0,0,0
@MattWalshBlog On another post I called him what he is &amp,eng,hasoc_en_3592,0,0,0,0,0,0,0,0,0,0,0,0
#Trump2020 can't happen because we know #Trump2016 didn't happen 😐 Or is there something they ain't tell'n us? 🤨 #FuckTrump #FeelTheBern in 2020 😜🔥,eng,hasoc_en_3593,0,0,0,0,0,0,0,0,0,0,0,0
#ShameOnICC  They have the time to watch an Indian Army Mark on a players gloves but don't have enough time to prepare for the World Cup...  Shame... https://t.co/jF6UyPwGwh,eng,hasoc_en_3594,0,0,0,0,0,0,0,0,0,0,0,0
Search for 'Best toilet paper in the world' on Google. Thanks Sundar Pichai 😂😬😂 #TerroristNationPakistan,eng,hasoc_en_3595,0,0,0,0,0,0,0,0,0,0,0,0
@realDonaldTrump Your sense of reality is NOT there!  Yo are the accidental President!  #Trump #TrumpIsATraitor #TrumpTantrum,eng,hasoc_en_3596,1,0,0,0,0,0,0,0,0,0,0,1
@realDonaldTrump Your presidency defined in one shot... #FuckTrump https://t.co/2oAW85zyl3,eng,hasoc_en_3598,0,0,0,0,0,0,0,0,0,0,0,0
@jinglebell93 @CillaGee_ @ReggieIn7 Meanwhile your bottom lip bigger than your top lip bubba gump #fucktrump,eng,hasoc_en_3599,0,0,0,0,0,0,0,0,0,0,0,0
We doctors have to take karate classes along with pg studies. #DoctorsFightBack https://t.co/lKTDNcuqZz,eng,hasoc_en_3601,0,0,0,0,0,0,0,0,0,0,0,0
World cups worst event ever in history  @ICC   @CricktWorldCup   #ShameOnICC https://t.co/gw46pJJWMJ,eng,hasoc_en_3602,0,0,0,0,0,0,0,0,0,0,0,0
@WhiteHouse @realDonaldTrump #FuckTrump  His trade game is NOT working...just like the #GOPTaxScam,eng,hasoc_en_3604,0,0,0,0,0,0,0,0,0,0,0,0
@realDonaldTrump Donald Trump is the reason for increasing violence against innocent Americans of color and religious differences. #TrumpIsARacist #TRUMPISACROOK #TrumpIsATraitor #TrumpIsTheEnemyOfThePeople #ImpeachDonaldTrumpNOW,eng,hasoc_en_3605,1,0,0,0,0,0,0,0,0,0,0,1
@jemelehill He's a cut up   #murderer,eng,hasoc_en_3606,0,0,0,0,0,0,0,0,0,0,0,0
Where are those #doctors_against_assualt and #IMAFraud and their patron @BJP4India https://t.co/tvteWghb0o,eng,hasoc_en_3607,0,0,0,0,0,0,0,0,0,0,0,0
The MAGA't filth is onto us. We need more #HappyJohnMcCainDay and #JohnMcCainDay tweets. #FuckTrump https://t.co/ngDz1JdHzJ,eng,hasoc_en_3609,0,0,0,0,0,0,0,0,0,0,0,0
@matthewstoller 😂😂😂😂😂 WHAT!? Sure🙄 try again! #Douchebag,eng,hasoc_en_3612,0,0,0,0,0,0,0,0,0,0,0,0
@RossThomson_MP Yep. Take on the Nation of Scotland on Twitter. Great Idea. Not. #indyref2 #BorisJohnsonShouldNotBePM,eng,hasoc_en_3613,0,0,0,0,0,0,0,0,0,0,0,0
@DennisCricket_ Happy your brother day ! #terroristNationPakistan https://t.co/UaM9HCHylb,eng,hasoc_en_3614,0,0,0,0,0,0,0,0,0,0,0,0
#Uyghur Protests in #Canada Part 2: #Freedom for #Uyghurs  https://t.co/6Oib8TjZ9b  #FreeUyghur #EastTurkistan #China #BoycottChina #ウイグル #RT,eng,hasoc_en_3615,0,0,0,0,0,0,0,0,0,0,0,0
@realDonaldTrump @MarshaBlackburn .@realDonaldTrump What exactly do you have against securing our elections? Afraid you won’t win unless you have help? #TrumpisaTraitor,eng,hasoc_en_3618,0,0,0,0,0,0,0,0,0,0,0,0
Everyone's googling Nottingham and Manchester weather⛈️  Aren't you??    #INDvPAK #ICCWorldCup2019 #ShameOnICC,eng,hasoc_en_3620,0,0,0,0,0,0,1,0,0,0,1,1
@BrexitBin @guyverhofstadt I wonder if this nitwit has ever bought a car on the never never and refused to pay for it after taking delivery claiming “it’s my money”. #dickhead,eng,hasoc_en_3621,0,0,0,0,0,0,0,0,0,0,0,0
@BarryLowday    Whip out the beer cans and REVERSE it    #DICKHEAD,eng,hasoc_en_3622,0,0,0,0,0,0,0,0,0,0,0,0
@BigCRock101 The first thing you should have learned is that NO means NO #rapist,eng,hasoc_en_3623,0,0,0,0,0,0,0,0,0,0,0,0
@TheRealOJ32 @KrisJenner @TheRealOJ32 What are you doing? How many concussions did you have? This is madness. #murderer  #MurderMystery,eng,hasoc_en_3624,0,0,0,0,0,0,0,0,0,0,0,0
I’ll never forgive this motherfucker or all the people that covered for him #complicit #rapist #fuckBrettKavanaugh https://t.co/C6ritwkXv7,eng,hasoc_en_3625,0,0,0,0,0,0,0,0,0,0,0,0
@ICC Rain will take all 20 wickets.... #ShameOnICC,eng,hasoc_en_3626,0,0,0,0,0,0,0,0,0,0,0,0
@GrouciDjamila @PurpleApePal @dicapriofdn 😡😡 #bastards #boycottchina  it breaks my 💔 #stopanimalabuse  #friendsnotfood  #dog #cat,eng,hasoc_en_3627,0,0,0,0,0,0,0,0,0,0,0,0
Trendy TSHIRT DESIGN WITHIN 24HRS  https://t.co/OU2deDteUC     #tshirts #tshirtdesign #tees #clothing #fashion #motivational #inspirational #millionairementality #success #traitor #fucktrump #impeachtrump #taxday #TuesdayMotivation #quote #sandiego,eng,hasoc_en_3628,0,0,0,0,0,0,0,0,0,0,0,0
#DoctorsFightBack IMA announced strike on 17th June.. ..@MamataOfficial #Savethedoctors https://t.co/juzWT3E4KZ,eng,hasoc_en_3629,0,0,0,0,0,0,0,0,0,0,0,0
@adamcbest @TheRealOJ32 lol #OJSimpson 'has a little getting even to do'    thankfully knife blades can't penetrate my twitter account    #murderer @TheRealOJ32,eng,hasoc_en_3630,0,0,0,0,0,0,0,0,0,0,0,0
@BorisJohnson #FTAC liars.  #AndrewGilligan liar.  #TeamBoris liars.    #BorisJohnsonShouldNotBePM   #EVER  #whistleblowers need REAL protection not lip service from .@UKParliament     https://t.co/DGtcby7qsz,eng,hasoc_en_3634,0,0,0,0,0,0,0,0,0,0,0,0
#DoctorsFightBack  The more the government try to suppress us the more we will fight back until and unless our voices are being heard and demands are being met! https://t.co/PyO7Nywhlh,eng,hasoc_en_3635,0,0,0,0,0,0,0,0,0,0,0,0
@JudgeJeanine No other president is like tRump.  #PutinsPuppet #DonTheCon #TrumpIsATraitor #TrumpCrimeSyndicate #TrumpCult https://t.co/VVsFeQzMxu,eng,hasoc_en_3636,1,0,0,0,0,0,0,0,0,0,0,1
Wow - Is this is what Leadership looks like to Tory voters? Terrifying #BorisJohnsonShouldNotBePM https://t.co/5rRb7pSvxM,eng,hasoc_en_3637,0,0,0,0,0,0,0,0,0,0,0,0
Don't turn up to leader debates because you know you can't be arsed. Get for MPs pledge support for you. Yes makes senses. He is displaying the same level of contempt and entitlement that Theresa may showed before the last election. #Toryleadership #BorisJohnsonShouldNotBePM,eng,hasoc_en_3639,1,0,0,0,0,0,0,0,0,0,0,1
@realDonaldTrump     In the final year of Obama's presidency we had a GOP front-runner who received a glowing endorsement from the Ku Klux Klan.  And those people are hard to please.      https://t.co/l4mL2hQN2R    #labamba #TrumpIsATraitor #TrumpIsADisgr,eng,hasoc_en_3640,0,0,0,0,0,0,0,0,0,0,0,0
ICC Tournaments and Shikhar Dhawan : The love story continues.    #IndvAus #ICCWorldCup2019 #ICC #ICCCricketWorldCup2019 #ICCWC2019 #India #dhawan #IndiaWithDhoni #IndiaStandsWithDhoni #DhoniKeepsTheGlove,eng,hasoc_en_3644,0,0,0,0,0,0,0,0,0,0,0,0
I don't support @MamataOfficial but this is too much.Stop doing this nd treat patients. You can protest even while saving lives. You idiots hv made this an ego issue now. Your issues r imp but ppl r dying. Protest while working or during breaks.  #DoctorsFightBack   #Savethedoctors,eng,hasoc_en_3645,0,0,0,0,0,0,0,0,0,0,0,0
First ever book written on violence against doctors and dark side of blue curtain...God in Peril    https://t.co/TtnvCrGmIK    #DoctorsFightBack #DoctorsUnderOppression #DoctorsProtest,eng,hasoc_en_3647,0,0,0,0,0,0,0,0,0,0,0,0
@jjrothnc @dcexaminer @KellyannePolls @realDonaldTrump @BarackObama @HillaryClinton May all your kids &amp,eng,hasoc_en_3648,0,0,0,0,0,0,0,0,0,0,0,0
What a complete babbling #idiotTrump! #MoronInChief @gtconway3d https://t.co/UE2ITKR8r8,eng,hasoc_en_3649,0,0,0,0,0,0,0,0,0,0,0,0
Australian damad is on fire😅#iccworldcup #CricketWorldCup2019 #IndianCricketTeam #Dhoni #DhoniKeepsTheGlove #abvpnec2019 #AajKaMatch #aajtak #BCCI #shikhardhawan #IndianCricketTeam #Worldcup19 #hotstar #virendrashehwag,eng,hasoc_en_3651,0,0,0,0,0,0,0,0,0,0,0,0
#dickhead. Seriously. https://t.co/0nznUh4myU,eng,hasoc_en_3655,0,0,0,0,0,0,0,0,0,0,0,0
@realDonaldTrump Another tRump stooge. Because of enabling #Sheep like that tRump has no shame saying he would break the law right to our faces. Always some tool will come out to defend him  #FuckTrump https://t.co/GWtwUTC12p,eng,hasoc_en_3656,1,0,0,0,0,0,0,0,0,0,0,1
@davidaxelrod DOJ does not work to hide FROM the American people they do not work for trump.they are not a trump cover up committee! thats the role GOP holds recently..  #FuckTrump,eng,hasoc_en_3657,1,0,0,0,0,0,0,0,0,0,0,1
@realDonaldTrump Stop with the #TrumpTantrum   Why are you #NervousDonald   is it because you ARE QUILTY OF TREASON?   #TrumpIsATraitor   #TrumpLiesMatter   #TrumpIsAFraud    the world is watching   #TrumpCrimeSyndicate   #TrumpCriminalInvestigations  wil,eng,hasoc_en_3658,0,0,0,0,0,0,0,0,0,0,0,0
Disappointing!! Years of planning and yet they failed in organising the world's most important cricket event!! #ShameOnICC Shouldn't have held the event in this season!! https://t.co/VzAuPFIEhO,eng,hasoc_en_3659,0,0,0,0,0,0,1,0,0,0,1,1
This is what your country will soon look like if you EVER let #China in-in any way‼️Finance/joint ventures/land ownership/infrastructure or 5G‼️Yes they own HK but we got complacent while Britain had it’s 99 year lease-this is no longer the #HongKong we knew!💔💔💔#BoycottChina🇨🇳 https://t.co/lyHbzpseOZ,eng,hasoc_en_3660,0,0,0,0,0,0,1,0,0,0,1,1
Seriously? You live in a different reality than the rest of America. #ImpeachTrumpNow #nokidsincages #NoWarWithIran #TrumpisaLiar #TrumpIsATraitor https://t.co/LqT90KGpOX,eng,hasoc_en_3663,0,0,0,0,0,0,0,0,0,0,0,0
@GovPhilScott Except now we kill them in the womb up until birth. What is wrong with you?! #RINO #BABYKILLER #MURDERER #GODLESS #GUTLESS #CCOT #TCOT,eng,hasoc_en_3664,0,0,0,0,0,0,1,0,0,0,1,1
@ICC deserves this #cup in this #WorldCup2019 for their #Pathetic show.    Instead of wasting time on #Dhoni's #Gloves they should have planned better on their own part!     @SGanguly99  @sachin_rt  @RahulDravidFC  @YUVSTRONG12  @virendersehwag  #ShameOnI,eng,hasoc_en_3665,0,0,0,0,0,0,0,0,0,0,0,0
@MamataOfficial You r the first CM of a State who became the Satan &amp,eng,hasoc_en_3666,0,0,0,0,0,0,0,0,0,0,0,0
This is not the first time it has happened to us..we are facing this for long..numerous incidents go unrecognised in each and every part of our country due to lack of support..  Enough is Enough..  Stand strong..  Stay united..  show your strength💪  #DoctorsFightBack #savethedoctor,eng,hasoc_en_3667,0,0,0,0,0,0,0,0,0,0,0,0
'How can I be sure this stolen credit card is any good if I don't use it to buy a porn star an expensive dinner?'    #TrumpIsATraitor #TrumpCrimeFamily #ImpeachTrumpNow,eng,hasoc_en_3669,0,0,0,0,0,0,0,0,0,0,0,0
@mitchellvii @realDonaldTrump 1) Trump didn't win the election.  2) Trump nor Obama have helped the economy.   3) Mexico is not helping Trump. They are preparing for a war against the U.S.  #FuckTrump #NotOurPresident,eng,hasoc_en_3670,1,0,0,0,0,0,0,0,0,0,0,1
Coming from a guy he grew up in 70’s and loving the NFL @TheRealOJ32  - just GO AWAY !! You should be behind bars #shameful #guilty #MURDERER https://t.co/Kiw6C0MoOR,eng,hasoc_en_3672,0,0,0,0,0,0,1,0,0,0,1,1
Yes true we do not any favour from #terroristNationPakistan . https://t.co/pktSraojKg,eng,hasoc_en_3673,0,0,0,0,0,0,0,0,0,0,0,0
@realDonaldTrump America NEEDS a new President ASAP... Trump is a DISASTER... Has been getting worse and worse!!!!  #TrumpIsATraitor   #GuiltyAsSin  #WhoreMonger  #LiarInChief   #DerangedDonald   #BillionDollarLoser   #LowIQTrump  #DraftDodger   #Presiden,eng,hasoc_en_3674,1,0,0,0,0,0,1,0,0,0,0,1
@realDonaldTrump You are Horrible! #TrumpIsATraitor #TrumpIsAFraud #TrumpIsADictatorWannabe #WakeUpAmerica,eng,hasoc_en_3675,0,0,0,0,0,0,0,0,0,0,0,0
@DonaldJTrumpJr Your father has no brain function.  Any opinion on that?  #FUCKTRUMP  #25thAmendmentNow,eng,hasoc_en_3677,0,0,0,0,0,0,0,0,0,0,0,0
Happy #JohnMcCainDay @realDonaldTrump   #douchebag,eng,hasoc_en_3680,0,0,0,0,0,0,0,0,0,0,0,0
@AlanCol83626003 @Yellowbelly2019 It will be a bigly war. He has the best wars. Nobody has better wars.  #fucktrump,eng,hasoc_en_3681,0,0,0,0,0,0,0,0,0,0,0,0
The arrogance of a chief minister is the reason that the #DoctorsProtest has escalated so much. It's a lesson to those in power that they can be brought down to their knees if they continue with a high handed approach towards workplace safety concerns of people #DoctorsFightBack https://t.co/7OmL8orLfq,eng,hasoc_en_3682,0,0,0,0,0,0,0,0,0,0,0,0
@Tazaryach Home of the #douchebag.,eng,hasoc_en_3683,0,0,0,0,0,0,0,0,0,0,0,0
Berman: Is it even news when the President lies? #Resist #ResistTrump #FuckTrump https://t.co/NMm3N6NFsL,eng,hasoc_en_3684,0,0,0,0,0,0,0,0,0,0,0,0
There was a time when @billmaher was the 'outside the box' in his thinking. It's a shame seeing what you have become since 2016. You are wrong about Biden and need to stop sounding like a whiny little bitch when talking about him.   #wheresbill #BillMaher #FuckTrump #2020Election,eng,hasoc_en_3685,1,0,0,0,0,0,0,0,0,0,0,1
Hey! I'm just stoked! It's #JohnMcCainDay!!! He used to be SO FUNNY some times. Full of life and such an honorable man! He would never believe the horrors that are happening in just the short time since he passed away.@MeghanMcCain @TheView #TrumpIsATraitor   @BarackObama #Biden https://t.co/AVxUeOJK1G,eng,hasoc_en_3686,1,0,0,1,0,0,1,0,0,0,0,1
when you think so do a little calculation &amp,eng,hasoc_en_3687,0,0,0,0,0,0,0,0,0,0,0,0
@TheRealOJ32 welcome! If you start having chest pains please remember to start filming so we can all enjoy the show in case you croak. #murderer,eng,hasoc_en_3689,0,0,0,0,0,0,0,0,0,0,0,0
No any individual message or logo to be displayed on any items of clothing or equipment - #ICC  #CWC19  #DhoniKeepTheGlove  #DhoniKeepsTheGlove  https://t.co/KKL81KrnbH,eng,hasoc_en_3690,0,0,0,0,0,0,0,0,0,0,0,0
@OwenJones84 nailing it again #BorisJohnsonShouldNotBePM https://t.co/z46D0WcdWA,eng,hasoc_en_3691,0,0,0,0,0,0,0,0,0,0,0,0
@ACTBrigitte Our country deserves better than a draft-dodging coward. McCain SERVED,eng,hasoc_en_3692,0,0,0,0,0,0,0,0,0,0,0,0
I swear that is the happiest expression i have ever seen on his face. #TrumpIsADisgrace #TrumpisaTraitor https://t.co/xSYOF2MDiA,eng,hasoc_en_3693,0,0,0,0,0,0,0,0,0,0,0,0
LEADERSHIP CONTEST    If I were Boris I'd l steer clear. Let the BBC suck these neverwozzers into slagging each other off on TV &amp,eng,hasoc_en_3694,0,0,0,0,0,0,0,0,0,0,0,0
Ginni Thomas Plans New Conservative Supergroup to “Protect President Trump” #Resist #ResistTrump #FuckTrump https://t.co/jEQBBD6ACv,eng,hasoc_en_3697,1,0,0,0,0,0,0,0,0,0,0,1
Life is easy for none...but have faith every pain will be justified one day.    #SaturdayMotivation #SaturdayMorning #SaturdayThoughts #saturdayvibes #saturdays #DhoniKeepsTheGlove #DhoniKeSaathDesh #IndiaWithDhoni #MotivationalQuotes #motivational #ThoughtOfTheDay #India #Jaipur https://t.co/sVjmJw2pZK,eng,hasoc_en_3698,0,0,0,0,0,0,0,0,0,0,0,0
Here’s another.... #borisbehindbars #borisjohnson #BorisJohnsonShouldNotBePM @BorisJohnson_MP @BorisJohnson @Conservatives https://t.co/eXnsmZbUAn,eng,hasoc_en_3699,0,0,0,0,0,0,0,0,0,0,0,0
Shame on @Uppolice …..There should be an honour killing organized to cut throats of these mental @Uppolice officers &amp,eng,hasoc_en_3700,0,0,0,0,0,0,0,0,0,0,0,0
NYT: “Ms. Conway’s violations... Her actions thus erode the principal foundation of our democratic system — the rule of law.”    BLOB: that’s Trump’s intent.    https://t.co/biLqop4mku   #resist #TrumpIsATraitor,eng,hasoc_en_3701,1,0,0,0,0,0,0,0,0,0,0,1
#Kashmir  Another jolt to #Pakistan  India decided not to use  #Pakistani air space but  Go over Oman to Bishek.    #terroristNationPakistan  #Modi  #Pulwama    https://t.co/DOmFhIewDn,eng,hasoc_en_3704,0,0,0,0,0,0,0,0,0,0,0,0
Hey @realDonaldTrump just wanted to wish you a HAPPY #JohhMcCainDay You fucking disgrace! #FakePresident #FuckTrump,eng,hasoc_en_3705,0,0,0,0,0,0,0,0,0,0,0,0
@ICC #DhoniKeepsTheGlove     sir Ms dhoni carrion play the same gloves you not break any #icc rules We all Indian support you #DhoniKeSaathDesh,eng,hasoc_en_3706,0,0,0,0,0,0,0,0,0,0,0,0
#DhoniKeepsTheGlove in #ICCWC2019 you are our real Hero #Dhoni #DhoniKeSaathDesh Hai #dhoniisback Now. https://t.co/Y4yw71oJzx,eng,hasoc_en_3707,0,0,0,0,0,0,0,0,0,0,0,0
#StopBorisJohnsonBecomingPM it legit angers the sh!t out of me that the British Public don’t get to decide who we want in charge of OUR Country. @BorisJohnson isn’t fit to clean the step of #10 Downing Street let alone live in it! #BorisJohnsonShouldNotBePM,eng,hasoc_en_3709,0,0,0,0,0,0,0,0,0,0,0,0
#IdiotTrump has complete meltdown after someone coughs -  https://t.co/OAZH2ghTOP,eng,hasoc_en_3710,0,0,0,0,0,0,0,0,0,0,0,0
Vigilantes Helped Steve Bannon’s Group With Private Border Wall Near El Paso #Resist #ResistTrump #FuckTrump https://t.co/vFmZgeb5CI,eng,hasoc_en_3711,0,0,0,0,0,0,0,0,0,0,0,0
I heard Sleepy Joe Biden has been insulting me on the trail. What a loser! He hasn’t even BANKRUPTED 18 companies yet!  #sad #MAGA     #resist #Resistance #FuckTrump https://t.co/Gpb2mSSOM9,eng,hasoc_en_3712,1,0,0,0,0,0,0,0,0,0,0,1
Very poor management by @ICC   People have waited 4years for this extravaganza and this is how we get treated #ShameOnICC,eng,hasoc_en_3714,0,0,0,0,0,0,0,0,0,0,0,0
Report: NRA Has Been Directing Money to Board Members Who Oversee Its Spending #Resist #ResistTrump #FuckTrump https://t.co/05OL7rxHkT,eng,hasoc_en_3719,0,0,0,0,0,0,0,0,0,0,0,0
Sad. @realDonaldTrump bday unable to match Twitter support for these more popular hashtags:  #TrumpIsATraitor   #ImpeachTrumpNow   #ImpeachDonaldTrumpNOW   #ImpeachDonaldTrump   #ImpeachTrump   #ImpeachmentInquiryNow  Because these ARE our b-day wishes for you.  #TrumpForPrison2020 https://t.co/IOb5tI7S5r,eng,hasoc_en_3720,0,0,0,0,0,0,0,0,0,0,0,0
This very day. I can’t understand it. #fucktrump https://t.co/85Erj9e0O7,eng,hasoc_en_3721,0,0,0,0,0,0,0,0,0,0,0,0
Hey @realDonaldTrump: #Norway is calling. They say you’re a #douchebag,eng,hasoc_en_3723,0,0,0,0,0,0,0,0,0,0,0,0
@MSNBC Too late.....  #TrumpIsATraitor   #ImpeachTrumpNow   #ImpeachmentInquiryNow,eng,hasoc_en_3724,0,0,0,0,0,0,0,0,0,0,0,0
#Peace and #Liberty for #Uyhgur !  #PleaseHelp #FreeUyghur #SaveUyghur #MeTooUyghur #PrayForUyghur #EastTurkistan #FreedomForEastTurkistan #Turkistan #Freedom #HumanRights #China #CCP #Genocide #StopChina #BoycottChina #StopGenocideChina #ウイグル #RT  https://t.co/NqNqUGjffN,eng,hasoc_en_3725,0,0,0,0,0,0,1,0,0,0,1,1
Everyone is Waiting for Bhumrah to Bowl.  I am waiting for Dhoni to keep.  #INDvsAUS  #IndiaWithDhoni  #DhoniKeepsTheGlove  #ICCWorldCup2019,eng,hasoc_en_3726,0,0,0,0,0,0,0,0,0,0,0,0
Only gone and done it again #dickhead,eng,hasoc_en_3727,0,0,0,0,0,0,0,0,0,0,0,0
So why hasn’t it?  #FuckTrump #OrangeFoolius #BeBest #MAGA #AmericaFirst https://t.co/SwkgQAWyYR,eng,hasoc_en_3728,0,0,0,0,0,0,0,0,0,0,0,0
Does this lady look Normal ?#PakvsInd #PAKvIND #PakVsIndia #NDTV #Bengal @KailashOnline @SuPriyoBabul @MukulR_Official #DoctorsProtest #DoctorsStrike #DoctorsUnderOppression #DoctorStrike @aajtak @republic @Republic_Bharat #DoctorsFightBack https://t.co/F5t59hLfgE,eng,hasoc_en_3729,0,0,0,0,0,0,0,0,0,0,0,0
No #termsandconditions #minor should apply on a #rapist #tobehanged !! #womenempowerment #womensrights #culturevulture #culture #freedom #likeforlikes #followforfollowback @ India https://t.co/DhxYPxsy5e,eng,hasoc_en_3730,0,0,0,0,0,0,1,0,0,0,1,1
Because he is Worthy😇  #IndiaStandsWithDhoni #DhoniKeepsTheGlove https://t.co/sJVLDVfbxa,eng,hasoc_en_3733,0,0,0,0,0,0,0,0,0,0,0,0
@MarkDice Exactly. #Douchebag,eng,hasoc_en_3734,0,0,0,0,0,0,0,0,0,0,0,0
@POPSUGAR Complete #DoucheBag,eng,hasoc_en_3735,0,0,0,0,0,0,0,0,0,0,0,0
As per @MamataOfficial doctors on West Bengal will now onwards have to write medical prescriptions in Bengali. Does not matter if the handwriting makes it look like Tamil. #DoctorsFightBack,eng,hasoc_en_3736,0,0,0,0,0,0,0,0,0,0,0,0
@realDonaldTrump Lol. You wish. #ImpeachmentInquiryNow #TrumpNatSecRisk #TrumpIsATraitor #TrumpColluded #TrumpObstructed @WhiteHouse #BillionDollarLoser https://t.co/AjI97LZBqm,eng,hasoc_en_3737,0,0,0,0,0,0,0,0,0,0,0,0
Alabama woman claims court is letting her #rapist uncle see their kids https://t.co/2o7hidetvy via @MailOnline,eng,hasoc_en_3738,0,0,0,1,0,0,0,0,0,0,0,1
@ICC Yes it is better but by the way #ShameOnICC https://t.co/GtDfAcKLcD,eng,hasoc_en_3740,0,0,0,0,0,0,0,0,0,0,0,0
#ICC treat everyone with same rule. If you can this then how can you ask dhoni not to put sacrifice badge on gloves.  #DhoniKeepsTheGlove https://t.co/ocprBQV3lS,eng,hasoc_en_3741,0,0,0,0,0,0,0,0,0,0,0,0
All CAMERAs on The #Gloves now...  Will #INDvAUS be with #BalidanBadge Glove or it will be #Balidan of Feelings of #MSDhoni #DhoniKeepsTheGlove OR #ICC prevails... #CWC19 #ICCWC2019 Jo bhi ho All #india wants is Victory in #AUSvIND match...  #IndiaWithDhoni #MenInBlue,eng,hasoc_en_3744,0,0,0,0,0,0,0,0,0,0,0,0
#ICC: Objection my lord.  #BCCI: Overruled.  #DhoniKeepsTheGlove 😂,eng,hasoc_en_3745,0,0,0,0,0,0,0,0,0,0,0,0
BJP MP Ananth Kumar Hegde caught on camera beating up doctor at Karnataka hospital   https://t.co/OhxJqT5N0w  #Savethedoctors   #DoctorsProtest   #DoctorsFightBack   #DoctorsStrike,eng,hasoc_en_3746,0,0,0,0,0,0,0,0,0,0,0,0
@RoflGandhi_ People said #DhoniKeepsTheGlove   He kept it but without the Logo https://t.co/6bJhXiPTVD,eng,hasoc_en_3747,0,0,0,0,0,0,0,0,0,0,0,0
@realDonaldTrump Market crash or cultural death of America?  I choose taking my chances with a market crash!  You are obviously in a panic 18 months ahead of the election! Bad place to be so early!  #Trump #Trump2020 #MAGA #TrumpIsATraitor,eng,hasoc_en_3749,1,0,0,0,0,0,1,0,0,0,0,1
@ICC @cricketworldcup @ICCMediaComms @msdhoni @virendersehwag @imVkohli dear ICC you can stop dhoni bhai but how u gonna stop us focus on your umpires not our players #DhoniKeepsTheGlove #ICCWorldCup2019 #Dhoni #DhoniKeSaathDesh @BCCI @BCCIdomestic 🇮🇳🇮,eng,hasoc_en_3750,0,0,0,0,0,0,0,0,0,0,0,0
How You Can Tell Barr Is Lying About Mueller’s Evidence #Resist #ResistTrump #FuckTrump https://t.co/K3MAsCNF35,eng,hasoc_en_3751,0,0,0,0,0,0,0,0,0,0,0,0
Dear @ICC what about players offering namaz on field or urinating on field after the match.?  @msdhoni did not do anything wrong.   #DhoniKeepsTheGlove,eng,hasoc_en_3753,0,0,0,0,0,0,0,0,0,0,0,0
We are always with you mahi bhai don't remove your glove. #DhoniKeepsTheGlove,eng,hasoc_en_3754,0,0,0,0,0,0,0,0,0,0,0,0
Saw this and instantly thought of @mrjasonaalon and @fever333 🙌🏽 #fucktrump https://t.co/4rCvqrZiPx,eng,hasoc_en_3757,0,0,0,0,0,0,0,0,0,0,0,0
Saying @Conservatives are England team - they may play for different clubs but they come together for England say @michaelgove. Only problem with that analogy is that @BorisJohnson refuses to attend training+expects to be made captain. #Eton privilege? #BorisJohnsonShouldNotBePM https://t.co/4NySvWv5hP,eng,hasoc_en_3758,0,0,0,0,0,0,0,0,0,0,0,0
#RandalWilliams is a #RAPIST  who heads #Missouris Health Dept &amp,eng,hasoc_en_3760,0,0,0,0,0,0,0,0,0,0,0,0
'#ICC says #MSDHONI cannot wear 'army logo' gloves'  #IndianArmy #BalidaanBadge #DhoniKeepsTheGlove #CricketWorldCup2019 https://t.co/Q14AJvQjdr,eng,hasoc_en_3762,0,0,0,0,0,0,0,0,0,0,0,0
#ShameOnICC poor planning or intentional deliberate choices ? Maybe next time participate in IPL planning 😂,eng,hasoc_en_3763,0,0,0,0,0,0,0,0,0,0,0,0
@The_JJAllen @BettyBowers 'Replied to a tweet saying something akin to ' oh yeah'   Bullshit i did . I said politely they are as fucked as each other .  So what is your next reply chief ?  OR are you the Perennial victim of oppression ? #dickhead,eng,hasoc_en_3765,0,0,0,0,0,0,0,0,0,0,0,0
@wingmanmike @KellyannePolls @POTUS @realDonaldTrump Certainly his last as a free man. 😁    #TrumpIsATraitor,eng,hasoc_en_3766,0,0,0,1,0,0,0,0,0,0,0,1
AIIMS Issues 48 Hours Ultimatum To CM Mamata Banerjee  https://t.co/5AWfsq3F5J @AITCofficial  @MamataOfficial  #DoctorsFightBack #AIIMS https://t.co/GBhMK64sAv,eng,hasoc_en_3767,0,0,0,0,0,0,0,0,0,0,0,0
#DhoniKeepsTheGlove or just write India on gloves but don't change gloves.,eng,hasoc_en_3768,0,0,0,0,0,0,0,0,0,0,0,0
@Dar_Thatcher @Debi129 Ivanka Voting Machines coming to a location near you. This truly is the upside done. #FucktRump,eng,hasoc_en_3769,0,0,0,0,0,0,0,0,0,0,0,0
Allen Solly Men's Polo @ Rs.599    https://t.co/ZaqlLyOEe7    #DoctorsFightBack #SaveBengal #amazon #flipkart #deals #dealoftheday #amazingdeals #offers #discount #JaiShreeRam #ModiForAll,eng,hasoc_en_3770,0,0,0,0,0,0,0,0,0,0,0,0
God I miss 44 #fucktrump #waytogivethanks #culvercity #california #greattribute #greatpresident #obama #44 #myreasontosmile #trumpwillnevergetmyvote #nostreet #foryou #incali #jackass #california #missesobama #gone… https://t.co/nOmxDE4Tgm,eng,hasoc_en_3771,0,0,0,0,0,0,0,0,0,0,0,0
India vs Australia match analysis and preview https://t.co/sWOobxHWE0  #EngvBan #ENGvPAK #bangladesh #INDvAUS #DhoniKeepTheGlove #DhoniKeepsTheGlove #TeamIndia,eng,hasoc_en_3772,0,0,0,0,0,0,0,0,0,0,0,0
@ICC should allow ms dhoni to keep glove. It is attached with indian people emotion.  @BCCI   #indiafirst   #DhoniKeepTheGlove   #DhoniKeepsTheGlove   #Dhoni   #DhoniAtCWC19   #DhoniKeepBalidaanBadgeGlove https://t.co/YavugaryBf,eng,hasoc_en_3773,0,0,0,0,0,0,0,0,0,0,0,0
Trump Is Urged to Fire Kellyanne Conway for Hatch Act Violations #Resist #ResistTrump #FuckTrump https://t.co/S9v9z9wCxu,eng,hasoc_en_3775,1,0,0,0,0,0,0,0,0,0,0,1
This - is - remarkable.     #TrumpIsATraitor #TrumpMustGo #TrumpMustResign Happy #JohnMcCainDay https://t.co/MTeMDl4hIZ,eng,hasoc_en_3776,0,0,0,0,0,0,0,0,0,0,0,0
@MamaMadisons First a tattoo saying #rapist on his forehead.,eng,hasoc_en_3778,0,0,0,0,0,0,0,0,0,0,0,0
Dear Drs and Non Medico Friends Please Keep twitting about WB Doctors plight with #Savethedoctors #DoctorsFightBack and tag @narendramodi @PMOIndia . As it’s weekend don’t allow the movement to weaken. It has to reach higher authority to take strong action.,eng,hasoc_en_3779,0,0,0,0,0,0,0,0,0,0,0,0
@realDonaldTrump @POTUS @DonaldJTrumpJr  #pedophiles #rapist with money can commit even murder and never face any consequence. https://t.co/8PXV2tG0wC,eng,hasoc_en_3780,0,0,0,0,0,0,0,0,0,0,0,0
MY THOUGHTS ON #BORISJOHNSON #BorisJohnsonShouldNotBePM https://t.co/5AIpBOYyYY,eng,hasoc_en_3783,0,0,0,0,0,0,0,0,0,0,0,0
#etsy shop: Trump Nixon Covfefe and the Crook President T-Shirt https://t.co/GGe44Hd1OZ #clothing #shirt #trump #nixon #president #protest #impeach #resist #fucktrump #taxday #MuellerReport #LindseyGraham #BarrHearing #BarrLied #BarrCoverUp #ImpeachBarrAndtRump #ImpeachTrumpNow https://t.co/2Acrf5a6G1,eng,hasoc_en_3784,1,0,0,0,0,0,0,0,0,0,0,1
@ICC Respect India.  #DhoniKeepTheGlove   #DhoniKeepsTheGlove   #KeepTheGlove,eng,hasoc_en_3785,0,0,0,0,0,0,0,0,0,0,0,0
#PakInsultsAbhi @KirenRijiju comes across a very weak minister he gave lip service on #DhoniKeepsTheGlove n we were left red faced while our cricketing grates @sachin_rt etc keeps mum wants money that's it. There was so much of talk abt boycott Pak nothing happened @AmitShah https://t.co/OBIGjbOW0D,eng,hasoc_en_3786,0,0,0,0,0,0,0,0,0,0,0,0
@TheRealOJ32 @KrisJenner Because this is what everyone needed you to put to rest. Thanks for the clarification OJ. #murderer #gimmeabreak #theglovedidfitbeforethebloodshrankit,eng,hasoc_en_3791,0,0,0,0,0,0,0,0,0,0,0,0
India won the toss and Bat first.... #DhoniKeepTheGlove #DhoniKeepsTheGlove #DhoniKeepTheGloves #INDvAUS #INDvsAUS https://t.co/419O67dBi4,eng,hasoc_en_3792,0,0,0,0,0,0,0,0,0,0,0,0
@BCCI If there will be no Ind vs pak then we will not watch world cup   #boycottworldcup   #ShameOnICC,eng,hasoc_en_3794,0,0,0,0,0,0,0,0,0,0,0,0
https://t.co/mN9i1OwGg1 They should have got #MrBlobby to take his place. He talks about as much sense as #BorisJohnson does. #BorisJohnsonShouldNotBePM,eng,hasoc_en_3795,0,0,0,0,0,0,0,0,0,0,0,0
Hey @ICC @ICCMediaComms !  Love from India. 🇮🇳  C.c  @PMOIndia @adgpi @msdhoni  @DefenceMinIndia @majorgauravarya @MajorPoonia @GeneralBakshi @sudhirchaudhary @dna @BCCI   #DhoniKeepsTheGlove #BalidaanBadge #DhoniKeSaathDesh #BalidanBadge https://t.co/gZh0j3BBbr,eng,hasoc_en_3796,0,0,0,0,0,0,0,0,0,0,0,0
#DhoniKeepsTheGlove my complete support to Dhoni,eng,hasoc_en_3797,0,0,0,0,0,0,0,0,0,0,0,0
@realDonaldTrump #Hashtag  #DelusionalDonald #TrumpsAnInternationalDisgrace #TrumpIsATraitor #TrumpIsADisgrace #TrumpIsAFraud #TrumpIsTheEnemyOfThePeople #TrumpIsANationalSecurityThreat #TrumpLiesEveryTimeHeSpeaks hereby  #WorstPresidentEver #TrumpTantrum,eng,hasoc_en_3798,0,0,0,0,0,0,0,0,0,0,0,0
@realDonaldTrump The video starts out very appropriate!  Trump IS A CARTOON! 🤡    Trump won because he was INSTALLED BY PUTIN &amp,eng,hasoc_en_3799,1,0,0,0,0,0,0,0,0,0,0,1
⚡️“IMA Scam: Who is Md Mansoor Khan? The Fraudster behind IMA Ponzi Scam” ⚡️    #IMAScam #IMAFraud #MansoorKhan #Bengaluru #PonziScheme    https://t.co/EIjWs833kx,eng,hasoc_en_3800,0,0,0,0,0,0,0,0,0,0,0,0
Fact check: Trump's FBI claims on Schiff and Warner don't hold up #Resist #ResistTrump #FuckTrump https://t.co/N0khzgcXvq,eng,hasoc_en_3803,1,0,0,0,0,0,0,0,0,0,0,1
@FootballPoll2 @ESPNcricinfo @ICC Oh really but @icc can covered the ground right . Btw #shameonicc  know the weather of england before they annaunced #iccwc2019 understand ! Thats it #viratkohli #teamindia,eng,hasoc_en_3804,0,0,0,0,0,0,0,0,0,0,0,0
The uniforms of all countries are somehow connected to the Nation and it must be and same love and salutes express this symbol so. #DhoniKeepsTheGlove,eng,hasoc_en_3805,0,0,0,0,0,0,0,0,0,0,0,0
Happy PRIDE Month   ✌️❤️🏳️‍🌈    #Pride2019 #LGBTQtogether #LGBTQ #GayPrideMonth #EqualityAct #NeverTrump #ImpeachDonaldTrumpNOW #fucktrump #firegop,eng,hasoc_en_3807,0,0,0,0,0,0,0,0,0,0,0,0
#BorisJohnsonShouldNotBePM please RT!,eng,hasoc_en_3809,0,0,0,0,0,0,0,0,0,0,0,0
Monday vibes! #MondayMood #mondayvibes #RESIST #ResistTrump #FuckTrump #BlueWave2020 #WomensRightsAreHumanRights https://t.co/2q0Uo0mLv2,eng,hasoc_en_3812,0,0,0,0,0,0,0,0,0,0,0,0
The #narcissists have a new king.   #OJSimpson #OJSimpsonIsAMurderer #narcissism #delusional #murderer,eng,hasoc_en_3813,0,0,0,0,0,0,0,0,0,0,0,0
.@drharshvardhan   Sur .. make central govt rule.  Why passing on responsibility?  @IndianMedAssn   #DoctorsProtest   #DoctorsFightBack https://t.co/YgPsTEoRNM,eng,hasoc_en_3814,0,0,0,0,0,0,0,0,0,0,0,0
Now the players need to learn swimming.. Near era of commentary would be like -' that was a fast swim between the wickets '.🤣🤣🤣🤣  #ShameOnICC,eng,hasoc_en_3815,0,0,0,0,0,0,0,0,0,0,0,0
Dear @ICC too much hypocrisy  Humble request to fellow Indian  Supporters who is going to watch upcoming matches in stadium take #BalidaanBadge insignia with you especially #IndvPak match held on16th June. #DhoniKeepsTheGlove #CWC19 #bycotticc,eng,hasoc_en_3816,0,0,0,0,0,0,0,0,0,0,0,0
Sunday is getting more hotter now !  All the best champ @imVkohli  Few hours to go 🤩 #INDvAUS  #DhoniKeepsTheGlove,eng,hasoc_en_3818,0,0,0,0,0,0,0,0,0,0,0,0
@DevinCow @TheRealOJ32 Blocked him. #MURDERER,eng,hasoc_en_3819,0,0,0,0,0,0,0,0,0,0,0,0
I love this place @industrialeats #FuckTrump https://t.co/2Lxye53iVB,eng,hasoc_en_3820,0,0,0,0,0,0,0,0,0,0,0,0
I think @ICC should focus on uphelding sports man sprit  rather than @msdhoni gloves. @BCCI #supportdhoni  #DhoniKeepsTheGlove,eng,hasoc_en_3822,0,0,0,1,0,0,0,0,0,0,0,1
World Cup#Umpiring these days #ShameOnICC https://t.co/zAMTjWh8H6,eng,hasoc_en_3825,0,0,0,0,0,0,0,0,0,0,0,0
@bhogleharsha @cricbuzz Both captains out on the field for the toss. Lands on heads. The Captain decides to swim first. #ICCWorldCup2019 #ShameOnICC #CricketWorldCup,eng,hasoc_en_3826,0,0,0,0,0,0,0,0,0,0,0,0
#ShameOnICC  @ICC You guys are more concerned about @msdhoni gloves or Michael Holding's commentary on umpires.,eng,hasoc_en_3830,0,0,0,0,0,0,0,0,0,0,0,0
@ImRaina @msdhoni As said by @ImRaina sir but trollers won’t understand everytime they need some or the other point to troll and being patriotic is not crime nor it is breaching rules of @ICC still msd is asked to remove glove and pakistan as usual like c,eng,hasoc_en_3831,0,0,0,0,0,0,0,0,0,0,0,0
How Do This Pakistanis Are Expecting To Win With Such A Team Which Has 0 Consistency 1 Min Up 1 Min Down Against India 🇮🇳 They Are Going To Badly Defeated Like Always  #SAMIIBRAHIM #PakvsInd #FawadChaudhry #HinduSamarajyaDiwas #DoctorsFightBack #BoycottBankAlFalah,eng,hasoc_en_3832,0,0,0,0,0,0,0,0,0,0,0,0
#DhoniKeepsTheGlove Dhoni just love India and for the pride of our beloved Nation Dhoni should keep wearing the glove with the balidan logo....,eng,hasoc_en_3833,0,0,0,0,0,0,0,0,0,0,0,0
@poplife @ewarren @KamalaHarris Sooooo cool! I'm feelin your excitement!!!!  #MoreWomenInOffice #Warren2020 #Harris2020  #DreamTeam2020  #WomensRightsAreHumanRights #FuckTrump,eng,hasoc_en_3834,0,0,0,0,0,0,1,0,0,0,1,1
@NYPDONeill well you certainly didn’t come off like a total asshole live on TV. 🤦🏻‍♂️ Way to go taking your Superiority Complex to the podium &amp,eng,hasoc_en_3835,0,0,0,0,0,0,0,0,0,0,0,0
@AndrewWilliamP7 @Feroxbill1 @Harry76050237 Oh a bit of a smart ar*e Andrew... if I were you I’d check who started the thread &amp,eng,hasoc_en_3836,0,0,0,0,0,0,0,0,0,0,0,0
@HMOIndia @AmitShah @MoHFW_INDIA should take necessary action to stop #HumanRightsViolations happening in West Bengal #isupportdoctors  #DoctorsProtest #DoctorsFightBack #DoctorsStrike,eng,hasoc_en_3837,0,0,0,0,0,0,0,0,0,0,0,0
@mipaltan None other than our HITMAN RO-HIT SHARMA @ImRo45 BY THE WAY #ShameOnICC,eng,hasoc_en_3838,0,0,0,0,0,0,0,0,0,0,0,0
#SaturdayThoughts #SaturdayMotivation #Savethedoctors #MamtaBanerjee #mamtalosingcontrol #WestBengal #BengalDoctorsStrike #BengalViolence #DoctorsProtest #DoctorsFightBack #DoctorsUnderOppression #doctor #jokes #TEHC    (Credits: @Kulkarnium ) https://t.co/pqEpZbDlM5,eng,hasoc_en_3839,0,0,0,0,0,0,0,0,0,0,0,0
@surnell @muraliks_11 @BCCI @ICC Yep...How can it violate those three regulations...  #DhoniKeepsTheGlove,eng,hasoc_en_3840,0,0,0,0,0,0,0,0,0,0,0,0
You can remove Soldier from Army but can't remove Army from within Soldier.  @msdhoni @BCCI @ICC #DhoniKeepsTheGlove https://t.co/Xn3sH7Qlrz,eng,hasoc_en_3841,0,0,0,0,0,0,0,0,0,0,0,0
Be an hindu or muslim and anyone else... A #rapist should be punished without delays. There must be no room to discuss to defend these issues #indianfirst,eng,hasoc_en_3842,0,0,1,0,0,0,0,0,0,0,0,1
Those purebreds on social media advising that Dhoni should get the Insignia logo tattooed on his arm - calm down &amp,eng,hasoc_en_3843,0,0,0,0,0,0,0,0,0,0,0,0
@kylegriffin1 #ExtinctTheGOP    The #GOP DOES NOT work for 'WE THE PEOPLE' (American Citizens).    The #GOP DOES NOT uphold their Oath of Office!    #GOPTraitors  #GOPTreason   @RepChrisStewart #TREASONOUS  #TrumpIsATraitor   #ImpeachTrumpNow,eng,hasoc_en_3844,0,0,0,0,0,0,0,0,0,0,0,0
🔴 ⚪ 🔵 🔴 ⚪ 🔵 🔴   #billclinton clintonfoundation hillaryclinton @barackobama #rapist #murderers #nypost #pedogate #clintoncrimes #nola #nytimes #clintonbodycount #washingtonpost #USA #America #qanon #KAG2020 #anonymous… https://t.co/YHTsiB1LJv,eng,hasoc_en_3846,0,0,0,0,0,0,0,0,0,0,0,0
This is sad and disgusting and I can't take it anymore. :'(   #FuckTrump https://t.co/qjYvH1Rfp6,eng,hasoc_en_3847,0,0,0,0,0,0,0,0,0,0,0,0
Nothing else matters  #IstandwithNRS #DoctorsStrike #DoctorsFightBack #DoctorsUnderOppression #doctors_against_assualt https://t.co/t2Sp9NBuyY,eng,hasoc_en_3848,0,0,0,0,0,0,0,0,0,0,0,0
@clevelanddotcom #ImpeachTrumpNow   #ImpeachmentInquiryNow #fucktrump   #TraitorTrump #RussianAsset #GOPTraitors #NationalJohnMcCainDay #NationalSecurity threat #CriminalInChief   #ImpeachTheMFTraitor,eng,hasoc_en_3849,0,0,0,0,0,0,0,0,0,0,0,0
Spotted outside Trump World Tower  #notmypresident #dumptrump #fucktrump #midtowneast #dachshund @ Trump World Tower https://t.co/eVW8fsQA6H,eng,hasoc_en_3850,1,0,0,0,0,0,0,0,0,0,0,1
A 70-year-old alleged #rapist John Nomeh is among the 26 awaiting trial inmates of the Abakaliki prisons freed by the Chief Judge of Ebonyi on Monday in Abakaliki.    Read: https://t.co/vr5Xl1VLEu  Alleged rapists should not be eligible for such acts of clemency.  #rape,eng,hasoc_en_3851,0,0,0,0,0,0,0,0,0,0,0,0
Mr Johnson as Mayor of London. And this man could be our Prime Minister. #BorisJohnsonShouldNotBePM #ToryLeadershipElection https://t.co/Oltd7JC4EG,eng,hasoc_en_3852,0,0,0,1,0,0,0,0,0,0,0,1
*enter sarcasm* They don't need evidence to prove anything! If they said it it's true and anyone who expects proof is part of the fake news media. 🤬🤬🤬🤬 #ThursdayThoughts #ImpeachTrumpNow #TrumpisaTraitor #FuckTrump https://t.co/78kDKRQvK4,eng,hasoc_en_3854,0,0,0,0,0,0,0,0,0,1,1,1
Happy John McCain Day!!! #JohnMcCain #BetterThanTrump #WarHero #FuckTrump,eng,hasoc_en_3856,0,0,0,0,0,0,1,0,0,0,1,1
The #Murderer Was Full of #Hate. But Did He Commit a Hate #Crime? https://t.co/MOftSbAR4w,eng,hasoc_en_3857,0,0,0,0,0,0,0,0,0,0,0,0
#Savethedoctors #SAVEDOCTORS #DoctorsFightBack #doctors_against_assault #DoctorStrike  . We deserve respect not arrogance. https://t.co/VdUAQmn2XA,eng,hasoc_en_3858,0,0,0,0,0,0,0,0,0,0,0,0
@GableSteveson I hope u get gang banged if prison have a nice life thank god I didn’t get a picture with u #rapist,eng,hasoc_en_3859,0,0,0,0,0,0,0,0,0,0,0,0
@ICC Should change the venue for semifinal and finals  #ICCCWC2019 #CWC19 #INDvNZ #ShameOnICC,eng,hasoc_en_3860,0,0,0,0,0,0,0,0,0,0,0,0
Day 2 ...The Protest Continues !!  #SaveTheSaviour   #SaveBengal   #SaveOurDoctors   #DoctorsFightBack   #DoctorsProtest https://t.co/pZX5NFoc2b,eng,hasoc_en_3861,0,0,0,0,0,0,1,0,0,0,1,1
THE 7 BIGGEST FAILURES OF TRUMPONOMICS... #Resist #ResistTrump #FuckTrump https://t.co/AgimFUzDCn,eng,hasoc_en_3864,0,0,0,0,0,0,0,0,0,0,0,0
#DoctorsFightBack in Bengal Vs #LeecheeFightBack in Bihar. When people will get the proper quality medical services without reservations? Surely a Curse now blaming leeches today n mangoes Tommorrow in fighting,eng,hasoc_en_3867,0,0,0,0,0,0,0,0,0,0,0,0
@Banks want to explain yourself? @AlissaViolet @FaZeClan @FaZeApex @FaZeBlaze @FaZeAdapt @JohnScarce @FaZe_Rain #TrumpSupporter #fucktrump https://t.co/fl2jaY7m92,eng,hasoc_en_3869,0,0,0,0,0,0,0,0,0,0,0,0
Focus on umpiring issues @ICC  rather than @msdhoni I support dhoni ji.   #DhoniKeepsTheGlove #MSDHONI,eng,hasoc_en_3870,0,0,0,0,0,0,0,0,0,0,0,0
#nopoliticswithdoctors #DoctorsFightBack Need urgent intervention frm the newly formed gov. to take some necessary &amp,eng,hasoc_en_3871,0,0,0,0,0,0,0,0,0,0,0,0
Blackmailing our professors and parents won't stop us from asking for what belongs to us  #DoctorsUnderOppression  #DoctorsFightBack  #doctorsUderPression  #help,eng,hasoc_en_3872,0,0,0,0,0,0,0,0,0,0,0,0
This is a ploy to get us into another senseless war. The trump administration is making up fake evidence and framing Iran. That’s why Kushner was talking to Saudi Arabia so much. #BoltonIsBehindIt #TrumpIsATraitor #ImpeachDonaldTrumpNOW #TrumpCrimeSyndicate https://t.co/qRzyVNX4Jv,eng,hasoc_en_3873,1,0,0,0,0,0,0,0,0,0,0,1
YouTube’s CEO issued a non-apology to LGBTQ people. It didn’t go over well. #Resist #ResistTrump #FuckTrump https://t.co/8rhMpNfpTe,eng,hasoc_en_3876,0,0,0,0,0,0,0,0,0,0,0,0
@republic #DoctorsFightBack Situation going out of control-critical patients not getting treatment as doctors are on strike. @MamataOfficial must respond to diffuse the situation &amp,eng,hasoc_en_3879,0,0,0,0,0,0,0,0,0,0,0,0
How @realDonaldTrump supporters are made. #TrumpTantrum #TrumpLiesMatter #TrumpIsACriminal #TrumpIsATraitor https://t.co/qicy0JJnMJ,eng,hasoc_en_3880,0,0,0,0,0,0,0,0,0,0,0,0
ICC you can stop dhoni but can't stop his fans .   #JaiHind 🇮🇳  #Msd #DhoniKeepsTheGlove #CWC19  #BalidanBadge #ICCWC2019 #ICCVersusIndia #ICCWorldCup #ICCWC19 #gabbar #ShikharDhawan #rohit #INDvAUS #BleedBlue  #sachinopenagain #AskStar #WorldCup2019 #CricketWorldCup https://t.co/DZCxxxySJB,eng,hasoc_en_3882,0,0,0,0,0,0,0,0,0,0,0,0
#Yale #psychiatrist Bandy X. Lee on #Trump : 'His state of mind has been steadily #deteriorating for some time' | https://t.co/VnD5h4rBDs    #ResignTrump   #Delusional #psychopath   #ADD  #TrumpIsATraitor  https://t.co/8ROUYXw8iT,eng,hasoc_en_3883,1,0,0,0,0,0,0,0,0,0,0,1
#lougehrig #baberuth #nyyankees #murderer’srow  #writing   #screenwriting   #tvwriting  #amediting  #amrewriting  #writingmusic  #scriptnotes  #scriptchat  #nycgratitude @ Central Park https://t.co/lXAC85wsAO,eng,hasoc_en_3884,0,0,0,0,0,0,0,0,0,0,0,0
Delhi's 14000 Docs In Solidarity Protest For Their West Bengal Colleagues #DoctorsFightBack #DoctorsProtest #SaveTheDoctors   https://t.co/QZIQOEjjef,eng,hasoc_en_3889,0,0,0,0,0,0,0,0,0,0,0,0
I support Dr. Sahab     #DoctorsProtest  .  #DoctorsFightBack,eng,hasoc_en_3890,0,0,0,0,0,0,0,0,0,0,0,0
@Brasilmagic @GOPChairwoman @realDonaldTrump Since he all but admitted that he would take the info which requires payment implying that he obviously did since he’s been doing Russia favors and making those payments through his entire presidency. #RussianA,eng,hasoc_en_3892,0,0,0,0,0,0,0,0,0,0,0,0
FATAH: Why Shariah mortgage is a deception https://t.co/saoQ8EdbxE  #IMA    #IMAJewelsFraud   #IMAJewels  #IMAScam   #IMAFraud  #MansoorKhan  #IMAFraudCase   #Bangalore,eng,hasoc_en_3893,0,0,0,0,0,0,0,0,0,0,0,0
#DoctorsFightBack Angry Relatives Of Patients roughing up and mishandling Doctors is old story. So is protest by Doctors to counter such misbehaviour. But BJP has achieved a first by converting this into Muslims vs Doctors.,eng,hasoc_en_3895,0,0,0,0,0,0,0,0,0,0,0,0
Why so much Muslim appeasement by Mamta Banerjee  Just vote bank politics by her.  She has the rights to say doctors that they are wrong and are outsiders but she cannot say that Muslim crowd.who attacked that they were wrong.  #SaveBengal  #DoctorsFightBack   #SAVEDOCTORS https://t.co/KADSUfDBWv,eng,hasoc_en_3896,0,0,1,0,0,0,0,0,0,0,0,1
#SAMIIBRAHIM #PakvsInd #FawadChaudhry #HinduSamarajyaDiwas #DoctorsFightBack #BoycottBankAlFalah Hahaha When You Type Bhikhari in Google Search It is Popping Up Imran Khan Pics 😂😂😂😂😂😂 https://t.co/WRrAWvqwsW,eng,hasoc_en_3899,0,0,0,0,0,0,0,0,0,0,0,0
@realDonaldTrump @nytimes I would love to own a company that is 'failing' so badly   lol   trump wouldn't know a thriving company  because he has never owned one! #idiottrump #lyingtrump #trumpiscompromised #delusionaldon,eng,hasoc_en_3900,1,0,0,0,0,0,0,0,0,0,0,1
@eugenegu @jake_avis84 @realDonaldTrump What’s it cost these days to buy a medical degree from the islands? Maybe I could be called doctor too! #DoucheBag @AmerMedicalAssn @FoxNews @seanhannity @TuckerCarlson,eng,hasoc_en_3902,0,0,0,0,0,0,0,0,0,0,0,0
@TeaPainUSA Wondering if NYT has now endangered the situation by reporting it....Trump-Putin are now aware....and will do everything to win 2020...    #TrumpIsATraitor #PutinsPuppet,eng,hasoc_en_3904,1,0,0,0,0,0,0,0,0,0,0,1
#SanctuaryCity proponents #jennydurkan #pramilajayapal #jayinslee #pattymurray and #mariacantwell must be disappointed that #rapist #illegalimmigrant #fidellopez isnt under #DemocraticParty protection in #seattleWA    https://t.co/DZsTj7oSMt,eng,hasoc_en_3905,0,0,0,0,0,0,0,0,0,0,0,0
Now you understand who I am really? Ha Ha  #DoctorsFightBack https://t.co/xFr9YMLANK,eng,hasoc_en_3907,0,0,0,0,0,0,0,0,0,0,0,0
#DoctorsFightBack #MamataFrustrated    It's high time the home ministry took charge in Bengal and bring the situationn to control .    These are the things that public expect from a strong HM . 🙏  @AmitShah @AmitShahOffice @narendramodi,eng,hasoc_en_3908,0,0,0,0,0,0,0,0,0,0,0,0
@44mmvvpp @harrisbw49 Gas Station Toilet 45/40  and why isn't #FuckTrump the top trend everyday.,eng,hasoc_en_3910,0,0,0,0,0,0,0,0,0,0,0,0
She’s probably lying about leaving so people don’t notice trump selling arms to country that attacked USA on 9/11.  #TrumpTreason #TrumpResignNow #TrumpIsATraitor https://t.co/xMxygYAvuL,eng,hasoc_en_3911,1,0,0,0,0,0,0,0,0,0,0,1
I’d believe a talking anus over trump. 😂😂😂😂 #NotMyPresident #fucktrump #atleastananusdoesntlie #ImpeachTrump,eng,hasoc_en_3912,1,0,0,0,0,0,0,0,0,0,0,1
@realDonaldTrump You having been squealing like a stuck pig for years about this!  Oops! I guess that’s exactly the problem!  #Trump #TrumpIsATraitor #TrumpRussia #TrumpTantrum,eng,hasoc_en_3913,1,0,0,0,0,0,0,0,0,0,0,1
#DoctorsFightBack this is new India agitating against fraud leaders. Bengal CM has lost her mental balance &amp,eng,hasoc_en_3914,0,0,0,0,0,0,0,0,0,0,0,0
Then #ABrandNewDayOUTNOW was released and it is AMAZING  And now #BoyWithLuv18thWin 🏆  #ShameOnICC @PlayBazaar @PlayBazzar #ABrandNewDayOutNow  #BoyWithLuv18thWin 🎉🎉🎉🎉🎉    Link Now https://t.co/bpgkmUDz5B    How @BCCI takes care of ground   How @ICC takes care of remember it @ICC https://t.co/RK6SOrEtqA,eng,hasoc_en_3915,0,0,0,0,0,0,0,0,0,0,0,0
@TheRealOJ32 @KrisJenner You do know absolutely no one is listening to this right? #MURDERER,eng,hasoc_en_3916,0,0,0,0,0,0,0,0,0,0,0,0
@RepDLamborn Liar! You have no rights to make decisions on behalf of women. This is NOT infanticide but the kids YOU are killing at the border is indeed. #murderer,eng,hasoc_en_3917,0,0,0,0,0,0,0,0,0,0,0,0
@_yogirlt Only to be informed of his complete and utter bullshit ...can’t stand the douche bag.  But you’re my fave person I follow hahahaha so I will gladly unfollow #fucktrump,eng,hasoc_en_3918,0,0,0,0,0,0,0,0,0,0,0,0
#IdiotTrump Claims His Own Polls Are Fake And He Is Winning In Every State https://t.co/skHSu7bGmP  #TrumpsWorseThanNixon,eng,hasoc_en_3919,0,0,0,0,0,0,0,0,0,0,0,0
@MeetThePress @SteveScalise Really Steve @SpeakerPelosi isn’t working with you on big issues? You mean like @senatemajldr not bringing any bills to the floor to protect our elections? But hell its only Our Democracy you refuse to protect   #GOP #TrumpIsAT,eng,hasoc_en_3920,0,0,0,0,0,0,0,0,0,0,0,0
@marcorubio Mohamed Bin Salaam - #murderer #liar    Iranian Clerics- murderers liars    Don Trump - #compulsiveliar #cheater #thief     See the problem? It was bound to happen.,eng,hasoc_en_3921,1,0,0,0,0,0,0,0,0,0,0,1
It's a crime to hit a ONDUTY POLICE OFFICER but it's okay to hit a ONDUTY DOCTOR? #Bangladesh #India #Kolkata #doctors_against_assualt #DoctorsStrike #DoctorsFightBack #public,eng,hasoc_en_3922,0,0,0,0,0,0,0,0,0,0,0,0
@realDonaldTrump #fucktrump you’re a disgrace doll hands,eng,hasoc_en_3923,0,0,0,0,0,0,0,0,0,0,0,0
@cricketworldcup @ICC This world cup 19 should be ban !! 😡😡 Rain rain rain motherfuckerr ICC   Shift this world to another country or ban this world cup 19 😡😡   #ShameOnICC 😡😡,eng,hasoc_en_3924,0,0,0,0,0,0,1,0,0,0,1,1
@EllisFan14 Only if he finds you. #OJSimpson #murderer,eng,hasoc_en_3925,0,0,0,0,0,0,0,0,0,0,0,0
@BettyBowers @realDonaldTrump Market crash coming sooner.  Right during 2020 election.  Sorry but #TrumpTaxScam won't prop up Wall Street thru the election.  You and @GOP will be held accountable by your own voters!  Wish Obama was back to clean up your $,eng,hasoc_en_3926,1,0,0,0,0,0,0,0,0,0,0,1
@HamAnalysis Shame on him! #dickhead,eng,hasoc_en_3927,0,0,0,0,0,0,0,0,0,0,0,0
@Sarah_SKG_1983 The beach is calling! Weekend has already begun. Celebrate!    #HappyJohnMcCainDay   #TrumpIsATraitor   #VoteBlueToSaveAmerica https://t.co/liooT6TYiR,eng,hasoc_en_3929,0,0,0,0,0,0,0,0,0,0,0,0
@funder #JohnMcCainDay Thanks for fund raising on the promise of Obamacare repeal from Republican voters only to screw them over by deciding it was more important to put yourself first just to screw Trump in a personal vendetta.    'preciate it. #AmericaF,eng,hasoc_en_3931,1,0,0,0,0,0,0,0,0,0,0,1
A billion Cricket fans waited four years to watch how it rains in England #shameonicc https://t.co/8rgl9lu2vN,eng,hasoc_en_3934,0,0,0,0,0,0,0,0,0,0,0,0
Happy #JohnMcCainDay #JohnMcCainDayJune14th   #fucktrump,eng,hasoc_en_3936,0,0,0,0,0,0,0,0,0,0,0,0
@psarkar2111 We need correct action from doctor how fast they are resigned that much fast they need to work hard to save the people public have eyes they are watching and they are fighting it mass thread to puplic #DoctorsFightBack #doctors #DoctorsProtes,eng,hasoc_en_3939,0,0,0,0,0,0,0,0,0,0,0,0
What is stopping Modi Govt To Impose president Rule In West Bengal #doctorsfightback @MamataOfficial #MamataBanarjee @AmitShah,eng,hasoc_en_3940,0,0,0,0,0,0,0,0,0,0,0,0
Benedict Arnold used debt and being passed over for promotion to turn traitor on the USA...I wonder what reason Trump will use???  #trumpisatraitor #,eng,hasoc_en_3941,1,0,0,0,0,0,1,0,0,0,0,1
#ShameOnICC u cheated all cricket fans.. cancel this world cup..,eng,hasoc_en_3945,0,0,0,0,0,0,0,0,0,0,0,0
Dear #icc on 16th June 2019 decide whether we play football or cricket. Match to hona hi chaiye #INDvsPAK #ShameOnICC,eng,hasoc_en_3946,0,0,0,0,0,0,0,0,0,0,0,0
Trumpkin’s are clutching their hypocrisy pearls over #JohnMCainDayJune14th &amp,eng,hasoc_en_3947,0,0,0,0,0,0,0,0,0,0,0,0
@realDonaldTrump And you #TrumpLiesEveryTimeHeSpeaks #TrumpsAnInternationalDisgrace #TrumpIsANationalSecurityThreat #TrumpIsATraitor #TrumpIsADisgrace #TrumpIsNotAboveTheLaw,eng,hasoc_en_3948,0,0,0,0,0,0,0,0,0,0,0,0
Dear @ICC Offering namaz on field is not a bigg issue but Wearing glove containing Army logo( non political non religious not harming anyone’s sentiments) is objectable for icc ! @BCCI #DhoniKeepsTheGlove #DhoniKeepBalidaanBadgeGlove  Or we(hindustani) start #boycottworldcup,eng,hasoc_en_3949,0,0,0,0,0,0,0,0,0,0,0,0
@realDonaldTrump The NYT has been around long before you and will be around long after you are gone and forgotten.  YOU ARE THE ENEMY OF THE PEOPLE!  #EnemyOfThePeople   #TrumpIsTheEnemyOfThePeople   #TrumpIsATraitor   #TrumpIsAFraud   #TrumpIsAMoron,eng,hasoc_en_3950,0,0,0,0,0,0,0,0,0,0,0,0
Wasn't that the point?   #TrumpIsATraitor https://t.co/B8bDDIhFGu,eng,hasoc_en_3952,0,0,0,0,0,0,0,0,0,0,0,0
Stop violence against Doctors. #DoctorsFightBack. @MamataOfficial @republic https://t.co/OopmY9lXW5,eng,hasoc_en_3953,0,0,0,0,0,0,0,0,0,0,0,0
Real Talk:    If you support @realDonaldTrump you are a Russian sympathizer and have no business being an American. I believe you to be a traitor and should be assigned as such. #TraitorTrump #reasonfortreason #fucktrump #deporttraitors,eng,hasoc_en_3954,0,0,0,0,0,0,0,0,0,0,0,0
#DefeatGOPin2020  #DictatorTrump #ImpeachmentInquiryNow #ImpeachmentHearingsNow  #TraitorTrump #TreasonousTraitorTrump  #TrumpisaTraitor  #TreasonousTrump #treason   Trump blocks three Florida congresswomen from visiting Homestead child detention center https://t.co/4U8tL7LbN8,eng,hasoc_en_3955,1,0,0,0,0,0,0,0,0,0,0,1
ICC is not God. If we give in today then tomorrow they will ask us to remove sacred threads worn by players of all religions on their hands and neck.   #DhoniKeepsTheGlove   #DhoniKeSaathDesh   #ISupportDhoni,eng,hasoc_en_3957,0,0,0,0,0,0,0,0,0,0,0,0
Trump is the biggest traitor in American history. RT if you agree. #TrumpIsATraitor,eng,hasoc_en_3958,1,0,0,0,0,0,0,0,0,0,0,1
If a cricketer can put their personal sponsors sticker on their bat then why can’t @msdhoni wear a #BalidaanBadge which makes every Indian proud.@ICC don’t you have any other work then checking Badges? @BCCI should back Dhoni. #WeStandWithDHONI #DhoniKeepsTheGlove @chirayu_patel,eng,hasoc_en_3959,0,0,0,0,0,0,0,0,0,0,0,0
This bozo is happy for the country to have a PM deciding how much scrutiny he gets. The less the better it appears. 🙄FFS. #BorisJohnsonShouldNotBePM https://t.co/SosAKxtGSG,eng,hasoc_en_3960,0,0,0,0,0,0,0,0,0,0,0,0
This is terrifying. And should be part of the 24 news cycle. MSM needs to stop salivating over 45’s idiotic speeches &amp,eng,hasoc_en_3961,0,0,0,0,0,0,0,0,0,0,0,0
Not much reporting on the further devaluation of the £ (GBP) against the € (Euro) and against the $ (USD) as well as against most other currencies in the last 10 days #BorisJohnsonShouldNotBePM #Brexitparty_uk ? And Unionists worry about a Scottish Currency 😂,eng,hasoc_en_3962,0,0,0,0,0,0,0,0,0,0,0,0
We should ALL fight back against donnie dump's unconstitutional question on the new census that asks if you are a citizen! Check off □not a citizen!! #fucktrump,eng,hasoc_en_3964,0,0,0,0,0,0,1,0,0,0,1,1
#democracy &amp,eng,hasoc_en_3965,0,0,0,0,0,0,0,0,0,0,0,0
Happy JOHN MCCAIN DAY #JohnMCainDay     Here’s what a real hero looks @realDonaldTrump     RT to show your love!     #TrumpIsATraitor https://t.co/LxgEMd86zv,eng,hasoc_en_3966,0,0,0,0,0,0,0,0,0,0,0,0
#FuckTrump  Still.  Again  Please. https://t.co/ogxH1TDZxy,eng,hasoc_en_3968,0,0,0,0,0,0,0,0,0,0,0,0
@RudyGiuliani @realDonaldTrump FFS!  What are babbling about now?? You’re delusional! #TrumpsWorseThanNixon #MAGAStupid #TrumpIsADisgrace #TrumpIsATraitor https://t.co/DtIY0LCLyP,eng,hasoc_en_3969,0,0,0,0,0,0,1,0,0,0,1,1
Of course #IdiotTrump has never called the @FBI.  HE’S the bad guy.  😖  @TheDemocrats  - guys?  Come ON. https://t.co/Wa0OJiTIUU,eng,hasoc_en_3970,0,0,0,0,0,0,0,0,0,0,0,0
@AOC You just need to stop lying and go back to being a bartender! Hyde is about abortion! #MURDERER,eng,hasoc_en_3971,0,0,0,0,0,0,0,0,0,0,0,0
@realDonaldTrump Loser    #SenileAF #StableGenius #racist #rapist #pervert #treason #Resist #UnstablePresident,eng,hasoc_en_3972,0,0,0,0,0,0,0,0,0,0,0,0
बाप तो बाप होता है!! 🇮🇳🇮🇳🇮🇳  Foul mouthed scum from #TerroristNationPakistan is suddenly silent..   #IndiaVsPakistan #INDvPAK  #PakVsIndia #indiavspak  #PKMKB  #FathersDay,eng,hasoc_en_3973,0,0,0,0,0,0,1,0,0,0,1,1
@realDonaldTrump very clear you love you a scandal! How about firing #SarahSanders because of your bad call in France in front of graves of the fallen? Maybe fired cuz @ABC &amp,eng,hasoc_en_3974,0,0,0,0,0,0,0,0,0,0,0,0
#ShameOnICC Very disappointing...  Hopeless! 4 matches washed out due to rain. Cricket fans from all around the world distressed. Why ICC selecting the venue affected by weather for a World Cup tournament.  ICC has to think seriously on this for the future matches.,eng,hasoc_en_3975,0,0,0,0,0,0,0,0,0,0,0,0
@realDonaldTrump C'mon Vlad! Spill the beans on what you have on @realDonaldTrump! Look at how scared Trump is! #TrumpIsATraitor #ImpeachTrump #VladimirPutin cc: @nytimespr @nytimes https://t.co/EmN46BZQKj,eng,hasoc_en_3976,1,0,0,0,0,0,0,0,0,0,0,1
@realDonaldTrump Most Unpresidential President! You’ll go down in history as a 4 year embarrassment to the U.S. #childish #embarrassing #LoserTrump #IdiotInChief #idiotTrump #unpresidential,eng,hasoc_en_3977,0,0,0,0,0,0,0,0,0,0,0,0
#ShameOnICC @cricketworldcup @ICC .. wrost world cup 😪,eng,hasoc_en_3979,0,0,0,0,0,0,0,0,0,0,0,0
Well done @ICC .  What a great schedule!!  The biggest cricketing action is washing out due to rain.   Very poor from @icc and @englandcricket    We won't be calm if this repeats in most awaited  indo-pak game.  Be very careful!!  #ShameOnICC   #INDvPAK https://t.co/hUwHWeWqCF,eng,hasoc_en_3980,0,0,0,0,0,0,1,0,0,0,1,1
Mamta is pissed off at the doctor because someone told her their handwriting is more ligible than her artworks! @MamataOfficial @AITCofficial  #DoctorsUnderOppression  #DoctorsFightBack   #MamataLosingControl #SaveBengal #Savethedoctors,eng,hasoc_en_3981,0,0,0,0,0,0,0,0,0,0,0,0
@TheRealOJ32 You or your children NEVER want to talk about the “killings” again. 🤔 So you don’t care to find the killers? You don’t want to protect others from this mass murderer still on the loose? 🤣😂🤣😂🤦‍♂️ You aren’t going to like your next ventur,eng,hasoc_en_3982,0,0,0,0,0,0,0,0,0,0,0,0
@9NEWS Of course @HillaryClinton would support a Woman on her Knees!     That’s the only way @BillClinton will likes them!     #Clinton #DemocratsAreCorrupt #monica #cigars #clintoncrime #haiti #bleachbit #benghazi #rapist #Fakefeminist #groperinchief #im,eng,hasoc_en_3983,0,0,0,1,0,0,0,0,0,0,0,1
@_REALOJ32 You should be in jail #ratio #murderer,eng,hasoc_en_3984,0,0,0,0,0,0,0,0,0,0,0,0
Islam in mission #wahabi #terrorism #jehad #rapist #looter #murderer from #madarsa #masjid #TwinkleSharma #Delhi #bareli https://t.co/gD67BC6yFK,eng,hasoc_en_3985,0,0,1,0,0,0,0,0,0,0,0,1
The Bozo Bros taxpayer funded European Vacation. #erictrump #donjr #fucktrump #uk #ireland #vacation #barcrawl #goodtime #trumporganization #scam #conmen #confamily #humancentipede #tellemwhyyoumad #grindsmygears… https://t.co/mEkANeHdEb,eng,hasoc_en_3986,0,0,0,0,0,0,0,0,0,0,0,0
Happy..... #JohnMcCainDay @realDonaldTrump  thought I was gonna say birthday huh? #fuckyourbirthday #fucktrump #yourmomshouldveswallowedyou,eng,hasoc_en_3988,0,0,0,0,0,0,0,0,0,0,0,0
@DiamondandSilk @Johnatsrs1949 @realDonaldTrump wow.  what a group of sickos   #ImpeachTrumpNow #racistTrump  #fuckTrump https://t.co/pxYP7jfXrV,eng,hasoc_en_3989,0,0,0,0,0,0,0,0,0,0,0,0
Just a reminder of what an arse Johnson is. He will never be my PM. #BorisJohnsonShouldNotBePM https://t.co/8vlWsQcfth,eng,hasoc_en_3990,0,0,0,0,0,0,0,0,0,0,0,0
@neal_katyal @MiaFarrow He's not even fit to be an American! #TrumpIsATraitor,eng,hasoc_en_3991,0,0,0,0,0,0,0,0,0,0,0,0
@TheRealOJ32 #Murderer isn’t it time for you to violate your parole again?,eng,hasoc_en_3992,0,0,0,0,0,0,0,0,0,0,0,0
@cassk310 R. Kelly is a Child Molester and Sexual Predator #pedophile #chomo #rapist #prison #rkelly Lock R. Up!!,eng,hasoc_en_3993,0,0,0,0,0,0,1,0,0,0,1,1
@republic #DhoniKeepsTheGlove #DhoniKeepTheGloves  @ICC @ICCMediaComms go to hell ICC... we are not giving away anything !! Ask pakistan team to stop praying namaz on field first !! @BCCI have some guts and back bone and stand up against this hypocrasy to,eng,hasoc_en_3996,0,0,0,0,0,0,1,0,0,0,1,1
Call themselves the most  developed country in the world. Call Cricket  as the national sport of the country.  Yet cant  cover their ground during rains in  the biggest cricket tournament in the world.  Shame on @englandcricket   Shame on @ICC     #ShameOnICC,eng,hasoc_en_3997,0,0,0,0,0,0,0,0,0,0,0,0
You have to take this for exactly what it is. Trump is a traitorous POS. He only cares about one thing and it's not our country our it's people. He holds the highest office in the land by title only and he throws OUR country UNDER THE FUCKING BUS DAILY FOR HIS EGO. #FuckTrump https://t.co/kF3OuTPutH,eng,hasoc_en_3998,1,0,0,0,0,0,0,0,0,0,0,1
@edgonzal1976 @TheRealOJ32 lol #OJSimpson 'has a little getting even to do'    thankfully knife blades can't penetrate my twitter account    #murderer @TheRealOJ32,eng,hasoc_en_3999,0,0,0,0,0,0,0,0,0,0,0,0
Zero Tolerance of WB Government led by @MamataOfficial.   No law and order.  Utter shameful.  I request Government of India @HMOIndia to take stock of the situation and impose Article 356 for the betterment of the People of Bengal #SaveBengal. #DoctorsFightBack #DoctorsStrike https://t.co/GTeIb5nHp0,eng,hasoc_en_4000,0,0,0,0,0,0,0,0,0,0,0,0
India's pride can't be diminished by a pack of British Morons @ICC  Show your support for @msdhoni  Change your dp..    @M_Lekhi awesome move!    #IndiaWithDhoni  #BalidanBadge  #DhoniKeepsTheGlove https://t.co/qC2sGhnISm,eng,hasoc_en_4004,0,0,0,0,0,0,0,0,0,0,0,0
@HittsVora @RahulGandhi True to character. RaGa Begins another term of buffoonery #congressmuktbharat only way forward for the nation,eng,hasoc_en_4006,0,0,0,0,0,0,0,0,0,0,0,0
Trump admin's case for census question is bogus #Resist #ResistTrump #FuckTrump https://t.co/PgjzkPooun,eng,hasoc_en_4007,1,0,0,0,0,0,0,0,0,0,0,1
Nowadays @BCCI just want money nothing else. The officers are so weak in this institution that they can’t even take a stand for their country. For them money is more imp. Than country’s respect. Such a Shame that is @BCCI #DhoniKeepsTheGlove #IndiaStandsWithDhoni #IndiaWithDhoni,eng,hasoc_en_4009,0,0,0,0,0,0,0,0,0,0,0,0
@sharma6111956 Yeah fake rape cases should be stopped but Asaram should't be released. He is a danger to the society. He does Brain wash of people and can create chaos in future. #KeepAsaramInJail #Rapist #FakeGuru,eng,hasoc_en_4011,0,0,0,0,0,0,0,0,0,0,0,0
If you make caricature of CM you will be arrested    If you chant Jai Shree Ram you willl be put in jail    If you stage protest for your rights you will be attacked    But still in .@MamataOfficial ‘s Bengal   DEMOCRACY is not in Danger &amp,eng,hasoc_en_4012,0,0,0,0,0,0,0,0,0,0,0,0
@AprilDRyan Isn’t that MURDERERs 15 minutes over already?? #OJisaKiller #murderer,eng,hasoc_en_4015,0,0,0,0,0,0,1,0,0,0,1,1
Men's Unisex Anti Trump AF T-Shirt in Extended Sizes - Small up to 5x https://t.co/cCONVvr7xF  #fucktrump #antitrump #votebluenomatterwho https://t.co/2AUW8BhR16,eng,hasoc_en_4017,1,0,0,0,0,0,0,0,0,0,0,1
@JohnnyMercerUK It's not just his private life. He is a career list. So he cannot be trusted. And just because desperate Tories do doesn't mean the nation does #BorisJohnsonShouldNotBePM,eng,hasoc_en_4018,0,0,0,0,0,0,0,0,0,0,0,0
@danicalynn1988 I am sure that Trump had something to do with this as he would like to start a war. He is so close with the Saudi’s and they hate Iran and pay Trump well.    This is a natural disaster caused by men and the man gives no care about other an,eng,hasoc_en_4020,1,0,0,1,0,0,0,0,0,0,0,1
@sgtilltwtr Like Bush or Cheney? #dickhead,eng,hasoc_en_4022,0,0,0,0,0,0,0,0,0,0,0,0
#TraitorTrump Admits He Would Commit A Felony To Win The 2020 Election #TrumpIsATraitor #VoteBlue2020  https://t.co/cQajNLGVTM,eng,hasoc_en_4023,1,0,0,0,0,0,0,0,0,0,0,1
😂😂🤙🏽🤙🏽😰😰 Buy a #fucktrump #hat today. I took the price down &amp,eng,hasoc_en_4026,0,0,0,0,0,0,0,0,0,0,0,0
@GovMikeHuckabee @realDonaldTrump Okay. Hypocrite. Praise Jesus.  #Douchebag https://t.co/eCEmh3Mbf9,eng,hasoc_en_4027,0,0,0,0,0,0,0,0,0,0,0,0
The behaviour of Mamata is akin to a stock trader. Having lost money in a trade carries out more for desparate win unmindful of the fact that he/she  is losing more and more. Time to get a good advisor #DoctorsFightBack,eng,hasoc_en_4028,0,0,0,0,0,0,0,0,0,0,0,0
#whereisboris  Hiding in plain sight like all bullies.  #BorisJohnsonShouldNotBePM,eng,hasoc_en_4030,0,0,0,0,0,0,0,0,0,0,0,0
@ICC how much did you get to start a useless controversy against #weindians and #Dhoni? Losers - we pay double to all the players in #ipl than what you earn in the entire World Cup - #DhoniKeepsTheGlove,eng,hasoc_en_4034,0,0,0,0,0,0,0,0,0,0,0,0
@joeyndavid @realDonaldTrump That goes double for me #douchebag of the United States I love America. and we shall rise once again. NO ONE get complacent hit those polls even Most disastrous. I wantt a newly elected President,eng,hasoc_en_4035,0,0,0,0,0,0,0,0,0,0,0,0
More like a serial #rapist Is he kidding me? So full of himself. https://t.co/jhIHj7nEV0,eng,hasoc_en_4036,0,0,0,0,0,0,0,0,0,0,0,0
@AJEnglish Why spend tax $$ for feeding lodging &amp,eng,hasoc_en_4037,0,0,0,0,0,0,0,0,0,0,0,0
@realDonaldTrump @TuckerCarlson Why don’t you call him up?#dickhead,eng,hasoc_en_4038,0,0,0,0,0,0,0,0,0,0,0,0
@TheRealOJ32 Getting even with who???  Encore going to be getting even by killing your kids too??  #douchebag,eng,hasoc_en_4039,0,0,0,0,0,0,1,0,0,0,1,1
Trump shitting on McCain post mortem is about the scummiest thing I can think of.  #whatadouche #democratsneedtogetheirshittogether #fucktrump,eng,hasoc_en_4040,1,0,0,0,0,0,0,0,0,0,0,1
No. He is and always has been a #dickhead https://t.co/P0FpgT0qa2,eng,hasoc_en_4041,0,0,0,0,0,0,0,0,0,0,0,0
@CarlBanksGIII They need to use it to block Trump's fat mouth #fucktrump,eng,hasoc_en_4042,1,0,0,0,0,0,0,0,0,0,0,1
@exchangead Because the cocks running the club failed giving us a 9 point deduction tell me again how thats monks fault? Camp had more clean sheets last season than stockdale had previous year and as for the dvb he was class and is a blue #dickhead #bcfc,eng,hasoc_en_4043,0,0,0,0,0,0,0,0,0,0,0,0
@girlsreallyrule @write2bheard1 @GStephanopoulos He's such crook. Good on @GStephanopoulos for staying calm and not backing down. 'Little Wise Guy'. He sounds like the Mob Boss in 'Midnight Run'. #TrumpIsANationalSecurityThreat #TrumpIsATraitor,eng,hasoc_en_4044,0,0,0,0,0,0,0,0,0,0,0,0
@WhiteHouse THAT is a total dishonoring of the flag!🤬  #Trump #TrumpIsATraitor #TrumpResign,eng,hasoc_en_4045,1,0,0,0,0,0,0,0,0,0,0,1
@DonaldJTrumpJr This tweet coming from a criminal...irony at it's best.  #Fucktrump and his vile offspring.,eng,hasoc_en_4046,0,0,0,0,0,0,0,0,0,0,0,0
@esneet4113 @POTUS #drrandellwilliams. Someone get him some water from North Carolina and force down his throat. #pervert #murderer,eng,hasoc_en_4047,0,0,0,0,0,0,0,0,0,0,0,0
To the @gmpolice officer who called me today.  Re pedophile Roger Wilson. Next time you’re going to lie about a conversation and slag me off,eng,hasoc_en_4049,0,0,0,0,0,0,0,0,0,0,0,0
@realDonaldTrump @foxandfriends @FoxNews Too bad they won’t call you out on your lies and treasonous ways. Trump crime family should be locked up! #PutinsPuppet #Trump41 #TrumpIsATraitor,eng,hasoc_en_4050,1,0,0,0,0,0,0,0,0,0,0,1
#ShameOnICC what a bunch of useless people working for @ICC. The whole frenzy of World Cup is ruined. Who elect these suckers,eng,hasoc_en_4053,0,0,0,0,0,0,0,0,0,0,0,0
@realDonaldTrump You disrespect the flag by publicly humping it &amp,eng,hasoc_en_4054,0,0,0,0,0,0,0,0,0,0,0,0
Popular with who?? Not the press! Nor the people that I have spoken too!! #trump lying again about his pet clown!! Sad to have a lying piece of shat like trump think that people believe him! #trumpthetraitor #trumptheconman #impeachtrump #fucktrump https://t.co/borY55h5jT,eng,hasoc_en_4055,1,0,0,0,0,0,1,0,0,0,0,1
@realDonaldTrump Your own people keep information from you because THEY ALL KNOW you are an IDIOT!!!! #STUPIDISTPOTUSEVER #DumbTrump #IdiotTrump #LiarTrump  #StupidTrump #DuhTrump #RetardTrump #GoToHellTrump,eng,hasoc_en_4057,0,0,0,0,1,0,1,0,0,0,1,1
The pretending president says nothing. SMFH    #FUCKTRUMP https://t.co/F88VMrdrRM,eng,hasoc_en_4058,0,0,0,0,0,0,0,0,0,0,0,0
🤬🖕Don’t be a douche canoe! 😠😖  -  -  -  #douche #douchebag #douchebags #doucheflute #douchecanoe #douchebaggery #douchefan #douchehound #douches #doucher #douchebagselfie https://t.co/q5T5ooANs0,eng,hasoc_en_4060,0,0,0,0,0,0,0,0,0,0,0,0
Omg he is having his cabinet suck off round table 😱🙄🤢 0 dignity! #DoYourJobMitch #Resisters #FuckTrump #ResistTrump #FliptheSenate2020 #TheResistance #DitchMitch #DitchMitch2020 #VoteBlue2020,eng,hasoc_en_4061,0,0,0,0,0,0,0,0,0,0,0,0
Theresa May threatens to block Brexit No Deal as friends say she voted for Remainer Rory Stewart in Tory contest   https://t.co/n9cRi1pXln   #BorisJohnsonShouldNotBePM   #PutItToThePeople #SummerOfResistance #StopBrexit,eng,hasoc_en_4064,0,0,0,0,0,0,0,0,0,0,0,0
@DanScavino @realDonaldTrump Life in GITMO for traitor Trump and all the GOP co-conspirators!  #TrumpIsANationalSecurityThreat   #TrumpIsATraitor   #GOPComplicitTraitors   #GOPCoverUp   #GITMO4U   #GOPTreason https://t.co/N6pRLJ7Kai,eng,hasoc_en_4065,1,0,0,0,0,0,0,0,0,0,0,1
@realDonaldTrump Trump has one objective.  To stay out of jail for his crimes!  #TrumpIsATraitor #TrumpIsACriminal https://t.co/A2ghCDeAjv,eng,hasoc_en_4067,1,0,0,0,0,0,0,0,0,0,0,1
Prominent Cong &amp,eng,hasoc_en_4068,0,0,0,0,0,0,0,0,0,0,0,0
Am I the only one who's observing that none of England's matches are being abandoned due to rain? Planned locations selected?   Well played England. Just because you couldn't win it in a legitimate way...   #ShameOnICC #WorldCup2019 #WC2019 #wc2019withtimes,eng,hasoc_en_4069,0,0,0,0,0,0,0,0,0,0,0,0
@ICC   Idiot Cricket Council  -  Did you plan the ICC Cricket World Cup assuming it will be played in Dubai  ?  #ICCCricketWorldCup #ICCWorldCup #icc #RainStopsMatch #ShameOnICC #CWC2019 #ICCRainCup2019 #ICCCricketWorldCup2019 @republic_sports @timesofind,eng,hasoc_en_4070,0,0,0,0,1,0,0,0,0,0,1,1
Worst world cup tournament...worst management..... #ShameOnICC,eng,hasoc_en_4071,0,0,0,0,0,0,0,0,0,0,0,0
Offering Namaz by Pak in the ground allowed     Balidaan Badge by MSD is not allowed?    We Stand by MS Dhoni 🇮🇳   @cricketworldcup @BCCI      Shame on You @ICC     #ProudIndian  #DhoniKeepsTheGlove,eng,hasoc_en_4072,0,0,0,0,0,0,0,0,0,0,0,0
#DoctorsFightBack  @MamataOfficial playing dangerous card game as divide n rule strategy.   During Communist rule - Women card.   During election n festivals - Religion card.   Now Doctors protest - Language card.   MEME-ta BAN-HER-jee herself seen as JOKER (Victim card)   #SaveBengal,eng,hasoc_en_4074,1,0,1,0,0,0,0,0,0,0,0,1
@maggieNYT @jaketapper Trump is a pathological liar..  He thinks most Americans are stupid SMH..  #LiarInChief #ConMan #DoucheBag #ImpeachTrump #Resist https://t.co/VjkNazZk61,eng,hasoc_en_4079,1,0,0,0,1,0,0,0,0,0,0,1
@atrupar Pompeo is the ultimate sycophantic toad. #MikePompeo #TrumpIsATraitor,eng,hasoc_en_4080,0,0,0,0,0,0,0,0,0,0,0,0
Double standard of icc  #DhoniKeepTheGlove   #nationsiswithdhoni  #shameonicc https://t.co/lPFC9xWEOg,eng,hasoc_en_4083,0,0,0,0,0,0,0,0,0,0,0,0
@pam_brundige @PatriciaRGilbr1 @beerluvr2 @TheUnicorn999 @Heather4enviro1 @sbuchbinder @Mathsgeist @mnelson64 @NoFascismMarch @Orvidageri5 @pseudosudio @ryconsean @Alan_in_NC @lalaboo62 @gr8fulgirl24 @LillianVikingDK @eztempo Wonderful! I'm always happy t,eng,hasoc_en_4084,0,0,0,0,0,0,0,0,0,0,0,0
@realDonaldTrump Clinton got the majority vote. You got Russian help #TrumpIsATraitor #JohnMCainDay,eng,hasoc_en_4085,0,0,0,0,0,0,0,0,0,0,0,0
Wouldn’t put it past him! The lies are endless! #Trump #TrumpMustResign #TrumpIsATraitor #Trump2020 #Fascism https://t.co/MbNDmH8LYq,eng,hasoc_en_4086,1,0,0,0,0,0,0,0,0,0,0,1
@realDonaldTrump @OANN Another lie by the Liar in Chief #TrumpIsATraitor #TrumpIsALiar #TrumpCrimeFamily,eng,hasoc_en_4087,0,0,0,0,0,0,0,0,0,0,0,0
#ShameOnICC   Wonder no rain on @ECB_cricket match !  Will rain decide the finalist of @cricketworldcup ?  @ICC stop ur nonsense.  @BCCI boycott,eng,hasoc_en_4088,0,0,0,0,0,0,0,0,0,0,0,0
@Morning_Joe @morningmika When you say white working class that voted for trump... You mean them white #racist!!! Yall can make excuses for them racist &amp,eng,hasoc_en_4089,1,1,0,0,0,0,1,0,0,0,0,1
When @realDonaldTrump speaks I just naturally cringe #trump #fucktrump #cringe,eng,hasoc_en_4091,1,0,0,0,0,0,0,0,0,0,0,1
The dictatorial and #IGNORANT nature nature of this #POTUS45 #trump is a #discrace !  #TrumpCrimeSyndicate  #TrumpIsATraitor  Trump Ordered Dramatic Cuts To Expert Science Panels https://t.co/UnNQ6YqU3f via @dvergano,eng,hasoc_en_4092,1,0,0,0,0,0,0,0,0,0,0,1
Men's Unisex Anti Trump AF T-Shirt in Extended Sizes - Small up to 5x https://t.co/cCONVvIIWf  #fucktrump #antitrump #votebluenomatterwho https://t.co/yulXdMQnkF,eng,hasoc_en_4093,1,0,0,0,0,0,0,0,0,0,0,1
Unethical approach and pathetic management bu ICC nd ECB everywhere it's raining 8n England but ICC is sleeping and destroying 1 f the biggest cricketing tournament #ShameOnICC,eng,hasoc_en_4094,0,0,0,0,0,0,0,0,0,0,0,0
Save the saviour #Savethedoctors   #SaveBengal   #DoctorsFightBack https://t.co/vRtTvRw7WH,eng,hasoc_en_4096,0,0,0,0,0,0,0,0,0,0,0,0
@MSNBC #putin rejoices in the Trump presidency and all those who unquestioningly follow him. #TrumpIsATraitor #PutinsMitch,eng,hasoc_en_4097,1,0,0,0,0,0,0,0,0,0,0,1
Where was @ICC when this brute display of religion was going on in playground? Has they got circumcised? #IndiaWithDhoni   #DhoniKeepsTheGlove   #BalidaanBadge https://t.co/MG7HnZQZSx,eng,hasoc_en_4099,0,0,1,0,0,0,0,0,0,0,0,1
@Franklin_Graham @POTUS @realDonaldTrump This portrait is more true-to-life. #FuckTrump https://t.co/DPiHYxSyi7,eng,hasoc_en_4100,0,0,0,0,0,0,0,0,0,0,0,0
@haaohaoo @nowthisnews this was a police officer?!😱 &amp,eng,hasoc_en_4101,0,0,0,0,0,0,0,0,0,0,0,0
Boris knew what he was doing avoiding this debate.  Boris knew he would have been exposed and humiliated!    Boris knows.   Boris base knows.  Boris's financiers KNOW!    Boris will avoid all these debates and outings.    Why?    Boris wants a NO DEAL Brexit!  #BorisJohnsonShouldNotBePM https://t.co/zEeYKHHxCb,eng,hasoc_en_4103,0,0,0,0,0,0,0,0,0,0,0,0
How she is relating the doctors security issue with political issue.. i guess she wants to make it political...🙄  #DoctorsFightBack   #DidiVsDoctors #doctorsstrike https://t.co/fXYr0ihP69,eng,hasoc_en_4104,0,0,0,0,0,0,0,0,0,0,0,0
@PointlessBrexit @JohnnyMercerUK #BorisJohnsonShouldNotBePM is a bare faced liar. That all you need to know. Should not even be on the ballot. Shame on you shame on your party,eng,hasoc_en_4105,0,0,0,0,0,0,0,0,0,0,0,0
Retweet this forever. #TrumpRussia #TrumpIsACrook #TrumpRussia #TrumpIsATraitor https://t.co/15NxEvoKcd,eng,hasoc_en_4106,0,0,0,0,0,0,0,0,0,0,0,0
Channel 4 leaves EMPTY PODIUM for Boris Johnson as MP snubs TV leadership debate https://t.co/EDzheV9eXp   #borisdoesnotrepresentme #BorisJohnsonShouldNotBePM #chicken #leadership #ToryDrugOff #BritainsNextPM #Brexit https://t.co/e2ucgbq8rx,eng,hasoc_en_4109,0,0,0,0,0,0,0,0,0,0,0,0
You're the one who's bad for this country. You can't be trusted!  #TrumpIsATraitor https://t.co/oQprgYesyY,eng,hasoc_en_4111,0,0,0,0,0,0,0,0,0,0,0,0
@senatemajldr you sir are a #DoucheBag  https://t.co/qO0F4lYMBI,eng,hasoc_en_4112,0,0,0,0,0,0,0,0,0,0,0,0
Calling top country for cricket ground themselves  But compare the covering th ground with indian grounds  #ShameOnICC @imVkohli @ICC @BCCI https://t.co/euQjZQ2Ya4,eng,hasoc_en_4113,0,0,0,0,0,0,0,0,0,0,0,0
#Trump #TrumpIsATraitor #ImpeachTrumpNow @realDonaldTrump  #TrumpLiesMatter #TrumpLies #TrumpRussia    Mitch McConnell’s Ties to Russian Oil Money – The Democratic Coalition – Medium https://t.co/cP8aNiSKQQ,eng,hasoc_en_4114,1,0,0,0,0,0,0,0,0,0,0,1
@PTIofficial Resources.. You do not have funds to run the country.. Tell our PM to take a bowl with himself in further meetings.. May he will get few penny..   #imranhataomulkbachao #pakistanterrioristnation,eng,hasoc_en_4117,0,0,0,0,0,0,0,0,0,0,0,0
@ICC please change the cup design as below for the 2019 edition #ShameOnICC #Shame #CWC19 #CWC2019 #CWC #CricketKaCrown https://t.co/TI3BwxC8g4,eng,hasoc_en_4119,0,0,0,0,0,0,0,0,0,0,0,0
Caption Needed.   #ImranKhanPrimeMinister #imrangoldsmith #imranhataomulkbachao https://t.co/J1OqUERp0C,eng,hasoc_en_4121,0,0,0,0,0,0,0,0,0,0,0,0
With no doubt this is a total insane and illiterate behavior.     https://t.co/OReHVIt9hZ    #imranhataomulkbachao #ShanghaiCooperationOrganisation,eng,hasoc_en_4122,0,0,0,0,0,0,0,0,0,0,0,0
@Eleven_Films lol #OJSimpson 'has a little getting even to do'    thankfully knife blades can't penetrate my twitter account    #murderer,eng,hasoc_en_4123,0,0,0,0,0,0,0,0,0,0,0,0
Icc high on weed #ShameOnICC @ICC @cricketworldcup https://t.co/Xn1gBsPQ4X https://t.co/Tg7A2qxNzH,eng,hasoc_en_4125,0,0,0,0,0,0,0,0,0,0,0,0
@realDonaldTrump Good build a wall around Arkansas! #FuckTrump #FuckSarahHuckabee,eng,hasoc_en_4127,0,0,0,0,0,0,0,0,0,0,0,0
@crusader120 @MrTreso @KevinMcCluskie1 @DavidDolak @emgergo @Charlie_Barca @GuberPetya @DjGabyG @A11Aron @TMortimerFtbl @elizabeth_paal @balogh_tommy @lilakgillsbhoy @aspiring_bear @puskas_akademia WTF has he sent Rossi off for? #Dickhead,eng,hasoc_en_4128,0,0,0,0,0,0,0,0,0,0,0,0
The Raptor fan waving bye at Durant when he went down is what is wrong with sports fans. #Douchebag #NBAFinals2019,eng,hasoc_en_4129,0,0,0,0,0,0,0,0,0,0,0,0
#ShameOnICC u have so much time to inspect players gloves but failed to checked weather before organising big cricket event like #WorldCup2019,eng,hasoc_en_4130,0,0,0,0,0,0,0,0,0,0,0,0
@bhogleharsha @ICC can see @msdhoni badge but doesn't see the ground was not covered.  Most developed Country in 🌏 and call 🏏 as the national sports Yet can't do anything for the biggest tournament. Learn something from #EdenGarden  #ShameOnICC #WorldCu,eng,hasoc_en_4131,0,0,0,0,0,0,0,0,0,0,0,0
People having terrorism in their DNA should not open their mouth to raise question on patriotism of MSD. @cricketworldcup @ICC @msdhoni @BCCI #DhoniKeepsTheGlove #DhoniKeepTheGlove,eng,hasoc_en_4132,0,0,0,0,0,0,0,0,0,0,0,0
The curse of Imran   Bloody swine !    #Pakistan   #پی_ٹی_آئی_لائی_معاشی_بدحالی   #imranhataomulkbachao https://t.co/MzeOBnQaU2,eng,hasoc_en_4133,0,0,0,0,0,0,0,0,0,0,0,0
This never gets old. Fuck you you tired sick piece of shit LOSER #FUCKTRUMP https://t.co/dmhBU2T0i8,eng,hasoc_en_4137,0,0,0,0,0,0,0,0,0,0,0,0
@SirJadeja Look @ d sun ☀ shine during #ENGvsWI  Match. It's a total conspiracy against all other team.  #England choose their venue where #Rain chances r Zero. How come eng never faced Rain?  CBI shud intervene n investigate against #ICCCricketWorldCup20,eng,hasoc_en_4140,0,0,0,0,0,0,0,0,0,0,0,0
Happy Thursday.  #FuckTrump #ImpeachTheMF,eng,hasoc_en_4142,0,0,0,0,0,0,0,0,0,0,0,0
Took a shit at Trump Tower and purposefully missed the toilet. I'm a hero. Where's my holiday? #FuckTrump #NYC — at Trump Towers at 5th Ave https://t.co/uAxyZl6i3X,eng,hasoc_en_4143,1,0,0,0,0,0,0,0,0,0,0,1
@realDonaldTrump 3 1/2 years?? Can you ever stop lying? #FuckTrump #WTFiswrongwithyou #TakeThatDamnPhoneAwayHim #ImpeachTheMF,eng,hasoc_en_4146,0,0,0,0,0,0,1,0,0,0,1,1
#TN #CoffeeCounty #DistrictAttorney #CraigNorthcott says in a video he doesn't treat #LGBTQ domestic violence cases the same as others. Also accused of #AntiMuslim comments &amp,eng,hasoc_en_4150,0,0,0,0,0,0,0,0,0,0,0,0
WE CAN SENTENCE A MAN 25 YEARS FOR A DRUG THAT’S NOW LEGAL IN STATES BUT THIS MAN WILL ONLY DO 8 MONTHS FOR A CRIME THAT HE LITERALLY COMMITTED AGAINST ANOTHER PERSON #MichaelWysolovski #rapevictims #revolt #rapist #stopabuse #protectourchildren #nojusticenopeace https://t.co/rq1HmW4T78,eng,hasoc_en_4151,0,0,0,1,0,0,0,0,0,0,0,1
@POTUS @realDonaldTrump @senatemajldr @VP Why won’t you safeguard our elections? #IllegitimatePresident #TrumpIsATraitor #McConnellChaoCorruption #McConnellTreason #TrumpTreason #GOPTreason #TrumpCrimeFamilyForPrison #TrumpForPrison2020 #TrumpRussia #McCo,eng,hasoc_en_4152,0,0,0,0,0,0,0,0,0,0,0,0
Donald Trump’s Medical Malice #Resist #ResistTrump #FuckTrump https://t.co/PyGnXJMN45,eng,hasoc_en_4153,1,0,0,0,0,0,0,0,0,0,0,1
And then Tucker screamed  'Remember The Alamo'.  #Douchebag https://t.co/LKvfCBRQnU,eng,hasoc_en_4155,0,0,0,0,0,0,0,0,0,0,0,0
@csfraw @marklevinshow Clinton lied under oath about his extramarital affair. And he did it in the Oval Office. Disgusting human.    #billclinton  #rapist    https://t.co/ogiIQhif22,eng,hasoc_en_4160,0,0,0,0,0,0,0,0,0,0,0,0
#ICC did this #ICCWorldCup2019 for money without any brains.England is hosting this time but where's the Preparations? It looks like #WorldCup2019 of Swimming not Cricket!   But in #dhoni's case they have time &amp,eng,hasoc_en_4161,0,0,0,0,0,0,0,0,0,0,0,0
Chris Watts is a jerk who killed his wife and his children then pretended that they were missing.  He fake cried about how he hoped they would return all the while he knew that he killed them.  #chriswatts #murderer https://t.co/NAt4RnXrgb,eng,hasoc_en_4165,0,0,0,0,0,0,0,0,0,0,0,0
Today #45 said he was for sale. His price is foreign info to win. #trumpisaloser  This is #proof #losertrump  #toddlertrump #fucktrump,eng,hasoc_en_4166,0,0,0,0,0,0,0,0,0,0,0,0
Her BODY /Her RIGHT /Her CHOICE  FUCK! The Heartbeat bill  #art #artist  #shopify #anime #manga #comic #sf5 #chunli #strong #strongwoman #fight #mychoice #blackart #atlantaartist #atlanta #blackartists #sketches #sketch #concepts #conceptart #onlinestore  #fucktrump https://t.co/sH4BX76fKz,eng,hasoc_en_4168,0,0,0,0,0,0,0,0,0,0,0,0
It sickens me to see it again.  #Trump   #TrumpIsATraitor https://t.co/RDcnv30HCG,eng,hasoc_en_4169,1,0,0,0,0,0,0,0,0,0,0,1
@toewad1 @JeremyVineOn5 @theJeremyVine @StormHuntley So it’s crap because they don’t put shit films on for you?! 😂 #DickHead,eng,hasoc_en_4170,0,0,0,0,0,0,0,0,0,0,0,0
America doesn't want you to have a happy birthday president tRump.  America wants you in JAIL!     #TrumpisaTraitor   #UnfollowTrumpForHisBirthday  #JohnMcCainDayJune14th https://t.co/mYyTKZoScb,eng,hasoc_en_4171,1,0,0,0,0,0,0,0,0,0,0,1
Ok Mr....it is not a disaster because you cannot get the internet in the coffee shop #dickhead,eng,hasoc_en_4172,0,0,0,0,0,0,0,0,0,0,0,0
$50 to put 1/4 tank of gas in my truck and $30 for two people to eat at McDonalds...but I got an extra $20 in my paycheck. Thanks Papi Trump. #fuckTrump #asshole,eng,hasoc_en_4176,1,0,0,0,0,0,0,0,0,0,0,1
@realDonaldTrump   Is @FoxNews treasonous &amp,eng,hasoc_en_4177,0,0,0,0,0,0,0,0,0,0,0,0
COME ON BORIS ! LAY US AN EGG !!#borisdoesnotrepresentme #BorisJohnsonShouldNotBePM #chicken #leadership #ToryDrugOff #BritainsNextPM #Brexit https://t.co/nXC8RIuXHt,eng,hasoc_en_4178,0,0,0,0,0,0,1,0,0,0,1,1
Pic 1- icc on Ms Dhoni gloves.  Vs   Pic 2- icc planning world cup.  #ShameOnICC https://t.co/3mM6QjwpNN https://t.co/pAuS8ic6uX,eng,hasoc_en_4179,0,0,0,0,0,0,0,0,0,0,0,0
@joshscampbell He is the only person I’ve ever blocked. #Murderer 🖕OJ  🤓,eng,hasoc_en_4181,0,0,0,0,0,0,0,0,0,0,0,0
@jonathondadswe1 @GrazarOvercoat @ShaunEllison66 @ScottCLawrence @RebekahVardy @piersmorgan talking shit tweet at end off tournament when were holding the trophy #dickhead,eng,hasoc_en_4182,0,0,0,0,0,0,0,0,0,0,0,0
@ICC Still Rain is top of the point table.....    Poor Management By ICC    #ShameOnICC,eng,hasoc_en_4183,0,0,0,0,0,0,0,0,0,0,0,0
#DhoniKeepsTheGlove  if u have eyes @ICC  just observe him(M.S) https://t.co/RbC9dQulBF,eng,hasoc_en_4184,0,0,0,0,0,0,0,0,0,0,0,0
#BorisJohnsonShouldNotBePM Johnson published a poem as editor of the Spectator in 2004 joking about the 'extermination' of the 'verminous' #Scottish people    #Indyref2 #Scotref   https://t.co/z19zJgPQLl,eng,hasoc_en_4185,0,0,0,0,0,0,0,0,0,0,0,0
@Wimbledon and @icc should have some sort of communication 2019 will have two final on same day #July14. How can someone be so wrong on planning such an important event #WC2019 #ShameOnICC #ICCWorldCup2019  pathetic planning https://t.co/M2KmJZIiE3,eng,hasoc_en_4188,0,0,0,0,0,0,0,0,0,0,0,0
Federal office says Kellyanne Conway should be removed #Resist #ResistTrump #FuckTrump https://t.co/flxIdSAlVf,eng,hasoc_en_4189,0,0,0,0,0,0,0,0,0,0,0,0
@ICC Could not afford a ground cover like this? #ShameOnICC https://t.co/FeezTpLiT1,eng,hasoc_en_4192,0,0,0,0,0,0,0,0,0,0,0,0
This Guy is a reported rapist and if you see him you should imedietly call the cops. #rapist #gangbang https://t.co/6r1r7QzBBR,eng,hasoc_en_4193,0,0,0,0,0,0,0,0,0,0,0,0
@realDonaldTrump Your fragile pathetic ego isn't capable of handling the truth. https://t.co/QImPGfhl0c #TrumpIsTheEnemyOfThePeople #TrumpIsNotAboveTheLaw #TrumpIsATraitor #TrumpIsAFraud,eng,hasoc_en_4195,0,0,0,0,0,0,0,0,0,0,0,0
@Hope012015 Couldn’t happen to a nicer guy. #TrumpIsATraitor,eng,hasoc_en_4196,0,0,0,0,0,0,0,0,0,0,0,0
Why wasn't #borisjohnson not at the debate last night. Has he something to hide like his lies #BorisJohnsonShouldNotBePM #stopBoris #brexit https://t.co/mrvSTm94ac,eng,hasoc_en_4197,0,0,0,0,0,0,0,0,0,0,0,0
Ground pe kya Kara rahe the @ICC @cricketworldcup @BCCI #DhoniKeepsTheGlove https://t.co/Yeghbmkx1g,eng,hasoc_en_4198,0,0,0,0,0,0,0,0,0,0,0,0
She never knew that she had been a #murderer. The Murder: A Gripping Thriller on Domestic Violence (Woman in Chains Book 1)... https://t.co/3nSURB68D3 via @amazon,eng,hasoc_en_4199,0,0,0,1,0,0,0,0,0,0,0,1
@Lilsuzy1962 And actually #FuckTrump impressed me also. 👍👍👍,eng,hasoc_en_4202,0,0,0,0,0,0,0,0,0,0,0,0
@zainabsikander Perfectly said.... 100% agreed to Gavaskar Sir.   Media has habit to sansitize every pity things just for #TRP    #DhoniKeepsTheGlove @aajtak  @sardanarohit,eng,hasoc_en_4203,0,0,0,0,0,0,0,0,0,0,0,0
Yay!  #JohnMcCainDay   #FuckTrump   #JohnMcCainDay   #JohnMcCainDay   #FuckTrump   #TrumpMustResign   #JohnMcCainDay   #JohnMcCainDay   #ImpeachTrumpNow   #FuckTrump   #JohnMcCainDay #JohnMcCainDay   #ImpeachTrumpNow   #ImpeachTrumpNow   #JohnMcCainDay   #JohnMcCainDay   #JohnMcCainDay   Oh yeah!,eng,hasoc_en_4204,0,0,0,0,0,0,0,0,0,0,0,0
@ICC @ICCMediaComms @cricketworldcup   @msdhoni don’t violate your rules then why u r showing your double standards ?? #DhoniKeepsTheGlove https://t.co/wc8Bfyah0g,eng,hasoc_en_4206,0,0,0,0,0,0,1,0,0,0,1,1
And this guy is a longtime GOP strategist. Those of us who already thought republicans were a bunch of shit for brains before Trumpelstilskin are much more pissed about the fuckeey going on in DC... #FuckTheGOP #FuckTrump https://t.co/YSmoniTtaz,eng,hasoc_en_4207,0,0,0,0,0,0,0,0,0,0,0,0
@nobodybutme888 @joncoopertweets @realDonaldTrump I saw a story on this and it was proven that he 'donates' his check 2 one of(his own)charities.That charity then divides up the money in which it is funneled right back2 @realDonaldTrump.You really think t,eng,hasoc_en_4208,0,0,0,0,0,0,0,0,0,0,0,0
@RWPUSA @AlanDersh Alan raped young girls!  It’s time the truth comes out!  He has lost it!  #AmericaisLosing #rapist #howare13yearolds #disgustingoldman,eng,hasoc_en_4209,0,0,0,0,0,0,0,0,0,0,0,0
This is a VILE and REPULSIVE woman 🤬 Killing an endangered or threatened species is SICK and I feel she deserves whatever bad karma may come her way. Only trash does this then gloats over it. #disgusting #murderer #noheart #SaveEndangeredAnimals #StopExoticHunting https://t.co/WQklnF0RMZ,eng,hasoc_en_4210,0,0,0,1,1,0,0,0,0,0,0,1
GUILTY AS HELL😡  #murderer https://t.co/4lGG2cU9uh,eng,hasoc_en_4211,0,0,0,0,0,0,0,0,0,0,0,0
Detroit police are looking for a possible serial killer and rapist targeting sex workers #rapist #and #targeting https://t.co/R7dlATGqBL https://t.co/GtSice8GiN,eng,hasoc_en_4213,0,0,0,0,0,0,0,0,0,0,0,0
Remember when we had a REAL President in the White House? Ah those were the days. #maga #FOXNews @GOP @RealDonaldtRUMP #FuckTrump https://t.co/nvafKIA2iY via @YouTube,eng,hasoc_en_4214,0,1,0,0,0,0,0,0,0,0,0,1
There seems to be very little chance of avoiding the absence(s) of Johnson this morning.  #BorisJohnsonShouldNotBePM   https://t.co/ZVQ5vD6sri,eng,hasoc_en_4215,0,0,0,0,0,0,0,0,0,0,0,0
Why do we have to have such a #douchebag #criminal as President? @realDonaldTrump @WhiteHouse @FLOTUS https://t.co/kgiZeLftTJ,eng,hasoc_en_4217,0,0,0,0,0,0,0,0,0,0,0,0
3.5 lakh doctors to participate in nationwide strike on 17th june... this is not good. #DoctorsProtest #DoctorsStrike #DoctorsFightBack https://t.co/StwumF2QmX,eng,hasoc_en_4218,0,0,0,0,0,0,0,0,0,0,0,0
A war hero and a war zero #fucktrump  #JohnMcCainDay,eng,hasoc_en_4219,0,0,0,0,0,0,0,0,0,0,0,0
@washingtonpost #Rapist should only have incarceration rights. https://t.co/3H36LE2veh,eng,hasoc_en_4221,0,0,0,0,0,0,0,0,0,0,0,0
@TomiLahren @realDonaldTrump We know he loves molesting it. #TrumpIsATraitor #TrumpIsATraitor #JohnMcCainDayJune14th,eng,hasoc_en_4223,0,0,0,0,0,0,0,0,0,0,0,0
Concentrate in covering grounds not on hand!!  #ShameOnICC #dhonikeeptheglove #CWC19,eng,hasoc_en_4224,0,0,0,0,0,0,1,0,0,0,1,1
@guyverhofstadt Try not to forget that this #dickhead does not speak for the majority of the people in this country Guy. 🇪🇺,eng,hasoc_en_4225,0,0,0,0,0,0,0,0,0,0,0,0
I will take a retirement if @ICC not allowed @msdhoni with army gloves @BCCI. I Never watch any cricket match in my whole life.    FUCK YOU @ICC anything not bigger then my country self respect  #IndiaWithDhoni #DhoniKeepTheGlove #BalidaanBadge #DhoniKeSaathDesh #DhoniKeepsTheGlove,eng,hasoc_en_4227,0,0,0,0,0,0,0,0,0,0,0,0
&lt,eng,hasoc_en_4228,0,0,0,0,0,0,0,0,0,0,0,0
@theJeremyVine The most diplomatic way of saying someone is a liar.... 'issues telling the truth'. #PrimeMinister #Liar #Racist #BorisJohnsonShouldNotBePM,eng,hasoc_en_4229,0,0,0,0,0,0,0,0,0,0,0,0
@pmanley82 @HMRCgovuk Let's RoooooAAaaR! #LoanChargeSuicides  #TigerBoy #Philbert #Murderer https://t.co/ynxH81lNSE,eng,hasoc_en_4231,0,0,0,0,0,0,0,0,0,0,0,0
After listening to the @ReillyRick interview on @PardonMyTake I love you Rick #FuckTrump,eng,hasoc_en_4232,0,0,0,0,0,0,0,0,0,0,0,0
ICC full form  Islamic cricket council   #DhoniKeepsTheGlove   @BCCI   @ICC   @msdhoni   @imVkohli   @cricketworldcup   @cricketaakash,eng,hasoc_en_4233,0,0,0,0,0,0,0,0,0,0,0,0
@realDonaldTrump @SecPompeo   You liars are trying to start a war  #TrumpIsATraitor #Trump https://t.co/ULSJAuqJBw,eng,hasoc_en_4236,1,0,0,0,0,0,0,0,0,0,0,1
@ICC what would you say about this?? So f**k o** with you comment on @msdhoni glove.  #DhoniKeepsTheGlove @BCCI https://t.co/A9nlIbWMWo,eng,hasoc_en_4237,0,0,0,0,0,0,1,0,0,0,1,1
Kenneth Clarke: ‘If there’s no other way you’ve got to bring the government down’  The Tory veteran talks of his dismay at the ‘fantasies’ of the leadership race and his fears if Boris Johnson becomes PM https://t.co/A3R8X9LxeN  #BorisJohnsonShouldNotBePM   #SummerOfResistance,eng,hasoc_en_4238,0,0,0,0,0,0,0,0,0,0,0,0
Read that second paragraph.  The Pentagon and intelligence officials do not trust the POTUS  #TrumpIsATraitor  #TrumpIsTheEnemyOfThePeople https://t.co/JIM7A4SpZl,eng,hasoc_en_4239,0,0,0,0,0,0,0,0,0,0,0,0
@LindseyGrahamSC @realDonaldTrump Of course he'll shoot his age! He cheats. #DerangedDonald #TrumpisaCrook #TrumpisaTraitor #TrumpHatesAmerica,eng,hasoc_en_4241,0,0,0,0,0,0,0,0,0,0,0,0
@ColinKahl #Douchebag says what!?,eng,hasoc_en_4242,0,0,0,0,0,0,0,0,0,0,0,0
House has to have guts to go after Trump #Resist #ResistTrump #FuckTrump https://t.co/dPdi4djMLc,eng,hasoc_en_4243,1,0,0,0,0,0,0,0,0,0,0,1
Nothing will ever make this not true.   #fucktrump #TrumpAddress #trumpsucks #potato #asshole #LiarInChief #liartrump #LIARLIARLIAR #buttholelips #NoWall #illustration https://t.co/p07YJXcyGF,eng,hasoc_en_4246,0,0,0,0,0,0,0,0,0,0,0,0
Hope you go shopping for covers this weekend @ICC    #ShameOnICC #CWC19 https://t.co/D5uctfo3yW,eng,hasoc_en_4247,0,0,0,0,0,0,0,0,0,0,0,0
#BorisJohnsonShouldNotBePM but there's just no point discussing it. Save your eyes &amp,eng,hasoc_en_4249,0,0,0,0,0,0,0,0,0,0,0,0
Waiting for the sisters. With pixie vibes I feel 🧚✨  #selfie #dickhead #saturday #pixie #vibes #playingapixiesoonainti #actor #sisters #redlipstick #blondeambition https://t.co/6JyOpJOVz2,eng,hasoc_en_4250,0,0,0,0,0,0,0,0,0,0,0,0
Johnson  'He is Wodehouse’s style without Wodehouse’s plot,eng,hasoc_en_4251,0,0,0,0,0,0,0,0,0,0,0,0
#DoctorsFightBack   #DoctorsProtest     NOW THE  BLOOD  IS  ON  DOCTOR'S  HAND https://t.co/u4nwVzc8Cw,eng,hasoc_en_4252,0,0,0,0,0,0,0,0,0,0,0,0
'England's rainy weather is putting a damper on cricket fans' moods ☔️'  #ShameOnICC  #CWC19  https://t.co/qWugztWetW,eng,hasoc_en_4254,0,0,0,0,0,0,0,0,0,0,0,0
@realTuckFrumper Does it matter at the bottom of the barrel?  #TrumpIsATraitor,eng,hasoc_en_4255,0,0,0,0,0,0,0,0,0,0,0,0
#TrumpsAnInternationalDisgrace #TrumpIsATraitor #TrumpIsADisgrace #TrumpIsAFraud #TrumpIsAMonster #TrumpIsIiar  #TrumpIsANationalSecurityThreat     And as always #TrumpIsAMoron https://t.co/ENzOC3omNx,eng,hasoc_en_4256,0,0,0,0,0,0,0,0,0,0,0,0
#Congress is investigating #KellyanneConway for breaking the law over and over again #LockHerUp #TrumpIsATraitor #VoteBlue2020  https://t.co/PsbEWLV2yF,eng,hasoc_en_4257,0,0,0,0,0,0,0,0,0,0,0,0
A billion Cricket fans waited four years to watch how it fucking rains in England #ShameOnICC,eng,hasoc_en_4258,0,0,0,0,0,0,0,0,0,0,0,0
Mamta govt. Should apologize to doctors .. everyone should respect them.. this is most prestigious job .. they work very hard to serve the people .. their safety is must #IAmWithDoctors     #DoctorsFightBack #DoctorsProtest  #Savethedoctors #SaveBengal,eng,hasoc_en_4262,0,0,0,0,0,0,0,0,0,0,0,0
Sad reality..  #doctorsstrike #DoctorsFightBack #Savethedoctors #SaveBengal #SaveBengalSaveDemocracy   @narendramodi @drharshvardhan https://t.co/FvCOmuC8ma,eng,hasoc_en_4263,0,0,0,0,0,0,0,0,0,0,0,0
@realDonaldTrump @FoxNews Wasn't your grandparent a draft dodger &amp,eng,hasoc_en_4267,0,0,0,0,0,0,0,0,0,0,0,0
Norway Offers @realDonaldTrump Campaign Dirt On Pete Buttigieg: ‘He May Be Gay’ by @AllanIshacNYC https://t.co/rJ7EoSBQVD #TrumpIsATraitor #ImpeachTrumpNow,eng,hasoc_en_4268,0,0,0,1,0,0,0,0,0,0,0,1
#FuckTrump💩    Trump administration signals support for uranium mining that could touch Grand Canyon https://t.co/WkRZqcT1zr,eng,hasoc_en_4270,1,0,0,0,0,0,0,0,0,0,0,1
Our rights are only 50% of the package  The other 50% - our obligations    Those who ignore their obligations shouldn't enjoy equal rights with functional members of society    #Trump #TrumpIsATraitor #TrumpLiesMatter #TrumpCriminalInvestigations #ResistersForum #ResistanceUnited #FBR https://t.co/4LseLMrhNh,eng,hasoc_en_4271,1,0,0,0,0,0,0,0,0,0,0,1
@KNX1070 I hope they eat her alive. She is guilty as sin &amp,eng,hasoc_en_4272,0,0,0,0,0,0,0,0,0,0,0,0
Traitors and cowards.  #TrumpIsATraitor   #ImpeachTrumpNow   #ImpeachmentHearingsNow   #ImpeachDonaldTrump https://t.co/FW7KGcagU4,eng,hasoc_en_4273,0,0,0,0,0,0,0,0,0,0,0,0
@NSoames @BorisJohnson He can do a speech about sheep and sharks though #BorisJohnsonShouldNotBePM,eng,hasoc_en_4275,0,0,0,0,0,0,0,0,0,0,0,0
and you’re too busy checking up on what Blues fans are doing #dickhead #obsessed https://t.co/Gzl170MMlz,eng,hasoc_en_4276,0,0,0,0,0,0,0,0,0,0,0,0
No-deal 'would threaten the very future of the UK' says Welsh Government Brexit Minister https://t.co/umfrVmgkLx  #BorisJohnsonShouldNotBePM   #StopBrexit,eng,hasoc_en_4277,0,0,0,0,0,0,0,0,0,0,0,0
Shame shame shame.. #ShameOnICC,eng,hasoc_en_4279,0,0,0,0,0,0,0,0,0,0,0,0
@BorisJohnson Too busy (scared) to join the debate tonight Boris? Or did your handlers simply forbid it??? #c4debate    #whereisboris #BackBoris #BorisJohnsonShouldNotBePM https://t.co/Bhn1onrxbo,eng,hasoc_en_4281,0,0,0,0,0,0,1,0,0,0,1,1
I'm glad OJ is on Twitter. He will be able to know what it feels like to be annihilated on social media. His ego will not take it. I bet he'll be gone in under 6 months. #Murderer #Abuser #CancelOJSimpson #BoyBye ✌🖕 https://t.co/X0ZZcTObsW,eng,hasoc_en_4282,0,0,0,0,0,0,0,0,0,0,0,0
Q: When will it rain money for @ICC?  A: When there is 'change' in the weather.  ⛈️⛈️☔⛈️⛈️  #INDvsPAK #INDvsNZ #ShameOnICC #CWC19 #CricketWorldCup19 #RainStopsMatch #rainyworldcup https://t.co/fgIcB5uV6E,eng,hasoc_en_4283,0,0,0,0,0,0,0,0,0,0,0,0
@SteveDaines @realDonaldTrump #JohnMcCainDay everyone.  #MelaniaTisanoldPlasticProstitute   #MelaniaTisnoObutisanoldHo #FlagDay   #JohnMcCainDayJune14   #TrumpIsATraitor #TrumpIsAFraud #MelaniaHo    #TrumpTantrum #DerangedDonald   #DerangedDonnie #25thame,eng,hasoc_en_4287,0,0,0,0,0,0,0,0,0,0,0,0
@IvankaTrump Happy #JohnMCainDay! #TrumpIsATraitor,eng,hasoc_en_4288,0,0,0,0,0,0,0,0,0,0,0,0
Mr. Johnson Back at it Again #snowinjune #johnsonandjohnson #smogg #BorisJohnsonShouldNotBePM https://t.co/0j9zQCpaKG,eng,hasoc_en_4289,0,0,0,0,0,0,0,0,0,0,0,0
FCKNG #freaktrump #narcissist #psychopathTrump #sociopathTrump #liarTrump #moronTrump #idiotTrump #bozoTrump #criminalTrump https://t.co/arrlw0MIYj,eng,hasoc_en_4291,0,0,0,0,0,0,0,0,0,0,0,0
@amvetsupport I've stepped in things that had more integrity than Donald Trump. #FuckTrump,eng,hasoc_en_4292,1,0,0,0,0,0,0,0,0,0,0,1
Does THIS look like the face of a #rapist and traitor?    #Assange #WikiLeaks #Belmarsh https://t.co/zHTHoMvhnc,eng,hasoc_en_4293,0,0,0,0,0,0,0,0,0,0,0,0
THE ONLY OPTION IS TO IMPOSE PRESIDENTS RULE IN WB.  @MamataOfficial has bcum totally blind in her bid for Votes n Appeasement Politics.    Won’t Attend Meeting Called by CM Mamata This Evening: Doctors https://t.co/V727AmJ4OG  #DoctorsFightBack #DoctorsProtest #HinduSamarajyaDiwas,eng,hasoc_en_4294,0,0,0,0,0,0,0,0,0,0,0,0
@JumpsuitWedgie @kaitlancollins @kaitlancollins is a sick joke vehicular homicide who is friends with a real #murderer @TheRealOJ32 every dime the @KimKardashian family made is Nicole &amp,eng,hasoc_en_4295,0,0,0,0,0,0,0,0,0,0,0,0
@Garrison66 @tonyposnanski @TheRealOJ32 Ya I think he already did that.  And got away with it.  #goawayoj #murderer,eng,hasoc_en_4296,0,0,0,0,0,0,0,0,0,0,0,0
I counted at least 12 'tremendous' &amp,eng,hasoc_en_4297,0,0,0,0,0,0,0,0,0,0,0,0
@realDonaldTrump The President Of the United States just said that the moon is a part of Mars. AYFKM? 🤣🤣🤣🤣🤓🤓🤓🤓#idiottrump #donalddufus #verystablegenius,eng,hasoc_en_4299,0,0,0,0,0,0,0,0,0,0,0,0
YouTube pastor who celebrated Pulse massacre featured in ‘Make America Straight Again’ conference #Resist #ResistTrump #FuckTrump https://t.co/B7BKyS5O1L,eng,hasoc_en_4301,0,0,0,0,0,0,0,0,0,0,0,0
Glad Collection of Mana is getting a physical Switch release :)    And happy #JohnMCainDay and #fucktrump day lol,eng,hasoc_en_4303,0,0,0,0,0,0,0,0,0,0,0,0
He is a #kudnapoer and #murderer and @CNN wants to interview his idiot wife to get her sympathy https://t.co/cmMw2DLBxP,eng,hasoc_en_4304,0,0,0,0,1,0,0,0,0,0,1,1
These are the same government doctors who have resigned from their post!    P. S : this is not some private chamber or nursing home.. These are government hospitals  #resignedbutstillservinghumanity   #DoctorsFightBack #Savethedoctors @republic @timesofindia @sambitswaraj https://t.co/1pqcT3FYAI,eng,hasoc_en_4305,0,0,0,0,0,0,0,0,0,0,0,0
@realTuckFrumper He's got a little getting even to do? Then he says God bless? Yeah I'm sure God would want him to spend the rest of his days on this Earth getting even with whoever he thinks Did Him Wrong. I'm hoping Twitter welcomes him with its usual r,eng,hasoc_en_4306,0,0,0,0,0,0,0,0,0,0,0,0
@inaik7 @Trendulkar @ICC It's doesn't matter to them the tickets are already sold in advance month before.. #ProfitHunter #ShameOnICC,eng,hasoc_en_4307,0,0,0,0,0,0,0,0,0,0,0,0
A letter by @MoHFW_INDIA @drharshvardhan to West Bengal CM @MamataOfficial on NRS Medical College issue.     #SaveBengal #DoctorsStrike #DoctorsFightBack #DoctorsProtest #Savethedoctors Bengal West Bengal https://t.co/XHtbZ2wxPg,eng,hasoc_en_4308,0,0,0,0,0,0,0,0,0,0,0,0
Fucking brutal. Oblivious to anything that doesn't effect him directly,eng,hasoc_en_4309,0,0,0,0,0,0,0,0,0,0,0,0
Chiii thuuu... really #ShameOnICC can't even handle that...? Reply my previous tweet !!,eng,hasoc_en_4310,0,0,0,0,0,0,1,0,0,0,1,1
@realDonaldTrump No. One. Believes. You.     #TrumpLiesEveryTimeHeSpeaks   #TrumpIsATraitor,eng,hasoc_en_4311,0,0,0,0,0,0,0,0,0,0,0,0
@TomiLahren Hos only chance of winning any election is if ALL his supporters show up to vote and the Democrats stay home.  The #'s dont lie.  He's still sitting at only 46% support which is his base that hasn't moved. Pathetic actually. #ImpeachTrump #Fuc,eng,hasoc_en_4312,1,0,0,0,0,0,0,0,0,0,0,1
#ICC should better focus on hiring good umpires rather than eyeing on Dhoni's gloves..    #BCCI #CWC19 #CricketWorldCup19 #WorldCup2019 #MSDHONI #DhoniKeepTheGlove #DhoniKeepTheGloves #DhoniKeepsTheGlove #Dhoni https://t.co/CauMJnbkce,eng,hasoc_en_4313,0,0,0,0,0,0,0,0,0,0,0,0
#c4debate. As we suspected a shower of numpties. Wish #BorisJohnsonShouldNotBePM had been there to show the full ridiculous hand the Tories have to play. So glad to have #indyref2 as alternative.,eng,hasoc_en_4314,0,0,0,0,0,0,0,0,0,0,0,0
In India Thousands of Doctors Strike for Better Security Conditions  #India #Kolkata #SaveBengal #DoctorsFightBack #DoctorStrike #Savethedoctors #SaveTheSaviour     https://t.co/iMAIM440ov https://t.co/nN9IT8lOmx,eng,hasoc_en_4315,0,0,0,0,0,0,0,0,0,0,0,0
@realDonaldTrump You’re a #nationaldisgrace for what you are doing to America. #rapist #sexualpredator #toostupidtobepresident #dementedDonald,eng,hasoc_en_4316,0,0,0,0,0,0,0,0,0,0,0,0
Getting out of work in Times Square be like.  #fucktrump #ineedweed https://t.co/FFNubq77jY,eng,hasoc_en_4318,0,0,0,0,0,0,0,0,0,0,0,0
@realDonaldTrump @senatemajldr @MarkWarner Your lies won't win the next time around. You will go down in history as the worst POTUS of all time. Everyone who supported you will have to answer for their crimes. It will make Nüremburg look like a Disney mov,eng,hasoc_en_4320,0,0,0,0,0,0,0,0,0,0,0,0
@Shawnglade #FUCKTRUMP - especially on his BIRTHDAY 👍🏼👍🏼👍🏼👍🏼👍🏼,eng,hasoc_en_4321,0,0,0,0,0,0,0,0,0,0,0,0
https://t.co/YC9y4dN5Rs I despise people who defend him for ANY reason more every day! Won't even bother getting started on in how many ways this is psychotic!😡 #FuckTrump,eng,hasoc_en_4323,0,0,0,0,0,0,0,0,0,0,0,0
#ShameOnICC  ICC guys before planning WC https://t.co/KTAAsnxP3g,eng,hasoc_en_4324,0,0,0,0,0,0,0,0,0,0,0,0
#IdiotTrump reveals new proposed Air Force One designs - Spend spend spend https://t.co/Izq9BSTH8j,eng,hasoc_en_4325,0,0,0,0,0,0,0,0,0,0,0,0
ICC trying to control Dhoni on gloves vs ICC deciding world cup matches  #ShameOnICC   #ICCCricketWorldCup https://t.co/THgAUtYICl,eng,hasoc_en_4327,0,0,0,0,0,0,0,0,0,0,0,0
@Rachel__Nichols @SportsCenter That was about as insincere and fake as you can be! Nice job with the fake crying and sniffles! Lol #douchebag,eng,hasoc_en_4330,0,0,0,0,0,0,0,0,0,0,0,0
Maine governor signs law expanding medical professionals allowed to perform abortions #Resist #ResistTrump #FuckTrump https://t.co/PPnkxYHzIh,eng,hasoc_en_4331,0,0,0,0,0,0,0,0,0,0,0,0
Kamala Harris: Trump is a 'clear and present threat to democracy' #Resist #ResistTrump #FuckTrump https://t.co/tiXRqWV5V4,eng,hasoc_en_4332,1,0,0,0,0,0,0,0,0,0,0,1
@realDonaldTrump You must be unaware that when old tattered flags are retired from service they are often burned in a respectful  ceremony.   Will this law make this illegal?  #Dotard   #TrumpIsADisgrace   #TrumpIsATraitor   #TrumpIsAFraud   #TrumpIsAMoro,eng,hasoc_en_4335,0,0,0,0,0,0,0,0,0,0,0,0
@ProfMKay #DoctorStrike  Police officer at CMRI Hospital slapped a junior doctor in the evening 'without provocation'     Do think the idea work in #WestBengal under #TMC chief #MamataBanerjee ?  #SaveTheDoctors   #SaveBengal   #DoctorsFightBack   https:/,eng,hasoc_en_4340,0,0,0,0,0,0,0,0,0,0,0,0
What KILLS me about this is that old Trump-sucker #RushLimbaugh spent YEARS calling President Obama 'President Kardashian.'    I'm sure that drug-addled fool has already found a way to spin THIS as a GOOD thing for Donald Trump. FUCKING HYPOCRITE    https://t.co/Q65cVgABjC #FuckTrump,eng,hasoc_en_4341,1,0,0,0,0,0,0,0,0,0,0,1
“Happy birthday mister president”    Above is one thing I’d never say to him and two words I’d never call him. #FuckTrump,eng,hasoc_en_4343,0,0,0,0,0,0,0,0,0,0,0,0
As if telling #Trump this is illegal will deter him.    #TrumpIsADisgrace #TrumpLies #TrumpIsATraitor #PutinsPuppet #UnfitToBePresident    https://t.co/BLehKont33,eng,hasoc_en_4344,1,0,0,0,0,0,0,0,0,0,0,1
@MattHancock Your Tweet hasn’t gone down very well Matt.   I’m not surprised! #BorisJohnsonShouldNotBePM,eng,hasoc_en_4346,0,0,0,0,0,0,0,0,0,0,0,0
haha wat een #dickhead is dat toch ook... remembers reading the paper he wrote.... 😂 https://t.co/zqJqwgRDTB,eng,hasoc_en_4348,0,0,0,0,0,0,0,0,0,0,0,0
#LeonPanetta: #Trump’s Foreign Dirt Bombshell Violates Oath Of Office .....#TrumpIsATraitor  https://t.co/L0hZijZcUo,eng,hasoc_en_4349,1,0,0,0,0,0,0,0,0,0,0,1
@CMofKarnataka @hd_kumaraswamy @narendramodi @PMOIndia @tv9kannada @NEWS9TWEETS @NEWS9 @BJP4India @INCIndia  @CBItweets @CCBBangalore  Look over ds topic @ImaFraud #IMAJewels #Imafraud please... https://t.co/i7zjeDAmNp,eng,hasoc_en_4351,0,0,0,0,0,0,0,0,0,0,0,0
#ShameOnICC and @englandcricket Board Has perfectly planned to spoil #CWC19 and Mentally giving trouble the other teams by fixing it on this june month. Which is mostly monsoon days in #England #WIvENG #WINNER #TNCriesforWater #Chennai,eng,hasoc_en_4352,0,0,0,0,0,0,0,0,0,0,0,0
#stopZakirNaik   #terrorism  #terrorist   #terroristNationPakistan  He says that if you give your life for allah then you would got to jannat which motivates suicide bombers of many terrorist organisation,eng,hasoc_en_4353,0,0,0,0,0,0,0,0,0,0,0,0
#Trump the Moronic Bully is Sabotaging the U.S. &amp,eng,hasoc_en_4354,1,0,0,0,0,0,0,0,0,0,0,1
@Michael78638852 @SamerAbukhaled I've heard the 2 to 3 hrs a day he works is really tough... #JohnMcCainDay #TrumpIsATraitor,eng,hasoc_en_4355,0,0,0,0,0,0,0,0,0,0,0,0
#WorldElderAbuseAwarenessDay  Monday tens of thousands  IMA members will abuse Elders and let many of them to die without medicine just to ensure more votes in Bengal for their party!   #inhumanityByDoctors #DoctorsFightBack #DoctorsUnderOppression #DoctorsProtest   #MetroMan ?!,eng,hasoc_en_4358,0,0,0,0,0,0,1,0,0,0,1,1
@realDonaldTrump That's right.  You're #1!!     #1 #Instigator   #1 #Asswipe  #1 #Bully  #1 #Cheater  #1 #Thief  #1 #Clown  #1 #Douchebag  #1 #Liar  .........and #1 most #BankruptedUSCompany,eng,hasoc_en_4360,0,0,0,0,0,0,1,0,0,0,1,1
@Jon77349053 @AyeJaiFPS @JCMGoochy @Mogulsgg She probaBLY did! #douchebag #learnhowtospell,eng,hasoc_en_4363,0,0,0,0,0,0,0,0,0,0,0,0
#Dickhead of the #Week   A  P-plater who was clocked at 100km/h over the #speed limit in South  #Australia is one of the worst speeders in the state this  year.  #Patrols nabbed the 28-year-old man #allegedly going 201km/h in a 100km/h https://t.co/YHEqEg8AQd,eng,hasoc_en_4364,0,0,0,1,0,0,0,0,0,0,0,1
@LuckyHeronSay @theresa_may @JEGullis @Conservatives @SoTConservative Deaths of a vast swath of the population due to the poisonous policies of the @Conservatives. #JC4PM #GTTO #BorisJohnsonShouldNotBePM,eng,hasoc_en_4365,0,0,0,0,0,0,0,0,0,0,0,0
@ljpacelli @blacksoulsailor @unrealgscott @dagreatscienski @KevinMKruse @mitchellvii The 2 time winner of the popular vote never “thought we had 57 states”. What’s funny is that this is all you have. What’s sad is that trump admitted to #GeorgeStephanopou,eng,hasoc_en_4367,1,0,0,0,0,0,0,0,0,0,0,1
#IdiotTrump Is Trying To Hand Democrats The #WhiteHouse With New Plan To Repeal #Obamacare #SaveACA  https://t.co/WPmDrnonMC,eng,hasoc_en_4368,0,0,0,0,0,0,0,0,0,0,0,0
#WorldBloodDonorDay #FridayFeeling #ABrandNewDayOutNow  #ENGvWI #SaveBengal #ShameOnICC #BoyWithLuv18thWin #AmazonFashionXFossil #VOPE    Link: https://t.co/WWc1mZlONT https://t.co/yXJ0SnacpL,eng,hasoc_en_4369,0,0,0,0,0,0,0,0,0,0,0,0
.@DWHC2018 CHICAGO #SerialKiller ALERT 🛑  👇  Fears that a serial killer targeting women could be on the loose in Chicago. Murder Accountability Project presented evidence pointing to a possible serial killer in these 51 unsolved strangulations     https://t.co/YXuj4TQ03c #murderer,eng,hasoc_en_4370,0,0,0,0,0,0,0,0,0,0,0,0
@HamillHimself Remember to dance today! #FuckTrump #FreedomOfSpeech https://t.co/jTJBANES5d,eng,hasoc_en_4371,0,0,0,0,0,0,0,0,0,0,0,0
@_jackdasilva I’ll get a restraining order on him and it wouldn’t work #Murderer https://t.co/4qVkefcyzQ,eng,hasoc_en_4372,0,0,0,0,0,0,0,0,0,0,0,0
@ICC @imVkohli #shameonicc  Waiting for 4 years for such a grand Tournament and four-matches are abandoned next time be focused on the venue instead on the wicketkeeper's gloves,eng,hasoc_en_4375,0,0,0,0,0,0,0,0,0,0,0,0
This is who Republicans are.  Not one of there *abortion bills demand that the man pay child support or at least 50% medical bills. Why? Bc it's not abt pro life it's about control over women.     Georgia GOP give #Rapist daddy rights. #HappyFathersDay   https://t.co/7bwgA5yLtQ,eng,hasoc_en_4378,0,0,0,1,0,0,0,0,0,0,0,1
George Will: Trump's 'public and constant' damage to country worse than Nixon's #Resist #ResistTrump #FuckTrump https://t.co/UNCxQUT0Qi,eng,hasoc_en_4379,1,0,0,0,0,0,0,0,0,0,0,1
@dbongino @DonaldJTrumpJr Stop!! Just freaking stop!!  Every lying azz Trumpster is peddling the same phony narative!!    Give us a break!  You assume American citizens are as dumb as Trump and his plethera of professional liars are+    That ship has sail,eng,hasoc_en_4380,1,0,0,0,0,0,1,0,0,0,0,1
@realDonaldTrump @senatemajldr @MarkWarner Stop lying. #TrumpIsATraitor https://t.co/c5Foq2kY78,eng,hasoc_en_4381,0,0,0,0,0,0,0,0,0,0,0,0
@realDonaldTrump You are the wrong person to make any deals with any country Traitor.    #TrumpIsATraitor,eng,hasoc_en_4382,0,0,0,0,0,0,0,0,0,0,0,0
#DICKHEAD'S NUMBERS ARE DOWN! https://t.co/ghjKzVzSSJ,eng,hasoc_en_4383,0,0,0,0,0,0,0,0,0,0,0,0
Hey @potus   He MURDERERS people who disagree with him   And that makes him your hero?!?  WTF....you sad pathetic orange buffoon!!!  #FUCKTrump #ImpeachTrumpNow https://t.co/fdVIFM5CuR,eng,hasoc_en_4384,0,0,0,0,0,0,1,0,0,0,1,1
Anti Trump AF Coffee Mug https://t.co/GtEf0l0d9h #AntiTrumpAF #AntiTrump #FuckTrump https://t.co/tXgtG0T1HS,eng,hasoc_en_4385,1,0,0,0,0,0,0,0,0,0,0,1
Welcome to ICC (Islamic Cricket Council) where Pakis offering namaz is peaceful &amp,eng,hasoc_en_4386,0,0,0,0,0,0,0,0,0,0,0,0
@MacLeodLisa Too bad you are pretending to be a politician in real life.  And it is too bad that the people of Ontario suffer while you and your lying boss continue to pretend. #backlash #fordnation #douchebag,eng,hasoc_en_4387,0,0,0,0,0,0,0,0,0,0,0,0
@rssurjewala Nice to see that a Schizophrenic Chamcha is hiding behind a Schizophrenic media platform.  Two fellow Mental patients helping each other out.   #CongressMukTBharat,eng,hasoc_en_4388,0,0,0,0,0,0,0,0,0,0,0,0
@IndianExpress #DoctorsProtest   #DoctorsUnderOppression   #DoctorsFightBack   Well done friends. Don't meet arrogant Mamta. Government must pass ordinance to protect medical staff on urgent basis.  #mamtafrustrated #India  #WestBengal,eng,hasoc_en_4391,0,0,0,0,0,0,0,0,0,0,0,0
Big breaking news massive vacancy in health care sector in Waste Bengal. mamataj banu will recruit civic doctors . qualification- TMC supporter  Butchers from piss full will be recruited as surgeon. Apply now  #DoctorsFightBack   #Kolkata   #DoctorsStrike   #DoctorsProtest https://t.co/i0rcSFO3K4,eng,hasoc_en_4394,0,0,0,0,0,0,0,0,0,0,0,0
@demindblower Guys a bit of a #dickhead https://t.co/9dD9NMEwMM,eng,hasoc_en_4395,0,0,0,0,0,0,0,0,0,0,0,0
#JohnMcCainDay Thanks for fund raising on the promise of Obamacare repeal from Republican voters only to screw them over by deciding it was more important to put yourself first just to screw Trump in a personal vendetta.    'preciate it. #AmericaFirst #Douchebag https://t.co/5giVVk9VKG,eng,hasoc_en_4397,1,0,0,0,0,0,0,0,0,0,0,1
@Carterjnelson1 @CoryBooker Says the man who is just returning from a twitter ban 😂😂😂 🖕🏾youre all criminals!   Impeach immediately!   #fucktrump,eng,hasoc_en_4398,0,0,0,1,0,0,0,0,0,0,0,1
@ShashiTharoor Problem with people like you is they make  generalized Statment.   You should be strongly condemning @MamataOfficial #govt for poor handling #DoctorsProtest in #Bengal to protect goons belonging to a tribe.   Have some sense of right &amp,eng,hasoc_en_4399,0,0,0,0,0,0,0,0,0,0,0,0
@RogerHelmerMEP How stupid can one person be? How is it possible that idiots like this are elected to public office?     ITS AN ORGANISATION NOT A TRADE DEAL!!     #dickhead,eng,hasoc_en_4400,0,0,0,0,1,0,1,0,0,0,1,1
@RepMarkMeadows @realDonaldTrump You really don't understand the difference between legal oppo research and ill-got intel from hostile foreign agents?? No wonder all the stupid people vote for you.🤦‍♀️ #VoteBlueToSaveAmerica #TrumpIsATraitor #GOPCorrupti,eng,hasoc_en_4401,0,0,0,0,1,0,1,0,0,0,1,1
#DoctorsFightBack  Mamatha behaving like a dictator with tonnes of ego.  Spoke irresposible way on a serious matter.  Playing Appeasement Politics at the cost of lives of Doctors&amp,eng,hasoc_en_4402,0,0,0,0,0,0,0,0,0,0,0,0
Ladies and gentlemen I present the overwhelming favourite to be our our next Prime Minister Mr  #borisjohnson.  Do we really want a nasty piece of work like him leading us in into #brexit!  #BorisJohnsonShouldNotBePM https://t.co/s4jzJzRxgW,eng,hasoc_en_4403,0,0,0,0,0,0,0,0,0,0,0,0
Donald Trump Welcomed to the U.K. With Video of Boris Johnson Calling Him “Unfit” for Office #Resist #ResistTrump #FuckTrump https://t.co/3gWk47WFL3,eng,hasoc_en_4404,1,0,0,0,0,0,0,0,0,0,0,1
Send him to hell already..hahahahaha #ThethingsIseeonTwitter #FuckTrump #Hismomshouldofswallowed https://t.co/CS5suJ0WoO,eng,hasoc_en_4406,0,0,0,0,0,0,0,0,0,0,0,0
#DoctorsFightBack  Single-handedly one megalomaniac &amp,eng,hasoc_en_4408,0,0,0,0,0,0,0,0,0,0,0,0
Who the fuck parks a transit on a corner like that...?!  #Dickhead https://t.co/RPpxRnTtan,eng,hasoc_en_4409,0,0,0,0,0,0,0,0,0,0,0,0
cna be arsed way mr mhor tomorrow #dickhead,eng,hasoc_en_4410,0,0,0,0,0,0,0,0,0,0,0,0
Douchebag Ben needs to see a proctologist bad for a rectal exam.  He may have pushed his butt plug up too far.  #shithead #douchebag #idiots,eng,hasoc_en_4412,0,0,0,0,0,0,0,0,0,0,0,0
A clear hint to dynasty's scion #RahulGandhi that he must leave #Congress but their combination of monstrous ego+inferiority complex+little capability will not let go their vice like grip. #LokSabhaElections2019 #CongressMuktBharat @INCIndia @moilyv  https://t.co/NzmYHzmRCe,eng,hasoc_en_4414,0,0,0,0,0,0,0,0,0,0,0,0
“the swamp” in Moscow trying to buy his way into Putin’s good graces and make some money....     so basically just like his presidency only this time it’s Treason 🇺🇸  #TrumpIsATraitor https://t.co/RJrtfxFPYI,eng,hasoc_en_4415,0,0,0,0,0,0,0,0,0,0,0,0
@kathrynresister He. Is. A. LIAR. #maga #fuckTrump #PrisonForTrump #LockTrumpsUp,eng,hasoc_en_4417,0,0,0,0,0,0,0,0,0,0,0,0
Unbelievable... Trump goes on Fox and Friends and lies about what he said even though it's on video. And the Fox and Friends hosts know he's lying and sit there like moronic stooges.    TRUMP IS A THREAT TO NATIONAL SECURITY!!!    #TrumpLiesMatter   #TrumpIsATraitor,eng,hasoc_en_4418,1,0,0,0,0,0,1,0,0,0,0,1
#etsy shop: Benedict Donald so called president is a traitor Short-Sleeve Unisex T-Shirt https://t.co/cFqiGN6kbT #clothing #shirt #streetwear #trump #impeach #treason #traitor #fucktrump #impeachtrump https://t.co/g59Zi4jx3D,eng,hasoc_en_4419,1,0,0,0,0,0,0,0,0,0,0,1
@politvidchannel #TrumpIsATraitor why does this useless sack of shit still have his freedom,eng,hasoc_en_4420,0,0,0,0,0,0,0,0,0,0,0,0
@realDonaldTrump You are a dirty president. #FuckTrump https://t.co/CLnRSl9KHx,eng,hasoc_en_4423,0,0,0,0,0,0,0,0,0,0,0,0
@realDonaldTrump Yep... We refuse to let the propaganda pushing @foxandfriends influence us from throwing you out of office one way or another. #DelusionalDonald #TrumpIsATraitor,eng,hasoc_en_4424,0,0,0,0,0,0,0,0,0,0,0,0
My b-day wish for @realDonaldTrump? May he choke on the most beautiful cake the world has ever seen!  #JohnMcCainDay   #ImpeachTrumpNow   #TrumpIsATraitor https://t.co/c8LnBYBAFq,eng,hasoc_en_4425,0,0,0,0,0,0,0,0,0,0,0,0
@realDonaldTrump @MarshaBlackburn ANOTHER CORRUPT GOP TRAITOR!    THE GOP SHOULD BE BANDED PERMENANTLY FOR U.S. POLITICS!!  #TrumpIsATraitor   #GOPTreason   #LockEmAllUp   #TrumpRussia https://t.co/FpYRD8un9f,eng,hasoc_en_4429,0,0,0,0,0,0,1,0,0,0,1,1
@realDonaldTrump @RepAdamSchiff #TRAITORTRUMP...flapping #5timedraftdodgingCOWARDLYBITCH...#COMMIECOCKSUCKER...#FUCKTRUMP...#TRUMPtheCHUMP....#PUSSYPOTUS...#WHITESUPREMACYHOUSE...#FUCKMAGA..#FUCKTRUMPERICA,eng,hasoc_en_4430,0,0,0,0,0,0,0,0,0,0,0,0
#FuckTrump  DEMS SUCK  DEMS SUCK https://t.co/f7lWYCsrBN,eng,hasoc_en_4432,0,0,0,0,0,0,0,0,0,0,0,0
You Know what they say   The douche doesn't fall far of the bag  To watch more check out the late show YouTube channel.  #funny #epic #cool #usa #america #news #courtroomsketch #court #congress #douche #douchebag #chump… https://t.co/NdZRtDTPiF,eng,hasoc_en_4433,0,0,0,0,0,0,0,0,0,0,0,0
#ShameOnICC @A2Spices @BCCI booooo... Such a disgusting venue..,eng,hasoc_en_4435,0,0,0,0,0,0,0,0,0,0,0,0
@fredonair OMG seriously trying to justify being a douchebag? No! You're illegally using a handicap placard I hope you get caught every single time you do it a $250 ticket #waitingbythephone #douchebag,eng,hasoc_en_4436,0,0,0,0,0,0,0,0,0,0,0,0
Guys I don’t trust this “Resister” so about to block him and I would be weary of following him or allowing him to follow you. Feel he is trying to bait... just a heads up! #Resistance #ResistTogether #BlueWave2020 #VoteBlueNoMatterWho #fucktrump https://t.co/qrYXTxaFXO,eng,hasoc_en_4437,0,0,0,0,0,0,0,0,0,0,0,0
He is so fucking embarrassing &amp,eng,hasoc_en_4438,0,0,0,0,0,0,0,0,0,0,0,0
Lay off on all the Coke Trump and this could be you. #FuckTrump https://t.co/CCDArfrsBl,eng,hasoc_en_4439,1,0,0,0,0,0,0,0,0,0,0,1
A rapist lecturing on how to be a good dad. Mmkay. 🖕🏼  #FuckYouBillCosby #BillCosby #Rapist #POS https://t.co/cyvve83Q3r,eng,hasoc_en_4443,0,0,0,0,0,0,0,0,0,0,0,0
A trump level of stupid!  #TrumpIsAMoron  #TrumpIsATraitor https://t.co/Q4GAOMc3YG,eng,hasoc_en_4445,1,0,0,0,1,0,0,0,0,0,0,1
@MrsRabbitResist I echo those sentiments!! F #Trump #TrumpIsATraitor #NotMyPresident https://t.co/sBnsijvVaW,eng,hasoc_en_4446,1,0,0,0,0,0,1,0,0,0,0,1
@VerityPlayer @FLOTUS I just can't wrap my brain around the fact that shit has gotten this far.   #fucktrump and the whole #cult45,eng,hasoc_en_4447,0,0,0,0,0,0,0,0,0,0,0,0
Boom like your fake attack on The Japanese ship you incompetent TV watching old nasty liar? Only way to get you 🍄up? Where’s Eric Prince? #wagTheDog #TrumpsConcentrationCamps #TrumpIsATraitor #NoIranWar #impeachment,eng,hasoc_en_4450,0,0,0,0,0,0,0,0,0,0,0,0
Trump is just a straight up #douchebag #liar. He needs to save the #bullshit lies for his wives and mistresses and Not the American people.     Mexico Agreed To Deploy National Guard Months Before Deal With Trump: Report  https://t.co/e3GzpLEXLB,eng,hasoc_en_4451,1,0,0,0,0,0,0,0,0,0,0,1
Hypocrit @ICC .. #DhoniKeepsTheGlove #DhoniKeepTheGloves #BCCI https://t.co/5ccC6t6F6X,eng,hasoc_en_4452,0,0,0,0,0,0,0,0,0,0,0,0
@AFC_Islington74 And they said Wenger lived in the past and only survived on his past glory... #Dickhead and #Cunts   You'd think during the closed season there would be more time for them to have sex rather then bash ozil/Wenger.,eng,hasoc_en_4453,0,0,0,0,0,0,0,0,0,0,0,0
#India #AntiMuslim Hate speech https://t.co/GFJYe2nKFW,eng,hasoc_en_4455,0,0,0,0,0,0,0,0,0,0,0,0
#ENGvWI One question. How come there has not been a drop of rain during england's matches? All day sunny and bright. #ShameOnICC and #ShameOnECB . Scheduled all england matches in accordance to the weather and neglected all other matches. And ecb can't get ground covers. FUCKOFF,eng,hasoc_en_4456,0,0,0,0,0,0,0,0,0,0,0,0
Walking on Road    A random uncle to me: Oye betichod    Me: Haan Sasur ji.😁😁😁    #Kick2 #SaahoTeaserAnnouncement #Saaho #SaahoTrailer #YuvrajSingh #SaahoTrailerAnnouncementToday #Dhoni #DhoniKeepTheGlove #DhoniAtCWC19 #DHONIKESAATHDESH #dhonisix #DhoniKeepsTheGlove #SaahoStrom,eng,hasoc_en_4457,0,0,0,0,0,0,0,0,0,0,0,0
@rorybremner @MantisProMedia @Channel4 Bloody brilliant   #BorisJohnsonShouldNotBePM,eng,hasoc_en_4460,0,0,0,0,0,0,0,0,0,0,0,0
#ShameOnICC  Right now I can that IPL has more trp than icc world cup.    Icc became as useless as siddhu in politics.    agree hit like👍,eng,hasoc_en_4462,0,0,0,0,0,0,0,0,0,0,0,0
@woodgnomology #BorisJohnsonShouldNotBePM  He is a Trumpian liar,eng,hasoc_en_4464,0,0,0,0,0,0,0,0,0,0,0,0
@realDonaldTrump The Fraud is occupying the Oval Office. #fraud #crook #swindler #TaxEvasion #MoneyLaundering #traitor #liar #RAPIST #childmolester #Cheater #Grifter #pervert #sexualdeviant,eng,hasoc_en_4465,0,0,0,0,0,0,0,0,0,0,0,0
@BCCI @narendramodi @PMOIndia  @Ra_THORe @KiranRijiju @kiran_Rijiju ..    And Indian team is still using in World Cup even after all this humiliation... Shame on you BCCI #DhoniKeepTheGlove #DhoniKeepsTheGlove #DhoniKeSaathDesh #dhonigloves #DhoniKeepTheG,eng,hasoc_en_4466,0,0,0,0,0,0,0,0,0,0,0,0
indian Hospitals....shame on you government of #India #DoctorsProtest #DoctorsFightBack https://t.co/ws4952uFks,eng,hasoc_en_4468,0,0,0,0,0,0,0,0,0,0,0,0
@realDonaldTrump Networks are not interested in your fantasy!  Fox is your platform!  More interested in interviews after #DonaldTrumpJr is arrested &amp,eng,hasoc_en_4469,0,0,0,0,0,0,0,0,0,0,0,0
Because tRump and his ilk have MADE IT CLEAR  PEOPLE FROM OTHER COUNTRIES  ARE NOT HUMAN.  #fuckTrump  #ThisIsNotOkay https://t.co/tMFDPqp0q3,eng,hasoc_en_4470,1,0,0,0,0,0,0,0,0,0,0,1
Livingston secured the Olympics.  Johnson 'spaffed' millions on a garden bridge and 2bwater cannons. He cut the met police and lied about slashing the London Fire Brigade.  #BorisJohnsonShouldNotBePM https://t.co/5VJwPfwKWM https://t.co/vkpRKJmsXb,eng,hasoc_en_4471,0,0,0,0,0,0,0,0,0,0,0,0
@realDonaldTrump Um. Not sure what you are trying to imply.  That you know your a horrible father but need recognition?  #TrumpIsATraitor,eng,hasoc_en_4473,0,0,0,0,0,0,0,0,0,0,0,0
#white #Rapist - I can get away with #rape starting five #austinwilkerson #brockturner #nicholasfifield #davidbecker #johnenochs https://t.co/zgKIhXGDFA,eng,hasoc_en_4474,0,1,0,0,0,0,0,0,0,0,0,1
#DhoniKeepsTheGlove @ICC please stop using undue pressure on Indian cricket team. Remember most of your earnings come from @BCCI also take whatever fine you want to but dhoni will keep the cup.,eng,hasoc_en_4475,0,0,0,0,0,0,0,0,0,0,0,0
@POTUS I wish your mother swallowed you! Fuck you and fuck your birthday bitch 🖕🖕🖕🖕🖕🖕🖕 #FuckTrump #FuckHisBday #FuckHisHatefulSpirit,eng,hasoc_en_4477,0,0,0,0,0,0,0,0,0,0,0,0
Someone is dying for daddy's attention.  #dickhead https://t.co/k4hsFbXF3i,eng,hasoc_en_4479,0,0,0,0,0,0,0,0,0,0,0,0
@toadmeister @rcolvile @BorisJohnson #BorisJohnson is not a liberal conservative! He’s whatever will give him a pay rise or more power along a fickle Tory continuum #ToryLeadeshipContest #BorisJohnsonShouldNotBePM,eng,hasoc_en_4482,0,0,0,0,0,0,0,0,0,0,0,0
@realDonaldTrump is a dirtbag POS and an embarrassment to humankind #FuckTrump #maga #RacistTwat #Trump #TrumpsWorseThanNixon https://t.co/lyvSFCmtpP,eng,hasoc_en_4483,1,0,0,0,0,0,0,0,0,0,0,1
Boris Johnson on Gordon Brown becoming Prime Minister     This mans HYPOCRISY is unbelievable     #borisjohnsonisaclown #BorisJohnsonShouldNotBePM   #FBPE https://t.co/PDx83vd7uz,eng,hasoc_en_4484,0,0,0,0,0,0,0,0,0,0,0,0
The English love a buffoon but the Boris Johnson joke went tragically wrong | News | The Times https://t.co/AIxx2V5FtC  #BorisJohnsonShouldNotBePM,eng,hasoc_en_4485,0,0,0,0,0,0,0,0,0,0,0,0
@RudyGiuliani Rudy.. you ARE Idiocy..   #ImpeachTrumpNow   #TrumpIsATraitor   #GuiltyAsSin  #WhoreMonger  #LiarInChief   #DerangedDonald   #BillionDollarLoser   #LowIQTrump  #DraftDodger   #PresidentBoneSpurs  #AryanAgentOrange  #NervousDonald,eng,hasoc_en_4486,0,0,0,0,0,0,0,0,0,0,0,0
What pleasure do you get by killing a #livingbeing? I dont think I am wrong in arguing would be the same feeling for a #murderer #convict https://t.co/UU8udboOAd,eng,hasoc_en_4487,0,0,0,0,0,0,0,0,0,0,0,0
@atrupar ✌💚💜🍫🎨🍯😘  #GTFOofMyWhitehouse  #Traitors  #NazisNOTWelcome  #NOQUARTER4Racist  #NOQUARTER4RacistSympathizers  #ResignORImpeach  #Derelict  #Unfit  #Incompetent   #Rapist   #ImpeachTheMF   G E T  O U T...❗❗❗  GET THEM ALL O U T ❗❗❗.,eng,hasoc_en_4490,0,0,0,0,0,0,0,0,0,0,0,0
Simply put - @bcci lacks spine #DhoniKeepTheGlove #DhoniKeepsTheGlove #BalidaanBadge #BalidanBadge,eng,hasoc_en_4492,0,0,0,0,0,0,0,0,0,0,0,0
So does everybody apparently relationships to their EX? And then they go too far to get the exact opposite but that's not okay either? #divorced #douchebag # moving on,eng,hasoc_en_4493,0,0,0,0,0,0,0,0,0,0,0,0
Enjoying listening to @realDonaldTrump try and backpeddle his comments about accepting foreign help and being a willing participant to #CORRUPTION! #TrumpIsATraitor #trumpcoverup,eng,hasoc_en_4494,0,0,0,0,0,0,0,0,0,0,0,0
#Shocking #Alabama is allowing #rapist #access to sons! #Victim #mother is being #raped #again by the #system. @cnn @BrookeBCNN #smh #rapedbyuncle,eng,hasoc_en_4495,0,0,0,0,0,0,0,0,0,0,0,0
KEEP on the Press .. they still won’t publish #IntlOrgCrime news AND Want to keep presenting TRUMP AS VICTIM MEME.. whaddya think about that #metoo @NCADV IS #adulterer #rapist TRUMP the victim in his $1.5Million payment for #Abortion of OWN CHILD conceived on Ivanka lookalike? https://t.co/qrQ0kX4Vax,eng,hasoc_en_4496,1,0,0,0,0,0,0,0,0,0,0,1
@WhiteHouse Can someone please pull the insane a$$clown OFF the flag... he’s desecrating it! #FuckTrump    Also:    #HappyJohnMcCainDay2019   https://t.co/q83sFVmwRN,eng,hasoc_en_4498,0,0,0,0,0,0,0,0,0,0,0,0
Criminalizing Freedom: The Attacks on Abortion Rights and Free Speech in the Age of Trump #Resist #ResistTrump #FuckTrump https://t.co/42381Od2Ty,eng,hasoc_en_4499,1,0,0,0,0,0,0,0,0,0,0,1
Well then...Maybe Hillary should have sold them more uranium!    #Douchebag https://t.co/jjz90VzLVu,eng,hasoc_en_4500,0,0,0,0,0,0,0,0,0,0,0,0
When you tell your mom you got into a political altercation with her lifelong friend and had to unfriend them.  My mom is #ShadyAF  #DontMessWithHerGirls  #MyMomRocks  #MyMom  #FuckTrump https://t.co/G5hpTMI37n,eng,hasoc_en_4501,0,0,0,0,0,0,0,0,0,0,0,0
@Mimirocah1 @SpeakerPelosi @HouseGOP @SenateGOP That’s what @MichaelCohen212 warned us about! #CongressDoYourJob #ImpeachmentinquiryNOW #TrumpIsADisgrace #TrumpIsATraitor #Trump30Hours #LiarInChief #TraitorTrumpVoteHimOut,eng,hasoc_en_4502,0,0,0,0,0,0,0,0,0,0,0,0
@INCMumbai Tumari sarkar me jaise sab perfect tha? We can see who is blaming more here ! #CongressDoYourJob #CongressMuktBharat #GoToHell 🙏,eng,hasoc_en_4503,0,0,0,0,0,0,0,0,0,0,0,0
@realDonaldTrump #DesperateDonald Lonely Orange 🤡 #DerangedDonald #TrumpIsACriminal #TrumpIsNotAboveTheLaw #TrumpIsTheEnemyOfThePeople #TrumpIsANationalSecurityThreat #TrumpIsATraitor #ImpeachDonaldTrumpNOW,eng,hasoc_en_4504,0,0,0,0,0,0,0,0,0,0,0,0
@SpeakerPelosi @RepAdamSchiff OMG! ANNOUNCE THE OPENING OF AN #ImpeachmentInquiry NOW! TRUMP PRESENTS A CLEAR AND PRESENT DANGER TO U.S. DEMOCRACY!!!#TrumpElectionTampering #TrumpObstructedJustice #TrumpIsATraitor #TrumpsWorseThanNixon https://t.co/VXBfJW,eng,hasoc_en_4505,1,0,0,0,0,0,1,0,0,0,0,1
@Forever_Carrie @carrieunderwood He is very immature and lacks character. A good man would know how to treat a lady and move on without drama. #Cad #Douchebag #Tool,eng,hasoc_en_4506,0,0,0,1,0,0,0,0,0,0,0,1
Why is NJ @RepChrisSmith so silent on Trump’s statement that he is still willing to let Russia interfere with our elections? What does Trump have on Smith? #TrumpIsATraitor,eng,hasoc_en_4507,1,0,0,0,0,0,0,0,0,0,0,1
If Boris can't be bothered to turn up at a debate. Then next general election I can't be bothered to vote for him. #C4debate #BorisJohnsonShouldNotBePM,eng,hasoc_en_4508,1,0,0,0,0,0,0,0,0,0,0,1
@tbing11 @sjhollar @BrianKolfage @Lrihendry @IngrahamAngle @gehrig38 @StumpforTrump @RyanAFournier @Rambobiggs @holliesmckay @Jim_Jordan Any updates on this pension you think you're paying for me?  #douchebag,eng,hasoc_en_4509,0,0,0,0,0,0,0,0,0,0,0,0
IMPEACHMENT HIM FINALLY...........i am sick of seeing and hearing his lies and bullshit-racist-braggings....FUCK TRUMP #FUCKTRUMP https://t.co/WJKIRNXAeK,eng,hasoc_en_4512,1,0,0,0,0,0,0,0,0,0,0,1
@winlad6 @campbell582000 @toadmeister  #DickHead i prefer #ToryTool 🤓🤓🤓,eng,hasoc_en_4513,0,0,0,0,0,0,0,0,0,0,0,0
@MidWalesMike @jeremycorbyn Ahh yes. The Tories are responsible for Ford deciding not to make any more engines.  I get it now. #dickhead,eng,hasoc_en_4514,0,0,0,0,0,0,0,0,0,0,0,0
@BernieSanders Isn’t this the #douchebag @RepKatiePorter had to school regarding #livingwage   I guess beggars can be choosers. #Hypocrisy at its finest,eng,hasoc_en_4517,0,0,0,0,0,0,0,0,0,0,0,0
Why should tax payers money be used to feed and harbour such nasty dirty criminals??I forbid this order and ask for death to all of them coz am not ready to contribute my tax to feed such people #condemn #rapist #murder#child abuser #justiceforkathua@union law minister of India https://t.co/dDFviVCq6V,eng,hasoc_en_4518,0,0,0,0,0,0,1,0,0,0,1,1
This gay couple’s neighbor has torched their car &amp,eng,hasoc_en_4519,0,0,0,1,0,0,0,0,0,0,0,1
Mr. 'No-Collusion' confessed that he thinks Collusion is OK. #TrumpIsATraitor https://t.co/Xshh1cAYBF,eng,hasoc_en_4520,0,0,0,0,0,0,0,0,0,0,0,0
Trump to America: Who’s Going to Stop Me? #Resist #ResistTrump #FuckTrump https://t.co/Ae3FZK9HhI,eng,hasoc_en_4521,1,0,0,0,0,0,0,0,0,0,0,1
Where's the garden bridge you piffle laden baboon?  You were an embarrassment to the greatest city in the world.  #BorisJohnsonShouldNotBePM https://t.co/v4DvPURcu6,eng,hasoc_en_4522,0,0,0,0,0,0,0,0,0,0,0,0
Terrorist Nation ??     RT for pakistan  Like for 🇵🇰    #TerroristNationPakistan,eng,hasoc_en_4527,0,0,0,0,0,0,1,0,0,0,1,1
@ICC running the worldcup for money??? No brains #ShameOnICC ... the first India Pakistan match to get washed out because of these fools,eng,hasoc_en_4528,0,0,0,0,0,0,1,0,0,0,1,1
@realDonaldTrump @POTUS LET'S GO DOWN YOUR MEMORY LANE! #rapist #TERRORISTTRUMP #NAZITRUMP #PUTINSBITCH #TRAITOR #LiarInChief #DEMENTEDINCHIEF #Predator #justiceForKatie #whereisMaria https://t.co/fUo1tqs3WE,eng,hasoc_en_4530,0,0,0,0,0,0,0,0,0,0,0,0
#Conservative destroys #TraitorTrump for saying he ‘loves his country’ — with a barrage of examples of how he has betrayed America #TrumpIsATraitor  https://t.co/8xH8f5TGdM,eng,hasoc_en_4532,0,0,0,0,0,0,0,0,0,0,0,0
@qq_american @CNN @realDonaldTrump WTF does this even mean? You’re losing this back and forth.  #fatnixon #liar #philanderer #douchebag #nonchristian #bully #shitstainonamerica #youlikeassholes,eng,hasoc_en_4533,0,0,0,0,0,0,0,0,0,0,0,0
Best Rain Dance Party Ever  #ShameOnICC   16 June its Going to be another washout https://t.co/8u7dmSMfnn,eng,hasoc_en_4536,0,0,0,0,0,0,0,0,0,0,0,0
@SecPompeo @realDonaldTrump ✌💚💜🍫🎨🍯😘  #GTFOofMyWhitehouse  #Traitors  #NazisNOTWelcome  #NOQUARTER4Racist  #NOQUARTER4RacistSympathizers  #ResignORImpeach  #Derelict  #Unfit  #Incompetent   #Rapist   #ImpeachTheMF   G E T  O U T...❗❗❗  GET THEM ALL O,eng,hasoc_en_4537,0,0,0,0,0,0,0,0,0,0,0,0
To watch the video https://t.co/wmQWH64k3Q  #rapevictim #victim #rapist https://t.co/aRvxsKaewV,eng,hasoc_en_4538,0,0,0,0,0,0,0,0,0,0,0,0
#BorisJohnson blew off a debate for British prime ministerial candidates. But the empty chair said a lot https://t.co/Q3ExziSysy #BorisJohnsonShouldNotBePM #ToriesOut #ToryLeadershipContest #Brexit #brexitchaos #StopBrexit,eng,hasoc_en_4540,0,0,0,0,0,0,0,0,0,0,0,0
#IndiaWithDhoni #DhoniKeepsTheGlove   Need of the hour trends and it’s a matter of honour n racist mentality of @ICC rule is rule and rule for all,eng,hasoc_en_4541,0,0,0,0,0,0,0,0,0,0,0,0
@TheRealOJ32 #OJ you are a #murderer. God is calling you to repentance. You will reap what you have sown. How can you escape damnation? 🔥,eng,hasoc_en_4542,0,0,0,0,0,0,0,0,0,0,0,0
Thanks a lot Trump! Can't even keep the nba title in the USA. First time ever! #NBAFinals #nba #fucktrump #Game6 #Raptors,eng,hasoc_en_4543,1,0,0,0,0,0,0,0,0,0,0,1
My father @rroshanbaig hasn't been a Minister in this term. Whole of Karnataka wants to know the name of this Minister who was so hellbent on bailing out the main accused in #IMAFraud     CC: @suvarnanewstv @prajavani @publictvnews @ANN_Newsable @TimesNow @republic @IndiaToday https://t.co/l5lOxAsHDN,eng,hasoc_en_4545,0,0,0,0,0,0,0,0,0,0,0,0
@QueenMab87 @billmaher  continues to try sooooo hard to remain relevant. #MSM is the only one who cares #LowRatings #LowIQ #DrugAddict #SexFiend #DoucheBag,eng,hasoc_en_4546,0,0,0,0,0,0,0,1,0,0,1,1
Voter: Trump's lies don't change my vote #Resist #ResistTrump #FuckTrump https://t.co/VxcPcAjw9D,eng,hasoc_en_4547,1,0,0,0,0,0,0,0,0,0,0,1
@cricbuzz I'm quite sure that he would be beaten as hell by #MenInBlue   Performing against low profile teams doesnt make him a rockstar    #ICCRaincup2019  #CWC19   #ShameOnICC,eng,hasoc_en_4549,0,0,0,0,0,0,0,0,0,0,0,0
This is how often we’ll be letting everyone know-9 days a week &amp,eng,hasoc_en_4550,0,0,0,0,0,0,0,0,0,0,0,0
@TakariSanders @romanminaj225 @AnthonyMWalker If your avi is Cardi then your opinion is automatically invalid. #Rapist,eng,hasoc_en_4552,0,0,0,0,0,0,0,0,0,1,1,1
Peoples should #respect #women and #girls of any age. They all are also like Mother and sister.  And #Govt should take strict #Action against the #Rapist and should make a law.  #JusticeForGudiya #JusticeForTinkleSharma #JusticeForPayal #JusticeForAll   @narendramodi @sachin_rt https://t.co/pgMiFym9Qd,eng,hasoc_en_4553,0,0,0,0,0,0,0,0,0,0,0,0
Oh that CombOver 🤣🤣🤣🤣🤣🤣🤣🤣    #EpicFail #IdiotTrump #CombOverTrump https://t.co/m4fdg0hJiK,eng,hasoc_en_4554,0,0,0,0,0,0,0,0,0,0,0,0
@SenJohnKennedy Anyone who invites anyone else to attack America is a traitor. I think that’s fair. #TrumpIsATraitor  #JohnMCainDay,eng,hasoc_en_4556,0,0,0,0,0,0,0,0,0,0,0,0
@TheRealOJ32 Go. Away. Stay. Away. #killer #murderer,eng,hasoc_en_4557,0,0,0,0,0,0,0,0,0,0,0,0
@_REALOJ32 Interesting you have Khloe Kardashian as your Instagram we know she’s your daughter. #Murderer,eng,hasoc_en_4558,0,0,0,0,0,0,0,0,0,0,0,0
@WEpicenter @ClementoJack @TheTayaValkyrie So they look like you and your 151 followers. #loser #Douchebag #liveswithMaMa,eng,hasoc_en_4559,0,0,0,0,0,0,0,0,0,0,0,0
A tale of two gloves.    1. #Balidan socked out   #Pakistan and they complained to #ICC    #Chugli wale aaye #INDvsPAK khelne :)    #DhoniKeepsTheGlove  1 match fine worth it :)    2. Another failed a bouncer test.    Kitne aadmi the #Gabbar?  Ek Nile poora :(    Get well soon #ShikharDhawan! https://t.co/v6rWnFdy91,eng,hasoc_en_4560,0,0,0,0,0,0,0,0,0,0,0,0
History of East Turkestan  https://t.co/Ypn4HgNlsA  #Uyghur #FreeUyghur #EastTurkistan #China #StopChina #BoycottChina #Genocide #ウイグル #RT,eng,hasoc_en_4563,0,0,0,0,0,0,1,0,0,0,1,1
@KellyannePolls You’re so lucky you have a husband that everyone admires. He is your only saving grace. Shame Sarah doesn’t have someone in her life who could guide her.    Happy #JohnMcCainDay     #LockTrumpUp  #ImpeachmentInquiryNow   #ImpeachTrump   #I,eng,hasoc_en_4564,0,0,0,0,0,0,0,0,0,0,0,0
#ShameOnICC: Cricket fans worIdwide blast ICC after another World Cup washout @BCCI  @cricketworldcup @ICC  https://t.co/8EdZKjrRLY,eng,hasoc_en_4565,0,0,0,0,0,0,0,0,0,0,0,0
@RepAdamSchiff @RepAdamSchiff   A career politican quoting ethics.  Now that is funny.  #ScumBag #douchebag #smalldicksyndrome,eng,hasoc_en_4567,0,0,0,0,0,0,0,0,0,0,0,0
Murderous douchebag says what now? #murderous #douchebag https://t.co/X7ZrvWzKxe,eng,hasoc_en_4568,0,0,0,0,0,0,0,0,0,0,0,0
Opinion: The NRA is the Godzilla of swamp monsters #Resist #ResistTrump #FuckTrump https://t.co/ann4Cb8QGk,eng,hasoc_en_4573,0,0,0,0,0,0,0,0,0,0,0,0
@brianklaas We can only hope and maybe there will be a balloon of @realDonaldTrump wearing a dunce cap! #idiotTrump #MoronInChief.,eng,hasoc_en_4574,0,0,0,0,0,0,0,0,0,0,0,0
Some record labels 🏷 Owners can kill Talent sha.... Awon #DickHead,eng,hasoc_en_4575,0,0,0,0,0,0,1,0,0,0,1,1
@TheRealOJ32 DId you find the real killer yet?  Can we get an update on your investigation?  #felon #murderer,eng,hasoc_en_4576,0,0,0,0,0,0,0,0,0,0,0,0
Good Riddance Lyin' Sarah Hucka-bye! You will never be believed again. You're guilty of aiding the #LiarInChief with your own #lies to the American people. Shame on you!     #Trump is a demon! #TrumpIsATraitor  #SarahSanders #trumps 'bigly' mouthpiece     https://t.co/WT0ytoBE2a,eng,hasoc_en_4578,1,0,0,0,0,0,0,0,0,0,0,1
@RubikaLiyaquat It's really shameful @RubikaLiyaquat that #rapist will not be hanged,eng,hasoc_en_4579,0,0,0,0,0,0,0,0,0,0,0,0
700 doctors have resigned in #bengal but democracy saviour gang is still dead silent....!!!  Wake up #KhanMarketGang      #DoctorsFightBack #DoctorsProtest #BengalDoctorsStrike  #BengalBurning,eng,hasoc_en_4580,0,0,0,0,0,0,1,0,0,0,1,1
Umpires in ICC world cup  #ShameOnICC #CWC19 https://t.co/Pw5XuSKew3,eng,hasoc_en_4581,0,0,0,0,0,0,0,0,0,0,0,0
All these are allowed but #dhoni was wrong!why?  @ICC @BCCI   #DhoniKeepsTheGlove https://t.co/OQG3eSe1RC,eng,hasoc_en_4585,0,0,0,0,0,0,0,0,0,0,0,0
#DoctorsFightBack  Do you mean doctors deserve to die? @MamataOfficial https://t.co/TtOysiPIFe,eng,hasoc_en_4586,0,0,0,0,0,0,1,0,0,0,1,1
What in the #BorisJohnsonShouldNotBePM is going on here??? We’re all doomed 😑,eng,hasoc_en_4587,0,0,0,0,0,0,1,0,0,0,1,1
HAPPY SENATOR JOHN MCCAIN DAY!!! #FuckTrump #Resist #Persist #Insist #Enlist #ITMFA,eng,hasoc_en_4588,0,0,0,0,0,0,1,0,0,0,1,1
Correction....Succeeded in re-branding today as #JohhMcCainDay because #FuckTrump. 😂🖕 https://t.co/XfJl5F9Ff3,eng,hasoc_en_4589,0,0,0,0,0,0,0,0,0,0,0,0
@jaketapper Anyone who invites anyone else to attack America is a traitor. #TrumpIsATraitor #JohnMCainDay,eng,hasoc_en_4590,0,0,0,0,0,0,0,0,0,0,0,0
Someone's Ego Got Butt Hurt!! LMFAO!! #FuckTrump #TrumpIsATraitor #TrumpMustResign #TrumpTantrum https://t.co/QCAjKpr8DM,eng,hasoc_en_4591,0,0,0,0,0,0,1,0,0,0,1,1
@MrsRabbitResist What a great tweet to start the weekend! #FuckTrump,eng,hasoc_en_4592,0,0,0,0,0,0,0,0,0,0,0,0
@SuckItLibshits @jimlovell9_jim @HouseGOP @realDonaldTrump Prove it. #JohnMcCainDay #ImpeachTrumpNow #TrumpIsATraitor #SarahSandersLied oh and #JohnMcCainDay,eng,hasoc_en_4593,0,0,0,0,0,0,0,0,0,0,0,0
#ShameOnICC    @ECB_cricket can use her to cover the stadium... https://t.co/VfVlLWLnt8,eng,hasoc_en_4594,0,0,0,0,0,0,0,0,0,0,0,0
@Hawkermkii @Spice_Gurl21 @MayorHancock @CityofDenver @HRCPDenver ✌💚💜🍫🎨🍯😘  #GTFOofMyWhitehouse  #Traitors  #NazisNOTWelcome  #NOQUARTER4Racist  #NOQUARTER4RacistSympathizers  #ResignORImpeach  #Derelict  #Unfit  #Incompetent   #Rapist   #ImpeachTheM,eng,hasoc_en_4595,0,0,0,0,0,0,0,0,0,0,0,0
Trump’s Electoral Shenanigans Are Getting Worse #Resist #ResistTrump #FuckTrump https://t.co/4vgRn66fbY,eng,hasoc_en_4596,1,0,0,0,0,0,0,0,0,0,0,1
See who funded the #AbortionBan! You may be surprised. https://t.co/VRPVMQ1j3K via @sludge #AbortionRights #FuckTrump,eng,hasoc_en_4599,0,0,0,0,0,0,0,0,0,0,0,0
Happy #JohnMcCainDay everyone!! I will spending it remembering a true hero. #JohnMcCainDayJune14 #ImpeachmentInquiryNow #TrumpIsATraitor #TrumpsAnInternationalDisgrace #TrumpCriminalInvestigations https://t.co/I6vBvZBaQs,eng,hasoc_en_4602,0,0,0,0,0,0,1,0,0,0,1,1
https://t.co/Hc06lcgMCM's Ali Catterall's take on it all ..    #BollockstoBrexit   #PeoplesVote   #BorisJohnsonShouldNotBePM https://t.co/0fdTYAqjXD,eng,hasoc_en_4603,0,0,0,0,0,0,0,0,0,0,0,0
@Strandjunker perfect 👌🏼 plus add 100 lbs. #LockHimUp #Traitor #Rapist,eng,hasoc_en_4604,0,0,0,0,0,0,0,0,0,0,0,0
@GovHowardDean #JackieO was an American treasure who inspired millions of Americans and made us proud. Melania is a Russian whore. #Putin's left over.   #TrumpIsATraitor  #JohnMcCainDayJune14  @FLOTUS https://t.co/HxTEMF4Xx8,eng,hasoc_en_4606,0,0,0,0,1,0,0,0,0,0,1,1
#Mohammadi #toursandtravels #jodhpur #nagour #Rajasthan should be #banned and there #license should be #cancelled .#share #mother #murderer #Saudi_Arabia #India,eng,hasoc_en_4607,0,0,0,0,0,0,0,0,0,0,0,0
@labourpress Great parliamentary quotes of our times. #BorisJohnsonShouldNotBePM https://t.co/Dj0gj6FPE4,eng,hasoc_en_4609,0,0,0,0,0,0,0,0,0,0,0,0
@ANI There is a saying .. 'Vinasha kaale viparita buddhi'.  This applies to @MamataOfficial  perfectly.     #WestBengal #DoctorsStrike #DoctorsFightBack #SaveBengal #Savethedoctors,eng,hasoc_en_4610,0,0,0,0,0,0,0,0,0,0,0,0
Perjury #Investigation Imminent After Transcript Of Interview With Kavanaugh Accusers Is Revealed    #GangRapes #ChristineBlaseyFord #BrettKavanaugh #Rape #Rapist #BrettKavanaughRapist     https://t.co/6aE64RH1Hs,eng,hasoc_en_4611,0,0,0,0,0,0,0,0,0,0,0,0
Great round up of last night's televised debate by @JohnJCrace. Can we say that democracy is dead yet? #C4Debate #Brexit #BorisJohnsonShouldNotBePM    Silence is golden as Boris's lectern wins Tory televised debate | John Crace https://t.co/4j7piqReEh,eng,hasoc_en_4613,0,0,0,0,0,0,0,0,0,0,0,0
@realDonaldTrump @MarshaBlackburn Really only one response to Trump at this point.   TRAITOR  #TraitorTrump  #TrumpsWorseThanNixon   #TrumpFarWorseThanBillClinton  #TrumpSellsAmericaToHighestForeignBidder  #TrumpIsATraitor,eng,hasoc_en_4615,1,0,0,0,0,0,0,0,0,0,0,1
AIIMS Resident Doctors issue ultimatum to West Bengal government,eng,hasoc_en_4617,0,0,0,0,0,0,0,0,0,0,0,0
Good morning my lovelies!  #fucktrump https://t.co/eeqel5PKLs,eng,hasoc_en_4618,0,0,0,0,0,0,0,0,0,0,0,0
THE #CHURCH #RAPIST has RAPED THE CHILDREN of the WORLD &amp,eng,hasoc_en_4619,0,0,0,0,0,0,0,0,0,0,0,0
#fucktrump @ White House Washigton DC https://t.co/eoiobtv1wh,eng,hasoc_en_4620,0,1,0,0,0,0,0,0,0,0,0,1
Almost Father’s Day and all I want is a hug from my dad and I can’t even get that. #fucktrump,eng,hasoc_en_4621,0,0,0,0,0,0,0,0,0,0,0,0
Ways and Means Committee Chair Doesn’t Want Medicare-for-All Hearing to Mention “Medicare for All” #Resist #ResistTrump #FuckTrump https://t.co/jNLPRWNDU0,eng,hasoc_en_4622,0,0,0,0,0,0,0,0,0,0,0,0
I think Rain will be top on chart and we can see  it on FINALE  also😂😂 #ShameOnICC https://t.co/N9IvXG8iRq,eng,hasoc_en_4624,0,0,0,0,0,0,0,0,0,0,0,0
@MattHancock #BorisJohnsonShouldNotBePM   #EVER    No threats to #KILL #BorisJohnson as fabricated by #FTAC     https://t.co/1SRpbCQxUw,eng,hasoc_en_4625,0,0,0,0,0,0,1,0,0,0,1,1
If baahubali would have played world cup #ShameOnICC https://t.co/osOHqBqRSh,eng,hasoc_en_4626,0,0,0,0,0,0,0,0,0,0,0,0
2020 Dems call for impeachment over Trump’s election comments #Resist #ResistTrump #FuckTrump https://t.co/eTbm7dTDUw,eng,hasoc_en_4627,1,0,0,0,0,0,0,0,0,0,0,1
Doctors of west bengal do not wish @MamataOfficial  to meet d injured doctors and she don't care about them as well as do not wish to take action against the accused. #doctors_against_assualt #DoctorsFightBack #doctorsstrike   @Drmanugautam @AIIMSRDA @RDAPunjab @PTI_News @ZeeNews,eng,hasoc_en_4628,0,0,0,0,0,0,0,0,0,0,0,0
Doctors in India = Mandir ka ghanta Stop treating us like this   #DoctorsFightBack https://t.co/pGRO3kufAY,eng,hasoc_en_4630,0,0,0,0,0,0,0,0,0,0,0,0
What I cannot understand is how the GOP continues to turn a blind eye to #TraitorTrump and continue to support him. He admits to illegal actions to win at all costs. The GOP sold their souls when they nominated trump. It's all about making profits. #Resist #TrumpIsATraitor,eng,hasoc_en_4631,1,0,0,0,0,0,0,0,0,0,0,1
@Flagsareburning @realDonaldTrump He continues to make money off his position in violence of the emoluments clause. And just the other day he said he would break the law in receiving info about a political opponent.     He's a con man and the average Amer,eng,hasoc_en_4632,0,0,0,1,0,0,0,0,0,0,0,1
@Priyadoc22 @drharshvardhan #Nonbailable_Offence_12yrsJAIL            Nothing less than this    #DoctorsFightBack   #StopViolenceAgainstDoctors,eng,hasoc_en_4633,0,0,0,0,0,0,0,0,0,0,0,0
#ShameOnICC rain ruin the 2019 WC.@ICC,eng,hasoc_en_4635,0,0,0,0,0,0,0,0,0,0,0,0
@realDonaldTrump @foxandfriends #Sad I saw a portapotty full to the top at work today &amp,eng,hasoc_en_4636,0,0,0,0,0,0,0,0,0,0,0,0
#BorisJohnsonShouldNotBePM He published poem on 'extermination' of 'verminous' Scots https://t.co/omCdwYMD0K,eng,hasoc_en_4638,0,0,0,0,0,0,0,0,0,0,0,0
That’s how #Rapist are treated in Dubai -Full &amp,eng,hasoc_en_4639,0,0,0,0,0,0,0,0,0,0,0,0
(1/2)  Rain stops the match  ICC : we have rain insurance  Onto the next match  This is what @icc does.  #ShameOnICC if you can't organise #Worldcup Match you must stop calling yourself the apex body and relinquish those rights to someone capable enough like @CricketAus or  @BCCI https://t.co/LgWhZTJzoA,eng,hasoc_en_4640,0,0,0,0,0,0,0,0,0,0,0,0
Layleen Polanco is the 10th trans woman found dead in U.S. this year #Resist #ResistTrump #FuckTrump https://t.co/8RrE6cZNkm,eng,hasoc_en_4642,0,0,0,1,0,0,0,0,0,0,0,1
This is very poor planing of #icc world cup 2019 #ShameOnICC,eng,hasoc_en_4643,0,0,0,0,0,0,0,0,0,0,0,0
It's Getting Pretty Hard Not To Get Ejected From A Game Ángel Hernández Is Umpiring https://t.co/2jxSoCxe3I #Douchebag,eng,hasoc_en_4644,0,0,0,0,0,0,0,0,0,0,0,0
Twitter: #ShameOnICC is Trending  ICC: Wtf? WHY?  Indians: https://t.co/ePPRiiCBPz,eng,hasoc_en_4645,0,0,0,0,0,0,0,0,0,0,0,0
We have more #corruption and #criminals in parliament then we have in prisons and we are supposed to trust these people they bring in laws we have to abide by but they then break #donations #drugs #BorisJohnsonShouldNotBePM,eng,hasoc_en_4646,0,0,0,0,0,0,0,0,0,0,0,0
@MarshaBlackburn Truly funny: you say it happened in 2016 but THIS is a Rush.    Do you see the irony in your hesitation?    #Tennessee   #JohnMcCainDay   #TrumpIsATraitor   #TrumpResign,eng,hasoc_en_4647,0,0,0,0,0,0,0,0,0,0,0,0
#CricketWorldCup2019 is washed away.  Poor Management.  #ShameOnICC,eng,hasoc_en_4649,0,0,0,0,0,0,0,0,0,0,0,0
Doctors turn down Mamata's invite,eng,hasoc_en_4650,0,0,0,0,0,0,0,0,0,0,0,0
@AWMurrison @BorisJohnson And you’re a #dickhead,eng,hasoc_en_4651,0,0,0,0,0,0,0,0,0,0,0,0
Dear @icc you better concentrate on umpires who are sooper in last match ..No balls ni choodatledu ra ayya..Niku Dhoni gloves gurinchi enduku #DhoniKeepsTheGlove Thanks @BCCI supporting him 🙌 #WorldCup2019,eng,hasoc_en_4652,0,0,0,0,0,0,0,0,0,0,0,0
@Lawrence So maybe McGahn should tell Trump that he's now decided to comply with the subpoena and he's going to answer everything the Dems ask. #FuckTrump,eng,hasoc_en_4654,1,0,0,0,0,0,0,0,0,0,0,1
#borisjohnson and then the magic happens. https://t.co/AkG05vMtrc #brexit #BorisJohnson #BorisJohnson #BorisJohnsonShouldNotBePM #ToryLeadershipContest #ToryLeadershipDebate #Tory,eng,hasoc_en_4655,0,0,0,0,0,0,0,0,0,0,0,0
This is the face of fascism coming to America! Remember he also signed bibles like he’s the second coming of Christ. #TrumpIsATraitor #ImpeachDonaldTrumpNOW https://t.co/tdZcJQnTXD,eng,hasoc_en_4656,0,0,0,0,0,0,0,0,0,0,0,0
I can't believe even this turned communal. Doctors of all religions are protesting. We aren't divided. Were the rest of you sleeping earlier when other attacks were perpetrated by Hindus? Or was it not convenient for your narrative earlier? Stand United please   #DoctorsFightBack,eng,hasoc_en_4657,0,0,0,0,0,0,0,0,0,0,0,0
@ICC  what can possibly go wrong with someone wearing a glove with a logo which means nothing to you but everything to the player what would have happened if he had a tattoo of the same .. what u would  have done .. enjoy the game and stop being kejriwal�,eng,hasoc_en_4658,0,0,0,0,0,0,0,0,0,0,0,0
@kylegriffin1 And we all know what a good judge of right and wrong trump is. #LiarInChief #TrumpIsATraitor #ImpeachTrumpNow,eng,hasoc_en_4659,1,0,0,0,0,0,0,0,0,0,0,1
@GovPritzker Not only are you a slob physically but also morally and ethically.  You are making a flimsy excuse for murder.  Why not encourage support for women who carry their child to term and offer adoption alternatives to loving couples instead of tak,eng,hasoc_en_4660,0,0,0,0,0,0,0,0,0,0,0,0
Shoutout to blind PTI followers.   Read and understand the level of deception your druggy captain sold you!  #پپو_نکلا_نالائقِ_اعظم   #Pakistan  #PTIGovernment  #imranhataomulkbachao  #PMLN  #تحریکِ_انصاف_قاتلِ_انصاف https://t.co/sXAeA73vHY,eng,hasoc_en_4661,0,0,0,0,0,0,0,0,0,0,0,0
U.S. will examine 2016 North Carolina poll books for election hacking #Resist #ResistTrump #FuckTrump https://t.co/aWa4ng4YKd,eng,hasoc_en_4664,1,0,0,0,0,0,0,0,0,0,0,1
GOP = Guardians Of Putin  #FUCKtRump https://t.co/dDuNHZdErx,eng,hasoc_en_4665,0,0,0,0,0,0,0,0,0,0,0,0
@realDonaldTrump Pee pee tape  #trumpisanasshole #trumptempertantrum #idiottrump,eng,hasoc_en_4666,0,0,0,0,0,0,0,0,0,0,0,0
Trump is reportedly in denial about his campaign’s bleak internal polling #Resist #ResistTrump #FuckTrump https://t.co/h8dq6uvG8D,eng,hasoc_en_4667,1,0,0,0,0,0,0,0,0,0,0,1
@realDonaldTrump You are a joke. #Douchebag,eng,hasoc_en_4668,0,0,0,0,0,0,0,0,0,0,0,0
@chelseahandler I’ve said this elsewhere but oj is absolutely KILLING IT on social media these days. He is ABSOLUTELY SLAYING it. #OJSimpson #murderer,eng,hasoc_en_4669,0,0,0,0,0,0,0,0,0,0,0,0
@realDonaldTrump Despite all your corruption we will be  great again once you're out office and in jail where you belong! #idiottrump #derangeddonald #billiondollarloser ##trumpiscompromised,eng,hasoc_en_4670,0,0,0,0,0,0,0,0,0,0,0,0
@MSNBC @kwelkernbc I am 🤢 with having to hear that hag Conway! #VoteBlue2020 #DitchMitch2020 #VoteBlueToSaveAmerica #FlipTheSenate2020 #VoteBlueNoMatterWho2020 #Resist #FuckTrump #DoYourJobMitch #ResistTrump #TheResistance #Resistance #TraitorTrump #Vote,eng,hasoc_en_4672,0,0,0,0,0,0,0,0,0,0,0,0
@RepMattGaetz @realDonaldTrump #HappyJohnMcCainDay  🙌🏻🙌🏻💙💙🙌🏻💙🙌🏻🙌🏻🙌🏻     @RepMattGaetz  is a DRUNK AND   #TrumpIsATraitor,eng,hasoc_en_4673,0,0,0,0,0,0,0,0,0,0,0,0
@realDonaldTrump Thanks for 'exposing' Jon Stewart as Jewish #bigot #douchebag,eng,hasoc_en_4675,0,0,0,0,0,0,0,0,0,0,0,0
Once Upon a Time #Bangal was know by the name of  land of     ' RABINDRANATH TAGORE '     But now #Bangal has become a LAND of A Dictator &amp,eng,hasoc_en_4676,0,0,0,0,0,0,0,0,0,0,0,0
Happy John McCain day!!! @DonaldJTrumpJr @realDonaldTrump @robreiner @TheRickWilson @funder @dixon_dar @RWPUSA #ImpeachmentInquiry #CountryOverParty #TrumpIsATraitor #TrumpMustResign #TrumpTantrum #DerangedDonald #2020Elections https://t.co/eGxMfqB5hw,eng,hasoc_en_4678,0,0,0,0,0,0,1,0,0,0,1,1
@realDonaldTrump @netanyahu Trump is functionally illiterate🤡. Does he know relatively few Jews vote Republican + few voted for HIM #TrumpHeights #GOPComplicit #TrumpIsANationalSecurityThreat #TrumpResignNow #VoteBlue #VoteBlueToEndThisNightmare #VoteBlu,eng,hasoc_en_4679,1,0,0,0,0,0,0,0,0,0,0,1
I live in a world where it’s possible #borisjohnson could be prime minister and #donaldtrump is actually a president. What the fuck is going on 🤷🏾‍♂️ #MondayMorning #mondaythoughts #BorisJohnsonShouldNotBePM #worldcrisis #wtf #usa #uk https://t.co/6xUqiPgpm8,eng,hasoc_en_4681,0,0,0,0,0,0,0,0,0,0,0,0
@WhiteHouse Deranged display of fake patriotism.     Meanwhile @senatemajldr and Dump sell the country behind close doors to highest bidders.     #FuckTrump https://t.co/OXSr9DVQrM,eng,hasoc_en_4682,0,0,0,0,0,0,0,0,0,0,0,0
We don't need to check date of birth of  a #rapist   #India https://t.co/DLuTmDkMei,eng,hasoc_en_4684,0,0,0,0,0,0,0,0,0,0,0,0
#Murderer @TheRealOJ32 has over 400K followers? That's is sick.,eng,hasoc_en_4685,0,0,0,0,0,0,0,0,0,0,0,0
The Orange Man-baby is Public Enemy Number One! When will his Moronic Supporters get well?     #TrumpIsATraitor #JohnMcCainDay #TrumpCrimeFamily #TrumpColluded #VetsResist https://t.co/Eh5wMGPF8f,eng,hasoc_en_4687,0,0,0,1,0,0,0,0,0,0,0,1
@SumitkadeI @ICC Boycott ICC World Cup 2019 #shameonicc @ICC mean for international chutiyapa council,eng,hasoc_en_4688,0,0,0,0,0,0,0,0,0,0,0,0
Can you support the March for Change on July 20?     March against Boris ..  https://t.co/BYGpdwQdJM    #BorisJohnsonShouldNotBePM  #BollocksToBoris   #BollockstoBrexit https://t.co/mPXTGQbta6,eng,hasoc_en_4689,0,0,0,0,0,0,0,0,0,0,0,0
When even one of your closest allies can’t defend your reprehensible words. #TrumpIsATraitor #FakePresident https://t.co/bPXJZFRRBk,eng,hasoc_en_4690,0,0,0,0,0,0,0,0,0,0,0,0
Zaghari-Ratcliffe’s husband 'resented Boris Johnson'    https://t.co/T9EE7R4Jve  #BorisJohnsonShouldNotBePM   #FreeNazanin,eng,hasoc_en_4691,0,0,0,0,0,0,0,0,0,0,0,0
#ICC you have ruined the tournament. Never ever try to organize it. Better take some management lessons from #BCCI.  #ShameOnICC #icc #CWC19 #RainStopsMatch https://t.co/UJS4EJpawt,eng,hasoc_en_4692,0,0,0,0,0,0,0,0,0,0,0,0
That is how most people including me are feeling that today is that SOB Trump birthday lol. #mood #fucktrump #villageidiot #byefelicia https://t.co/2OR7VqvPFc,eng,hasoc_en_4693,1,0,0,0,0,0,0,0,0,0,0,1
Trump's impeachment poll numbers highest since Nixon #Resist #ResistTrump #FuckTrump https://t.co/Lgj1EOYOf0,eng,hasoc_en_4694,1,0,0,0,0,0,0,0,0,0,0,1
Pic 1:- Indian grounds    pic 2:- Others grounds    #ShameOnICC #INDvNZ #CWC19   @cricketaakash @sachin_rt @virendersehwag @AjitKum20724349 https://t.co/qZ0DEMlONz,eng,hasoc_en_4695,0,0,0,0,0,0,0,0,0,0,0,0
I hope I live long enough to see @AOC be president.    #AlexandriaOcasioCortez #MyCountryTisOfShe  #fuckTrump #Trumpsucks,eng,hasoc_en_4696,0,0,0,0,0,0,0,0,0,0,0,0
@realDonaldTrump Good riddance to that  heffa she beast.   #fucktrump,eng,hasoc_en_4697,0,0,0,0,0,0,0,0,0,0,0,0
ICC Rain World Cup 😀😁😂🤣😭    #ShameOnICC #CWC19 #INDvNZ #FridayMotivation #NBAFinals @ImBhupenSingh19 @ICC @BCCI @cricketworldcup https://t.co/DNOFfJAlew,eng,hasoc_en_4698,0,0,0,0,0,0,0,0,0,0,0,0
US embassies defy tRump administration's ban on Pride flags  @gaystarnews  https://t.co/Ru8xVZcB1K    #FucktRump #tRumpIsARacist,eng,hasoc_en_4699,1,0,0,0,0,0,0,0,0,0,0,1
@here In a driverless future they won’t drive #dickhead,eng,hasoc_en_4700,0,0,0,0,0,0,0,0,0,0,0,0
@n_o_27 @13ththirteen @NathanTribal @AbhiRajPandey @ANI Dekha 😂  It takes them less than a minute to drag 1984 and justify it. Innocent cop my foot. Same police was killing random Sikhs and brought mobs to do the killing spree in 1984.  #FuckDelhiPolice,eng,hasoc_en_4701,0,0,0,0,0,0,0,0,0,0,0,0
IN #BREAKING WORLDWIDE #NEWS: DEVIL POSSESSED SEVENTH KINGDOM #SUICIDAL #MURDERER DONALD #TRUMP HAS BEEN FOUND GUILTY OF #MURDER AND HAS BEEN SENTENCED TO #DEATH! TRUMP HAS BEEN ORDERED TO TURN HIMSELF INTO THE LEGAL AUTHORITIES TO BE EXECUTED,eng,hasoc_en_4702,1,0,0,0,0,0,1,0,0,0,0,1
ICC doesn't allow religious and political activities then WTF is this. Lt. col.Dhoni Wears Army insignia for Pride🇮🇳    #DhoniKeepsTheGlove https://t.co/LIyR5saFXl,eng,hasoc_en_4703,0,0,0,0,0,0,0,0,0,0,0,0
@DestinDiarra @AstoriaRego @fitover35 @Ms_Catlin @OffMuteRKelly @SGcrimlaw @rkelly R. Kelly is a Child Molester and Sexual Predator #pedophile #chomo #rapist #prison #rkelly Lock R. Up!!,eng,hasoc_en_4704,0,0,0,0,0,0,1,0,0,0,1,1
@realDonaldTrump Happy Birthday Traitor! #JohnMcCainDay #TrumpIsATraitor https://t.co/SOefDk6mRP,eng,hasoc_en_4706,0,0,0,0,0,0,0,0,0,0,0,0
@TuttleNTexas @PeachDreaG @scrappy406 @hig68 @So4linda118 @Toot2006Sal @Quicklitning @shannon_crane @firedancergirl @kennysegway Thanks Tuttle. Honored beyond belief.   #marchforimpeachment   #FUCKtRump  #FUCKTHEGOP,eng,hasoc_en_4707,0,0,0,0,0,0,0,0,0,0,0,0
Dear @ICC &amp,eng,hasoc_en_4709,0,0,0,0,0,0,0,0,0,0,0,0
@realDonaldTrump Because you knew NO ONE supported this stupid idea! #derangeddonald #billiondollarloser #trumpiscompromised #idiottrump,eng,hasoc_en_4710,0,0,0,0,1,0,0,0,0,0,1,1
Watching the #LeadersDebate tonight I can see  #RoryStewart will appeal to disenfranchised Labour voters &amp,eng,hasoc_en_4712,0,0,0,0,0,0,0,0,0,0,0,0
@Emmabarnett MPs who support a candidate with serial misbehaviour to be PM (#BorisJohnsonShouldNotBePM ) will face the music when they come for re-election. #BorisJohnson is the blankey blank candidate who can't be bothered to defend what he is suppose to,eng,hasoc_en_4713,1,0,0,0,0,0,0,0,0,0,0,1
Tombs of #EastTurkistan Republic's exiles who died in Japan.  https://t.co/FlnrqqvLuQ  #Uyghur #FreeUyghur #China #CCP #BoycottChina #ウイグル #RT,eng,hasoc_en_4714,0,0,0,0,0,0,0,0,0,0,0,0
Proud of my fraternity! #Savethedoctors #DoctorsFightBack #DoctorsStrike #doctors_against_assualt #humanity https://t.co/7qDS6BkC5R,eng,hasoc_en_4715,0,0,0,0,0,0,0,0,0,0,0,0
#Uyghur Protests in #Canada #Freedom for #Uyghurs  https://t.co/4XyqwDLXvS  #FreeUyghur #EastTurkistan #China #CCP #BoycottChina #ウイグル #RT,eng,hasoc_en_4716,0,0,0,0,0,0,0,0,0,0,0,0
You need to learn to use #murderer on your tweets.  Then we will be able to find you right away! https://t.co/1PgCW9Cnys,eng,hasoc_en_4717,0,0,0,0,0,0,0,0,0,0,0,0
@Shehzad_Ind @RahulGandhi This is reality of punjab m also in punjab in amritsar Ares and here is always this problems where is @sherryontopp jo har relly mein chilllata tha #same   #Punjab   #CongressMukTBharat,eng,hasoc_en_4718,0,0,0,0,0,0,0,0,0,0,0,0
There should be proper planning for the matches that have been washed out in the rain. One or two matches can be considered but when every match seems to be washed out then what should be said about ICC @ICC #CWC2019 #ShameOnICC,eng,hasoc_en_4719,0,0,0,0,0,0,0,0,0,0,0,0
Opinion: How Trump is abandoning LGBTQ people over pride flags #Resist #ResistTrump #FuckTrump https://t.co/QASyeD3mLr,eng,hasoc_en_4720,1,0,0,0,0,0,0,0,0,0,0,1
And people wonder why the pillock didnt turn up? Here's the answer. He's an embarrassment.  #BorisJohnsonShouldNotBePM https://t.co/wVeyL5hweN,eng,hasoc_en_4722,0,0,0,0,0,0,0,0,0,0,0,0
All I’m saying is that when Obama was president we never lost to CANADA on basket ball #fucktrump  #raptors https://t.co/su5g71J1aO  #impeachthemotherfucker  #warriors  #releasethefullmuellerreport #robertmueller… https://t.co/CeopLkBZX2,eng,hasoc_en_4723,0,0,0,0,0,0,0,0,0,0,0,0
So... he just admitted that recidivism is obviously another problem we’re going to face.   #FuckTrump #ImpeachmentInquiryNow https://t.co/ehtJSWqHxY,eng,hasoc_en_4724,0,0,0,0,0,0,0,0,0,0,0,0
Update after 5 hours in ER,eng,hasoc_en_4725,0,0,0,0,0,0,0,0,0,0,0,0
@JudgeJeanine @realDonaldTrump Nobody loves him who has principles #TrumpIsATraitor,eng,hasoc_en_4726,0,0,0,0,0,0,0,0,0,0,0,0
@realDonaldTrump You’ll never win the election “fairly”.  You don’t know how to play fair.  That’s why you had Russia help you.  You’ve probability already talked to Putin about helping you this election. #TrumpIsATraitor #TrumpIsTheEnemyOfThePeople #Trum,eng,hasoc_en_4729,1,0,0,0,0,0,0,0,0,0,0,1
@GOVTWINE Did he just get a new paint job...on his face?#TrumpIsATraitor,eng,hasoc_en_4730,0,0,0,0,0,0,0,0,0,0,0,0
#China finds new ways to pressure #IdiotTrump amid trade impasse #TrumpTradeWar  https://t.co/bv2By0IfPV,eng,hasoc_en_4731,0,0,0,0,0,0,0,0,0,0,0,0
@realDonaldTrump has a wicked small #micropenis. It's so small &amp,eng,hasoc_en_4732,0,0,0,0,0,0,0,0,0,0,0,0
The secret behind the game.    #IndiaVsPakistan   #terroristNationPakistan https://t.co/jdxN2VyO6x,eng,hasoc_en_4733,0,0,0,0,0,0,0,0,0,0,0,0
How to become a  #MURDERER . @nofakefriends Gather here. https://t.co/VJVski3hLH,eng,hasoc_en_4734,0,0,0,0,0,0,0,0,0,0,0,0
@svdate @HuffPost Trump's not even hiding his white supremacist views anymore. Why? Because his sycophants adore him for it. And Republicans are spineless enablers. #FuckTrump,eng,hasoc_en_4736,1,1,0,0,0,0,0,0,0,0,0,1
What an idiot. As If... 👇👇😂😂👌  #douchebag 🤡🤡#HonkHonk https://t.co/Do1VWs0Cdc,eng,hasoc_en_4737,0,0,0,0,1,0,0,0,0,0,1,1
@NHLonNBCSports @NHLBruins Whatever. Dude still licks other players. #douchebag,eng,hasoc_en_4738,0,0,0,0,0,0,0,0,0,0,0,0
#virginia  has a racist governand #rapist lt governor both @TheDemocrats https://t.co/s39gdTQ1ll,eng,hasoc_en_4739,0,0,0,0,0,0,0,0,0,0,0,0
@realDonaldTrump The US military is not briefing the Deranged Donald Trump on major cyber warfare operations against a hostile foreign power because they do not trust the president not to betray those operations to that hostile foreign power. #TrumpIsTheE,eng,hasoc_en_4741,1,0,0,0,0,0,0,0,0,0,0,1
IN #BREAKING WORLDWIDE #NEWS: DEVIL POSSESSED SEVENTH KINGDOM #SERIAL #PERVERT AND #SERIAL #MURDERER DONALD #TRUMP HAS BEEN ORDERED TO TURN HIMSELF INTO THE #LEGAL #AUTHORITIES TO BE EXECUTED FOR #TREASON AGAINST THE LORD GOD,eng,hasoc_en_4742,1,0,0,0,0,0,0,0,0,0,0,1
The Trump administration is putting LGBTQ immigrants in solitary confinement #Resist #ResistTrump #FuckTrump https://t.co/UvexTzPcTb,eng,hasoc_en_4743,1,0,0,0,0,0,0,0,0,0,0,1
@realDonaldTrump @LockheedMartin @Sikorsky And by that time you will hopefully be behind bars. #TrumpColluded #TrumpObstructed #IndictTrump #ImpeachmentInquiryNow #TrumpNatSecRisk #TrumpIsATraitor https://t.co/KFS6OTXc2a,eng,hasoc_en_4744,0,0,0,0,0,0,0,0,0,0,0,0
@realDonaldTrump You are a #FuckingMoron  #TrumpIsTheWorstPOTUSEver  #TrumpIsANationalSecurityRisk  #TrumpIsADisgrace  #TrumpIsATraitor   #TrumpIsAFraud   #TrumpIsACriminal  #TrumpForPrison2020,eng,hasoc_en_4746,0,0,0,0,0,0,0,0,0,0,0,0
@FaceTheNation @SecPompeo @realDonaldTrump Complete BULLSH*T! Stop insulting our intelligence! Call #LyingPompeo out! @margbrennan #TrumpIsATraitor #PutinsPuppet #AntiPresident who betray our country and his oath of office #ImpeachNow,eng,hasoc_en_4747,0,0,0,0,0,0,0,0,0,0,0,0
@SpeakerPelosi @realDonaldTrump Then DO SOMETHING it is time to impeach the traitor - criminal. By doing nothing you are an accomplice to the destruction of our democracy! #ImpeachDonaldTrumpNOW #ImpeachTrump #TrumpIsATraitor #TrumpCrimeFamily,eng,hasoc_en_4749,0,0,0,0,0,0,0,0,0,0,0,0
@CNN Way to try and normalize that nasty bunch of grifters I don’t care do you? #fucktrump #fuckmelanie “it” Can’t wait for them to leave the people’s house.,eng,hasoc_en_4750,0,0,0,0,0,0,0,0,0,0,0,0
@artporns . @BryanCranston is just a tired Leftist made rich by exploiting violence and glamorizing misery (and smoking). #Douchebag,eng,hasoc_en_4751,0,0,0,0,0,0,0,0,0,0,0,0
@realDonaldTrump This is a load of #bullshit! Your supporters are NOT smart...cause they still support YOU! And this is NOT your approval rating! #LIES #STFU #POSPOTUS #FuckTrump,eng,hasoc_en_4752,0,0,0,0,0,0,0,0,0,0,0,0
You changed your name for an idiot. Think on that.   #FUCKtRump  #FUCKTheGOP           GOP = Guardians of Putin https://t.co/4TYbWzB669,eng,hasoc_en_4754,0,0,0,0,1,0,0,0,0,0,1,1
Worst world cup series ever had. #icc never ever try to organize world cup series again.   #ShameOnICC #icc #CWC19 #RainStopsMatch https://t.co/pcHLFVh2lP,eng,hasoc_en_4755,0,0,0,0,0,0,0,0,0,0,0,0
I'd blame it on autocorrect.    Every time I type in the word '#Trump' it replaces it with '#dickhead' so it does get it right sometimes https://t.co/8ePB3aMt95,eng,hasoc_en_4760,1,0,0,0,0,0,0,0,0,0,0,1
#etsy shop: Benedict Donald so called president is a traitor Short-Sleeve Unisex T-Shirt https://t.co/cFqiGN6kbT #clothing #shirt #streetwear #trump #impeach #treason #traitor #fucktrump #impeachtrump #taxday https://t.co/i1hJPvIEkc,eng,hasoc_en_4762,1,0,0,0,0,0,0,0,0,0,0,1
Worst World Cup Ever 2019 !!     @ICC  #ShameOnICC #WC2019,eng,hasoc_en_4763,0,0,0,0,0,0,1,0,0,0,1,1
@JessieJaneDuff Killary is a damn criminal and a Jack the Ripper!  #Murderer,eng,hasoc_en_4765,0,0,0,0,0,0,0,0,0,0,0,0
Analysis: Trump lies more often than you wash your hands #Resist #ResistTrump #FuckTrump https://t.co/Hy6q5qI773,eng,hasoc_en_4768,1,0,0,0,0,0,0,0,0,0,0,1
Chal hatt #Rapist supporter BJP KA DALAL https://t.co/zZv7ud1h4G,eng,hasoc_en_4769,0,0,0,0,0,0,0,0,0,0,0,0
Sheeple.    Clowns always have a crew.    #FuckTrump https://t.co/9hKmPTxw0w,eng,hasoc_en_4773,0,0,0,0,0,0,0,0,0,0,0,0
@jasminkorat @ICC @Dream11 England cricket board bribed the @ICC and got their matches scheduled on a clear day. Of course with technology @ICC could have checked the forecast and planned the stadiums and days according. England cricket wanna win their ma,eng,hasoc_en_4776,0,0,0,0,0,0,0,0,0,0,0,0
@GrassrootsSpeak Pompeo is distracting and lying to shift attention away from trump and his crime family! #Resist #VoteBlue #ImpeachTheMF #trumpisaloser #FuckTrump,eng,hasoc_en_4777,1,0,0,0,0,0,0,0,0,0,0,1
@askjillian F that MF 😠 #Murderer,eng,hasoc_en_4778,0,0,0,0,0,0,0,0,0,0,0,0
#ShameOnICC that too Big shame,eng,hasoc_en_4779,0,0,0,0,0,0,0,0,0,0,0,0
#DhoniKeepsTheGlove bcci are bunch of useless fat cats. Incapable of anything.,eng,hasoc_en_4780,0,0,0,0,0,0,0,0,0,0,0,0
Disgusting 🤢 #BorisJohnsonShouldNotBePM https://t.co/n3Q004L4HL,eng,hasoc_en_4782,0,0,0,0,0,0,0,0,0,0,0,0
@mitchellvii @gatewaypundit @MittRomney is a pathetic #Douchebag  The sooner he voted out the better,eng,hasoc_en_4783,0,0,0,0,0,0,0,0,0,0,0,0
Yeh sirf meeting me jane k lie humne pradhamntri chuna hai yaa kuch action b lenge aap #DoctorsFightBack #Savethedoctors How shameless is bjp that it cnt even save its own karyakarta...  Thik thaa congress tha.  Itnaaa violence toh nhi hota tha..  @BJP4India,eng,hasoc_en_4785,0,0,0,0,0,0,0,0,0,0,0,0
@realDonaldTrump You will never be re-elected #Racist #DraftDodger #MoneyLaunderer #Rapist #Grifter #BillionDollarLoser #Fatso #PussyGrabber #LiarInChief #Traitor #DementedDonald #IndictmentsAreComing #ImpeachDonaldTrump https://t.co/9qiJe7JMJq,eng,hasoc_en_4786,0,0,0,0,0,0,0,0,0,0,0,0
@realDonaldTrump How about IMPEACHMENT and Birthday in jail. More fitting. Make America Happy Again.! #FUCKTRUMP #IMPEACHTRUMP #PUTINSBITCH https://t.co/NBYTXcGLHp,eng,hasoc_en_4787,0,0,0,0,0,0,0,0,0,0,0,0
@samstein @woodruffbets That is 100% BULLSHIT! #FuckTrump #Truth #Resist,eng,hasoc_en_4788,0,0,0,0,0,0,0,0,0,0,0,0
@TheRealOJ32 I thought this POS was in jail still? Hope he ends up broke and alone! #Murderer #PutHimBackinPrisonPlease,eng,hasoc_en_4789,0,0,0,0,0,0,0,0,0,0,0,0
@ICC don't keep on bullshitting every complain coming your way...this is most wrost WC ever that has been conducted.   #wrostscheduling  #moreworseumpiring  #moremoreworseignoringthecomplains  #ShameOnICC,eng,hasoc_en_4791,0,0,0,0,0,0,0,0,0,0,0,0
@The_OJSimpson32 You are a murderer. We will NEVER forget. You will get your justice when you meet your maker. #MURDERER #NicoleBrownSimpson,eng,hasoc_en_4792,0,0,0,0,0,0,0,0,0,0,0,0
@Tking314 That’s a whole ass chicken #murderer,eng,hasoc_en_4797,0,0,0,0,0,0,0,0,0,0,0,0
@ICC - Islamic Cricket Council #DhoniKeepsTheGlove #ICCVersusIndia,eng,hasoc_en_4798,0,0,0,0,0,0,0,0,0,0,0,0
#FUCKTRUMP  YOU ARE A STAIN ON THIS COUNTRY'S HISTORY.  YOU SHOULD BE ASHAMED OF YOURSELF AND YOUR ADMINISTRATION.,eng,hasoc_en_4799,0,0,0,0,0,0,0,0,0,0,0,0
#etsy shop: Benedict Donald so called president is a traitor Short-Sleeve Unisex T-Shirt https://t.co/cFqiGN6kbT #clothing #shirt #streetwear #trump #impeach #treason #traitor #fucktrump #impeachtrump https://t.co/7jcgnOIpQS,eng,hasoc_en_4800,1,0,0,0,0,0,0,0,0,0,0,1
@realDonaldTrump happy birthday  hope you enjoy your day !   Because this is going to be your last as a Free Man ..  #TrumpIsATraitor  Jail time is waiting for you !  #LockHimUp,eng,hasoc_en_4801,0,0,0,1,0,0,0,0,0,0,0,1
@brownc555 @rkelly R. Kelly is a Child Molester and Sexual Predator #pedophile #chomo #rapist #prison #rkelly Lock R. Up!!,eng,hasoc_en_4803,0,0,0,0,0,0,1,0,0,0,1,1
@digitalhen BoJo the COWARDLY Clown!    It's heartbreaking to see the UK disintegrate into a joke country!     😭  #BorisJohnsonShouldNotBePM   #BrexitShambles,eng,hasoc_en_4804,0,0,0,0,0,0,0,0,0,0,0,0
Trump is the Prince of Hippos.     #fucktrump,eng,hasoc_en_4805,1,0,0,0,0,0,0,0,0,0,0,1
Those that deal in the superficial #NarcissisticPersonalityDisorder will ALWAYS be easily conned by Psychopaths. @realDonaldTrump is an idiot. Definitely being played. Isn’t the US lucky? #FuckTrump https://t.co/uzMeyyR43l,eng,hasoc_en_4806,0,0,0,0,1,0,0,0,0,0,1,1
#PHIvsATL why does Gabe Kapler look like he just needs a good ass whipping? #douchebag,eng,hasoc_en_4807,0,0,0,0,0,0,0,0,0,0,0,0
@BethRigby @RoryStewartUK He’s a #dickhead,eng,hasoc_en_4808,0,0,0,0,0,0,0,0,0,0,0,0
Water is wet - Republicans are homophobes  #MikePence #FuckTrump #Trump2020 #MAGA #homophobia #homophobes https://t.co/VJjcv5aHO0,eng,hasoc_en_4811,0,0,0,0,0,0,0,0,0,0,0,0
@realDonaldTrump WHEN YOU SAY  'ALMOST EVERYTHING'  they are saying is the opposite    YOUR ARGUMENT FAILS    YOU SOUND LIKE THE VILLAGE IDIOT  #IdiotTrump  #TrumpTheVillageIdiot,eng,hasoc_en_4813,0,0,0,0,1,0,0,0,0,0,1,1
@Bhargavi44 Yeah right.Zampa’s bowling has been sooo incredible in this game I personally thought he’s just spending too much energy playing with his nuts!  Look forward to your ongoing conspiracies every time a player puts his hand in his pocket for the,eng,hasoc_en_4814,0,0,0,0,0,0,0,0,0,0,0,0
Decisive response should be to bomb MBS #murderer #liar https://t.co/68hC9HOAEY,eng,hasoc_en_4817,0,0,0,0,0,0,0,0,0,0,0,0
@hodgetwins @imgoodemike God this guy is #douchebag ...,eng,hasoc_en_4820,0,0,0,0,0,0,0,0,0,0,0,0
#Rapist to be hanged at any cost. https://t.co/rR267GTYZz,eng,hasoc_en_4822,0,0,0,0,0,0,0,0,0,0,0,0
I know weather Gods no one can control...but better planning should have been there #ShameOnICC #CWC19 ... also there was a hue n cry for India playing Pakistan earlier... no one officially commented ... But God may do his bit !,eng,hasoc_en_4826,0,0,0,0,0,0,0,0,0,0,0,0
@JohnnyMercerUK Here’s one of your lot telling us about the lying incompetent homophobic racist #BorisJohnson #BorisJohnsonShouldNotBePM https://t.co/GxihTd9B0U,eng,hasoc_en_4829,0,0,0,0,0,0,0,0,0,0,0,0
@itsJeffTiedrich @realDonaldTrump PRESIDENTIAL HARASSMENT:   @realDonaldTrump asking @BarackObama for his birth certificate for YEARS !!! while hiding his own #taxreturns     #Resistance #LockThemAllUp #FuckTrump #ComplicitGOP #Resist      https://t.co/lF,eng,hasoc_en_4832,0,0,0,0,0,0,1,0,0,0,1,1
The secret behind the game.    #IndiaVsPakistan   #terroristNationPakistan https://t.co/wwMk8Un90Z,eng,hasoc_en_4840,0,0,0,0,0,0,0,0,0,0,0,0
Dear @ICC    You should have reserve days for WC matches. It's a WC match not u'r regular 1dy matches. It comes after 4 year. So u should be more vigilant while choosing venues.   You should apologise from every cricket fans for this mess.    #ShameOnICC https://t.co/p5Frn4DZij,eng,hasoc_en_4841,0,0,0,0,0,0,0,0,0,0,0,0
@pam_brundige @hiphoplaflare96 @DRBrownoff @TimBurns88 @gretagarbled @JudithLOsborne @HarryWho142 @NoFascismMarch @suzsarg @PbbResists @famdocparker1 @arcanegoat @irwin_vet @UUntrump @nlfisker @BecPonder @janahayden48 @WendyTSRQ #JohnMcCainDay #Impeachmen,eng,hasoc_en_4842,0,0,0,0,0,0,0,0,0,0,0,0
Brexit #Brexit Boris Johnson #borisjohnson #BorisJohnsonShouldNotBePM #Boris https://t.co/UHu4l8MzH8,eng,hasoc_en_4844,0,0,0,0,0,0,0,0,0,0,0,0
#ShameOnICC What a fixtures for England?🙄 All of there matches are happening in sunlight conditions where is the bloody rain now🤔दाल में कुछ काला है,eng,hasoc_en_4845,0,0,0,0,0,0,0,0,0,0,0,0
When will you @PMOIndia / @narendramodi stand up for Doctor community - they work without thinking of patients religion / caste tirelessly (like you they practice sabka Vikas...) shame on you @MamataOfficial ! #DoctorsFightBack,eng,hasoc_en_4846,0,0,1,0,0,0,0,0,0,0,0,1
@RepMarkMeadows @realDonaldTrump Kiss harder Mark and you might get a job in with the other jokers in the cabinet.    #LockTrumpUp  #ImpeachmentInquiryNow   #ImpeachTrump   #ImpeachBarr   #ImpeachMnuchin  #TrumpIsATraitor,eng,hasoc_en_4849,0,0,0,0,0,0,0,0,0,0,0,0
#TrumpIsATraitor. Retweet if you agree.,eng,hasoc_en_4851,0,0,0,0,0,0,0,0,0,0,0,0
Dear .@realDonaldTrump   This is in a village in #Vermont  We came together on a beautiful June day when we had 1000 more enjoyable things to do because we know how important it is #ImpeachTrumpNow   We are tired of all the winning. #TrumpIsATraitor #TrumpIsNotAboveTheLaw https://t.co/omuQoCPDec,eng,hasoc_en_4853,0,0,0,0,0,0,0,0,0,0,0,0
#DoctorsProtest  #DoctorsFightBack   #doctors_against_assualt   Do you think Mamata Banerjee should resign as CM of West Bengal as she has failed to protect the doctors. Or President Rule should be imposed #SaveBengal     RT = AGREE  Like=President Rule,eng,hasoc_en_4854,0,0,0,0,0,0,0,0,0,0,0,0
Because cats are pussy. Not one set of nuts among them lol  #Repost #straightup #phuckyocouch #phuckyofeelings #killyourself #dietwice #douchebag #twatwaffle #dicknozzle #asshat #phuckboy #kickrocks #foh #frfr… https://t.co/u7U64bg00G,eng,hasoc_en_4855,0,0,0,0,0,0,0,0,0,0,0,0
Who's that on the left looking like a cross between Jimmy Sa'vile and a chimpanzee playing with its knob?  Why it's possibly the future PM.  #BorisJohnson #BorisJohnsonShouldNotBePM https://t.co/KrRK9wnQ4s,eng,hasoc_en_4856,0,0,0,0,0,0,0,0,0,0,0,0
A nation more concerned about the Dhoni gloves than an entire missing plane.#DhoniKeepsTheGlove #AN32,eng,hasoc_en_4857,0,0,0,0,0,0,0,0,0,0,0,0
I still can't fathom why the charismatic communicator @BorisJohnson hasn't yet taken the opportunity to have a grown-up debate in public? He did so well here against @Ed_Miliband on #Marr in 2015. #BorisJohnsonShouldNotBePM https://t.co/wpUDkLNCHI 👇,eng,hasoc_en_4860,0,0,0,0,0,0,0,0,0,0,0,0
@TheRealOJ32 Getting even? I think you already did that. #Murderer #TheRealKillers https://t.co/jwMBXVPv0w,eng,hasoc_en_4863,0,0,0,0,0,0,0,0,0,0,0,0
My new @PopSockets came today 😚😊😁  🖕🖕Trump #FuckTrump https://t.co/HT6B6OJhIK,eng,hasoc_en_4865,1,0,0,0,0,0,0,0,0,0,0,1
The Federal Election Commission chair's warning was clear: It's illegal to accept information of value during U.S. elections from foreign governments. https://t.co/2epJMHts6h # via @HuffPostPol please take out #trumptrash! #TrumpIsATraitor #fuckTrump,eng,hasoc_en_4869,1,0,0,0,0,0,0,0,0,0,0,1
Mamata is doing wrong. But Bjp's reaction is hypocritical. Doctors beaten in Bjp ruled states &amp,eng,hasoc_en_4871,0,0,0,0,0,0,0,0,0,0,0,0
@IngrahamAngle @FoxNews Love how poles always favor the messengers? #IdiotInChief #LoserTrump #LoserInChief #IdiotTrump @CNN @MSNBC @andersoncooper @ABC,eng,hasoc_en_4872,0,0,0,0,0,0,0,0,0,0,0,0
@AlexandraChalup They are correct not to trust him. #TrumpIsATraitor,eng,hasoc_en_4874,0,0,0,0,0,0,0,0,0,0,0,0
The massive crowd of doctors protesting against CM @MamataOfficial in Kolkata   The Suppression and atrocities of @MamataOfficial  govt has reached its peak and people of West Bengal will no more tolerate it      #SaveBengal  #FridayMotivation  #DoctorsFightBack https://t.co/kHgWXheFcK,eng,hasoc_en_4875,0,0,0,0,0,0,0,0,0,0,0,0
Please sign my name  to the card and a small message saying #fucktrump! https://t.co/Dyr18ufXOR,eng,hasoc_en_4876,0,0,0,0,0,0,0,0,0,0,0,0
@realDonaldTrump Get some balls that will drop you little  Microdick.  #TrumpTantrum  #McConnellChaoCorruption  #ResignOrBeImpeached  #FathersDay  not for trump when it's  #JohnMcCainDay #June16 #TrumpForPrison  #TrumpForPrison2020  #trump is a lifetime #,eng,hasoc_en_4877,1,0,0,0,0,0,0,0,0,0,0,1
trumps birthday is tomorrow how many times do you think we can all tweet #fucktrump in one day,eng,hasoc_en_4878,0,0,0,0,0,0,0,0,0,0,0,0
I’ve never seen a president in my lifetime trash Americans but love thine enemies,eng,hasoc_en_4879,0,0,0,0,1,0,0,0,0,0,1,1
@realDonaldTrump You and the @GOP are the enemy of the people! All COWARDS! #MoronInChief #IdiotInChief #IdiotTrump #TreasonousTrump #DerangedDonald #DerangedDonnie,eng,hasoc_en_4880,0,0,0,0,0,0,0,0,0,0,0,0
Dear @ICC Focus on umpiring skills rather than @msdhoni gloves @BCCI #supportdhoni #MSD #DhoniKeepsTheGlove https://t.co/Y2H6BdJla7,eng,hasoc_en_4881,0,0,0,0,0,0,0,0,0,0,0,0
#bullshitboris lets get this trending #borisjohnson #BorisJohnsonShouldNotBePM https://t.co/dxSB3JDP4c,eng,hasoc_en_4883,0,0,0,0,0,0,0,0,0,0,0,0
@ICC @Nissan This world cup 19 should be ban !! 😡😡 Rain rain rain motherfuckerr ICC   Shift this world to another country or ban this world cup 19 😡😡   #ShameOnICC 😡😡,eng,hasoc_en_4884,0,0,0,0,0,0,1,0,0,0,1,1
We all are proud of @msdhoni for using Balidaan badge over his glove.   How can #ICC take objection against this! When you allow big commercial brands logo but not National pride ?  Its utter nonsense.   #DhoniKeepsTheGlove #BCCI,eng,hasoc_en_4885,0,0,0,0,0,0,0,0,0,0,0,0
@realDonaldTrump Amongst Trump University Alumni.   #FuckTrump,eng,hasoc_en_4886,1,0,0,0,0,0,0,0,0,0,0,1
In a #FuckTrump kind of mood again! 😜 https://t.co/s98a0GAygh,eng,hasoc_en_4888,0,0,0,0,0,0,0,0,0,0,0,0
This picture tells everything  How @BCCI takes care of ground   How @ICC takes care of ground And remember it @ICC is head of all cricketing nations   #ShameOnICC https://t.co/WXuiwBRZhO,eng,hasoc_en_4889,0,0,0,0,0,0,0,0,0,0,0,0
Trump stood up for Kim Jong Un after his torture and murder of American Otto Warmbier. That tells you everything you need to know about Trump. #TrumpIsATraitor,eng,hasoc_en_4890,1,0,0,0,0,0,0,0,0,0,0,1
@realDonaldTrump All those polls were true. Hillary was a head of u the entire time. By those % too. The problem is the EC decided ignore our votes and choose u anyway. NVM all the Russian hacking of the election and voting machines.   #traitortrump   #Tr,eng,hasoc_en_4891,1,0,0,0,0,0,0,0,0,0,0,1
@Braddock512 @EA ugh. Block. #douchebag,eng,hasoc_en_4892,0,0,0,0,0,0,0,0,0,0,0,0
#ToryLeadership #BorisJohnsonShouldNotBePM or should he? Sajid Javid sorry mate you don't fit in ... didn't go to Eton! Back to the Gnome Office for you!    https://t.co/vPMKpsi1YA,eng,hasoc_en_4893,0,0,0,0,0,0,0,0,0,0,0,0
Female trump supporters get with the damn program! #FuckTrump Have some damn self respect! Stop voting against yourself! https://t.co/Nv4aUojNEF,eng,hasoc_en_4896,1,0,0,0,0,0,0,0,0,0,0,1
Because #TrumpIsATraitor and can not be trusted by this country!    @senatemajldr you have allowed this to continue and you will be held accountable #VoteBlueToSaveAmerica https://t.co/gbw5z1upx8,eng,hasoc_en_4897,0,0,0,0,0,0,0,0,0,0,0,0
@realDonaldTrump MSB(#Murderer) is snapping his fingers at you. https://t.co/xdQVnCWQSA,eng,hasoc_en_4899,0,0,0,0,0,0,0,0,0,0,0,0
Never forget who you are dealing with #putler #murderer Vladimir Putin &amp,eng,hasoc_en_4900,0,0,0,0,0,0,0,0,0,0,0,0
I was asleep and you are a dickhead. #dickhead https://t.co/TPnMK08EXf,eng,hasoc_en_4901,0,0,0,0,0,0,0,0,0,0,0,0
Have you never been to a doctor? Do you not know even ONE ? Does it embarrass you that we're not a matter as hyped up as  #PrayForParis? Or are you just violent &amp,eng,hasoc_en_4902,0,0,0,0,0,0,0,0,0,0,0,0
Why the f**k does Lucie need to change herself for a bloke?? If he really likes her he wouldn’t want to change her #douchebag  #LoveIsland https://t.co/ITCbDFdlQY,eng,hasoc_en_4903,0,0,0,0,0,0,1,0,0,0,1,1
I was at a self check out in a grocery store a few minutes ago. 3 guys behind me are saying,eng,hasoc_en_4904,0,0,0,0,0,0,0,0,0,0,0,0
@MichaelSpier1 @scaredcurly ✌💚💜🍫🎨🍯😘  #GTFOofMyWhitehouse  #Traitors  #NazisNOTWelcome  #NOQUARTER4Racist  #NOQUARTER4RacistSympathizers  #ResignORImpeach  #Derelict  #Unfit  #Incompetent   #Rapist   #ImpeachTheMF   G E T  O U T...❗❗❗  GET THEM ALL O,eng,hasoc_en_4906,0,0,0,0,0,0,0,0,0,0,0,0
I got to knw d rsn behind most of d countries mocking us is bcz v r more concerned towards #CWC19 n blaming #ICC rather than focusing on real issues. People hv made a trend #ShameOnICC instead of helping Sudanese.    #CWC19,eng,hasoc_en_4907,0,0,0,0,0,0,0,0,0,0,0,0
Melania T?! ARE YOU FREAKING KIDDING ME?! Jackie O was first class while Melania is just pure trash!!  #FuckTrump  #MAGA  #MAGAts  #Trump  #Trumpbillies  #TrumpIlly  #TrumpCrimeFamily  #TrumpCrimeSyndicate  #TrumpIsAnIdiot  #TrumpsWorseThanNixon https://t.co/KNn7ppWrjO,eng,hasoc_en_4908,1,0,0,0,1,0,1,0,0,0,0,1
#Trump's Stunnng Open Betrayal Against the USA Makes History #IndictTrump #LockHimUp #FuckTrump #Progressive #Dems #ReSisters #Resistance #Resist #TraitorTrump #TrumpTreason #TrumpTraitor #PutinsPuppet #JailTrump #TrumpRussia #NotMyPresident #NoTrump #FBR https://t.co/pfKtf1pX1S,eng,hasoc_en_4910,1,0,0,0,0,0,0,0,0,0,0,1
@SocialM85897394 I prefer #Dickhead,eng,hasoc_en_4911,0,0,0,0,0,0,0,0,0,0,0,0
The legendary @bustarhymes and @STARSPLIFF #hiphop #icon #rap #legend #bustarhymes #spilffstar #nyc #sonyhall #boogiedownbronx #bronx #bx #fuckaroundlayaround #fucktrump #fucklindafairstein @ Sony Hall https://t.co/30wbuZRDNR,eng,hasoc_en_4912,0,0,0,0,0,0,0,0,0,0,0,0
This is what utter denial and arrogance looks like.   #BillCosby #rapist https://t.co/b7zWlLjRr7,eng,hasoc_en_4914,0,0,0,0,0,0,0,0,0,0,0,0
@realDonaldTrump @GStephanopoulos @ABC You admitted you want help from foreign enemies to beat your opponents and wouldn’t report to the FBI. We SAW and HEARD you say it. Not fake news.     #TrumpIsATraitor,eng,hasoc_en_4916,0,0,0,0,0,0,0,0,0,1,1,1
Melanoma is just another harlot piece of white trash. Came to America to become a golddigging stripper/model.  Her parents came here via chain migration. The same thing Trump vehemently opposes.  The hypocrisy is sickening.   #JohnMcCainDay   #TrumpRussia   #TrumpIsATraitor   #Melanoma https://t.co/3JEsl4PJcX,eng,hasoc_en_4917,1,1,0,0,1,0,0,0,0,0,0,1
Impose #PresidentsRule in West Bengal before situation gets fully out of control. @MamataOfficial needs immediate medical help as she has lost her balance of mind. #DoctorsFightBack,eng,hasoc_en_4918,0,0,0,0,0,0,0,0,0,0,0,0
Bang goes my quite afternoon watching the cricket banging hammering from next door almost forgot what it sounded like #dickhead 🤬,eng,hasoc_en_4919,0,0,0,0,0,0,0,0,0,0,0,0
Hello @ICC what is this? Entire Pakistani team on field and what wrong about #Dhoni   #DhoniKeSaathDesh #DhoniKeepsTheGlove https://t.co/WSvQG8IrSM,eng,hasoc_en_4920,0,0,0,0,0,0,0,0,0,0,0,0
@simonmaginn I enjoy watching him making a prat of himself #dickhead,eng,hasoc_en_4922,0,0,0,0,0,0,0,0,0,0,0,0
Trump Administration Is Making It Harder to Find Out Whether It’s Fighting White Supremacist Terror #Resist #ResistTrump #FuckTrump https://t.co/Yj0KxyAhqe,eng,hasoc_en_4923,1,1,0,0,0,0,0,0,0,0,0,1
It’s gonna be a lot of fun?? I’m dying over here!! You slay me!! #murderer https://t.co/1LmbHqZ0PY,eng,hasoc_en_4924,0,0,0,0,0,0,1,0,0,0,1,1
@MaxBoot 2 things-about fucking time we strike back and good for Cyber Command leaving our version of Quisling out of the loop. #TrumpIsATraitor #CyberSecurity,eng,hasoc_en_4925,0,0,0,0,0,0,0,0,0,0,0,0
Hope we boycott this World Cup and organise our own tournament and name it as World cup and play it with every army uniform available.. #IndiaWithDhoni #DhoniKeepsTheGlove,eng,hasoc_en_4927,0,0,0,0,0,0,0,0,0,0,0,0
Is this the cricket world cup or swimming world cup?    #ShameOnICC #CWC19 https://t.co/GW3eJCZrXL,eng,hasoc_en_4928,0,0,0,0,0,0,0,0,0,0,0,0
Not only common people of Bengal but now the Doctors community also understands how difficult it is to work or live under the dictatorship of Mamata Banerjee People from all profession and communities are joining hands to #SaveBengal from Didi. #SaveTheDoctors #DoctorsFightBack https://t.co/5I0B1Yu5MH,eng,hasoc_en_4931,0,0,0,0,0,0,0,0,0,0,0,0
totally wasted #ShameOnICC,eng,hasoc_en_4932,0,0,0,0,0,0,0,0,0,0,0,0
#TraitorTrump doubles down on taking foreign info: I’d only give it to the #FBI if it was ‘incorrect or badly stated’ – #TrumpIsATraitor #VoteBlue2020  https://t.co/crskKEpiy0,eng,hasoc_en_4933,0,0,0,0,0,0,0,0,0,0,0,0
Where my country is leading...When we will make strong legislation for #rapist &amp,eng,hasoc_en_4934,0,0,0,0,0,0,0,0,0,0,0,0
Trump announces he WOULD accept help from foreign governments in “future elections” ARE 👏WE  👏THIS 👏 FAR 👏.  GONE?!  #TrumpRussiaCollusion #TraitorTrump #AmericansForImpeachment #FuckTrump #ImpeachTrumpNow #LockTheFuckerUpNow https://t.co/e52JLvT6Ha,eng,hasoc_en_4935,1,0,0,0,0,0,0,0,0,0,0,1
I'm hearing #BorisJohnsonShouldNotBePM missed a mandatory drugs test before tonight's #C4debate. Hence the no show...,eng,hasoc_en_4937,0,0,0,0,0,0,0,0,0,0,0,0
A gangster sets out to fulfill his father’s dream of becoming a doctor.    Doctor's in #WestBengal be like #munna_bhai_MBBS    #DoctorsFightBack #DoctorsStrike #DoctorsUnderOppression   @MamataOfficial https://t.co/lZQcStQ2Md,eng,hasoc_en_4939,0,0,0,0,0,0,0,0,0,0,0,0
Today is #FuckTrump Friday and #JohnMcCainDay here in #AmericaTheBamboozled and there’s no better way to celebrate than by educating yourself and not being a part of the poorly educated @realDonaldTrump loves so much   #ITMFA 🇺🇸    https://t.co/Hoc881QdRJ,eng,hasoc_en_4940,0,0,0,0,0,0,0,0,0,0,0,0
If its going to rain its the biggest loss for   @ICC and @cricketworldcup nobody on earth would miss the treat How cheap tactics by the hosts if two games are washed out for 🇮🇳 then its a conspiracy by hosts shame as a cricketing nation #England #ShameOnICC   #INDvPAK #CWC19 https://t.co/SxQD3mSG8a,eng,hasoc_en_4941,0,0,0,0,0,0,0,0,0,0,0,0
Gotta love AnE on a Saturday morning...     #PanicAttack #ChestPains #Anxiety #Dickhead #BPD #111 https://t.co/81JvSG48lq,eng,hasoc_en_4945,0,0,0,0,0,0,0,0,0,0,0,0
U.S. Lifts Ban on Some Elephant and Lion Trophies https://t.co/nozZoqDEfR         So they are blaming this Shit on Obama?  #FUCKTRUMP and    #FUCKTHEGOP,eng,hasoc_en_4946,0,0,0,0,0,0,0,0,0,0,0,0
1. The Royal Family are not a government.   2. There’s not been a Queen of England for hundreds of years. She’s Queen of the United Kingdom of Great Britain and Northern Ireland and the Commonwealth   3. Her son is the Prince of WALES. He has no auth over marine life.  #idiotTrump https://t.co/arpg2qTRuN,eng,hasoc_en_4947,0,0,0,0,0,0,0,0,0,0,0,0
Boris trump   God help us #BorisJohnsonShouldNotBePM #johnsonisaclown https://t.co/fqhIfI7Oow,eng,hasoc_en_4948,1,0,0,0,0,0,0,0,0,0,0,1
Well done @ICC what a schedule preparation #ShameOnICC https://t.co/kcE1Awmncg,eng,hasoc_en_4949,0,0,0,0,0,0,0,0,0,0,0,0
@realDonaldTrump #ImpeachDonaldTrump #ImpeachTrumpNow #TrumpIsATraitor hope you have a horrible birthday traitor!,eng,hasoc_en_4950,0,0,0,0,0,0,0,0,0,0,0,0
@ICC you are able to see the  BALIDAN batch on @msdhoni gloves but not able to see the clouds above you. Very poorly managed by ICC.  #ShameOnICC,eng,hasoc_en_4954,0,0,0,0,0,0,0,0,0,0,0,0
Bend over Boris!! Be careful what you wish for.. #fuckbrexit #fuckthetories #fuckboris #borisjohnson #BorisJohnsonShouldNotBePM #warriorsofthedystotheque ✌🏻💚 https://t.co/j01y6IBIoK,eng,hasoc_en_4955,0,0,0,0,0,0,1,0,0,0,1,1
Has any of the #England games been abandoned due to rain? #ShameOnICC #ENGvsWI,eng,hasoc_en_4956,0,0,0,0,0,0,0,0,0,0,0,0
#Boris Johnson on businesses threatened by #Brexit: 'F*** business!'    Boris Johnson on the families of victims of 7/7 terrorist attacks: 'F*** the families!'    Tories supporting #BorisJohnson's bid to be PM: 'F*** the country!'    #BorisJohnsonShouldNotBePM  https://t.co/4KFX4BDX1O,eng,hasoc_en_4957,0,0,0,0,0,0,0,0,0,0,0,0
#ShameOnICC pls end this world cup it is not world cup any more https://t.co/rySdbAbPHz,eng,hasoc_en_4959,0,0,0,0,0,0,0,0,0,0,0,0
Proud of @msdhoni for using Balidaan badge over his glove.   #ICC has no business to take objection against this.   Big commercial brands logo will do but not national pride ?  Its nonsense. Condemn it.  #DhoniKeepsTheGlove,eng,hasoc_en_4960,0,0,0,0,0,0,0,0,0,0,0,0
@SaysHummingbird Trump has been back pedalling all weekend.... but the real answer was the unscripted one he gave to George Stephanopoulos... Trump would accept help and would not alert the FBI. That makes Trump #UnfitToBePresident #TrumpIsATraitor #Trump,eng,hasoc_en_4961,1,0,0,0,0,0,0,0,0,0,0,1
@realDonaldTrump Extra #orange in Iowa! Look at all the #orangerouge that the #OrangeManBad is! #FuckTrump #TrumpsAnInternationalDisgrace #TrumpLoser #TrumpIsADisgrace https://t.co/093wENbjko,eng,hasoc_en_4962,0,0,0,0,0,0,0,0,0,0,0,0
Who wants to tell this guy that @BarackObama left office and @HillaryClinton lost and is retired? Deflecting to then does not make #TrumpRussiaCollusion go away #FactsMatter #TrumpIsATraitor #TrumpIsADisgrace #ImpeachmentHearingsNow #LockHimUp #MuellerReport #FBR #Resist https://t.co/qM0Luuxhmv,eng,hasoc_en_4963,0,0,0,0,0,0,0,0,0,0,0,0
DO NOT #Retweet This Because #Trump DOESN'T Want You To Nail His #Impeachment Coffin with Evidence #PutinsPuppet #FuckTrump #Indict45 #JailTrump #Resist #TrumpObstruction #TrumpCorruption #TrumpCrimes #CrookedTrump #CriminalTrump #StopTrump #DumpTrump #FBR https://t.co/9dJsdUg1F8,eng,hasoc_en_4965,1,0,0,0,0,0,0,0,0,0,0,1
Icc can see Ms dhoni badge but doesn't see the ground was not covered #ShameOnICC https://t.co/OJzWHWr9Je,eng,hasoc_en_4966,0,0,0,0,0,0,0,0,0,0,0,0
Trump’s best people. #FuckTrump @realDonaldTrump https://t.co/kGbHvIAIyD,eng,hasoc_en_4967,1,0,0,0,0,0,0,0,0,0,0,1
Mental Bankruptcy. Debating on the #gloves.     The game is called cricket. Not “Shakti Pradarshan”. Morons!     #Dhoni #dhonigloves #DhoniKeepsTheGlove #DhoniKeepTheGlove #CricketWorldCup2019 #Cricket #CWC19 @icc @BCCI @msdhoni @imVkohli,eng,hasoc_en_4968,0,0,0,0,0,0,0,0,0,0,0,0
@BCCI They are going to Manchester to see rain #ShameOnICC,eng,hasoc_en_4971,0,0,0,0,0,0,0,0,0,0,0,0
#ShameOnICC @ICC : You have TWO Options -   - Want to screw up the World Cup : Contact Rahul Gandhi (He is in London right now),eng,hasoc_en_4972,0,0,0,0,0,0,0,0,0,0,0,0
@MasterQGJinn @Speed_Peete #FuckTrump and this unethical Administration!,eng,hasoc_en_4975,0,0,0,0,0,0,0,0,0,0,0,0
@pollypreston @MattHancock It comes with a vacant seat in the PM's office as #BorisJohnsonShouldNotBePM  won't bother to turn in,eng,hasoc_en_4976,0,0,0,0,0,0,0,0,0,0,0,0
Poor Management by @ICC  for a World-class event which comes once in four years. Recordbreak 4 washouts (Most in any World cup) still 27 matches and 3 knockouts to go. You Just Ruined Us.🖕 #ShameOnICC,eng,hasoc_en_4978,0,0,0,0,0,0,0,0,0,0,0,0
#ShameOnICC    Saved my 1.5 GB data to watch #INDvsNZ match and finally found this.. #CWC19  @ICC https://t.co/ambKRiD940,eng,hasoc_en_4979,0,0,0,0,0,0,0,0,0,0,0,0
Dumbass in Chief at it again with his dumbassery! #FuckTrump https://t.co/AGxT0pnv0z,eng,hasoc_en_4980,0,0,0,0,0,0,0,0,0,0,0,0
@CNN Yet the likes of #rapist #brockturner roam free!  😳,eng,hasoc_en_4981,0,0,0,0,0,0,0,0,0,0,0,0
@pithywidow the entire republican party just cheats.. they can't win without cheating so they'll cheat shamelessly #fuckthegop #fucktrump,eng,hasoc_en_4982,1,0,0,0,0,0,0,0,0,0,0,1
Why not call the top name ie ICC Chairman Shashank Manohar?     Who else should take responsibility for rain washed  #CricketWorldCup2019 matches?     #ShameOnICC https://t.co/7a5ydVEpQi,eng,hasoc_en_4983,0,0,0,0,0,0,0,0,0,0,0,0
@Channel4 was @BorisJohnson #BorisJohnson to much of a coward to turn up at the #channel4 program ? Because people might see him for the simpleton that he is? Or because he’s a genius and didn’t have to turn up?  #conservativeleadership #BorisJohnsonShoul,eng,hasoc_en_4984,0,0,0,0,0,0,0,0,0,0,0,0
@BCCI is one greedy corrupt n wat not organisation....  @ICC to hell with you    #Comebackindia     #DhoniKeepsTheGlove,eng,hasoc_en_4985,0,0,0,0,0,0,0,0,0,0,0,0
@funder Like father like sons. #douchebag,eng,hasoc_en_4986,0,0,0,0,0,0,0,0,0,0,0,0
@OregonGovBrown @HouseSpecialPDX Probably the worst governor of all time.  You had a man murdered for trying to protect his constitutional rights. #lavoyfinicum #murderer,eng,hasoc_en_4991,0,0,0,1,0,0,0,0,0,0,0,1
#ThisIsAmerica where #TrumpIsATraitor #HappyJohnMcCainDay #JohnMcCainDay #VETERAN https://t.co/jApPj836dq,eng,hasoc_en_4993,0,0,0,0,0,0,0,0,0,0,0,0
@realDonaldTrump @foxandfriends Angela M. Thomas (@AngelaMThomas) Tweeted:  @realDonaldTrump #rapist #pedophile https://t.co/DKk8AWy5Uw,eng,hasoc_en_4994,0,0,0,0,0,0,0,0,0,0,0,0
#DhoniKeepsTheGlove  #IndiaStandsWithDhoni   If needed INDIANS are ready to #BoycottWorldCup  for respect @ICC @BCCI @WorldCup_Score @cricketworldcup   #IndiaWithDhoni   @msdhoni @imVkohli @GautamGambhir @ImRo45,eng,hasoc_en_4997,0,0,0,0,0,0,0,0,0,0,0,0
@CBSNews She calls her weapon ‘god’ ?#GROSS #Murderer,eng,hasoc_en_4998,0,0,0,0,0,0,0,0,0,0,0,0
@realDonaldTrump #fucktrump #trump2020 #realdonaldtrump  LETS ALL HOPE THAT DOG VOMIT TRUMP GETS ALL THAT HE DESERVES ON HIS OLD MAN'S BIRTHDAY https://t.co/QPpA6j8beL,eng,hasoc_en_4999,1,0,0,1,0,0,0,0,0,0,0,1
'Didi said we are outsiders &amp,eng,hasoc_en_5001,0,0,0,0,0,0,0,0,0,0,0,0
A billion Cricket fans waited four years to watch how it rains in England #shameonicc https://t.co/fI1xGntGCS,eng,hasoc_en_5004,0,0,0,0,0,0,0,0,0,0,0,0
HE surely is playing the Iran card- desperado. 😳😳 #FuckTrump https://t.co/3NmOOeZ0Zb,eng,hasoc_en_5005,0,0,0,0,0,0,0,0,0,0,0,0
@realDonaldTrump Just shut up already. We all know you are a con man who stole the election with the help of a foreign power. You are crooked teflon donnie and I pray every blessed day that you are exposed as the criminal that you are. #teflondonnie #Trum,eng,hasoc_en_5006,1,0,0,1,0,0,0,0,0,1,0,1
@cabodude @PalmerReport Poor boy........ ya scared    #fucktRump,eng,hasoc_en_5008,0,0,0,0,0,0,0,0,0,0,0,0
@realDonaldTrump WITCH HUNT FOUND A      ZOMBIE     #MORONTRUMP    #IDIOTTRUMP    #WorstPresidentEver https://t.co/bFjybRaLRY,eng,hasoc_en_5011,0,0,0,0,0,0,0,0,0,0,0,0
Mc bc  #ShameOnICC,eng,hasoc_en_5013,0,0,0,0,0,0,0,0,0,0,0,0
#DoctorsUnderOppression  We are sick of being muppets manipulated by this Moroccan Government.  We will stand tall against the oppression of our corrupted government.  #FreeMedicine#FightingCapitalisticMedicine  #DoctorsFightBack #DoctorsProtest https://t.co/3XNZTMLPxM,eng,hasoc_en_5014,0,0,0,0,0,0,0,0,0,0,0,0
#BREAKING Group of people(probably goons of TMC) attacked on a 2nd year medical student at 4pm at Calcutta National Medical College NOW. THIS HAS TO STOP! It is never ending! #Savethedoctors #SaveBengalSaveDemocracy #DoctorsFightBack https://t.co/1CYRViNcPr,eng,hasoc_en_5015,0,0,0,0,0,0,0,0,0,0,0,0
@kylegriffin1 This criminal just doesn’t get it. You don’t handle a foreign entities interference in our election on a case by case basis.  It’s ALWAYS illegal to accept help from them. Damn he’s an idiot! #IdiotTrump,eng,hasoc_en_5018,1,0,0,0,1,0,0,0,0,0,0,1
@demolecularized It was “good” for some to shout #NotMyPresident for 8 ducking years so it’s feasible &amp,eng,hasoc_en_5020,0,0,0,0,0,0,0,0,0,0,0,0
Mrs. Mamata banerjee what will you do when you fell ill? Call the police or the doctors?  #DoctorsStrike  #DoctorsProtest  #IstandwithNRS  #DoctorsFightBack https://t.co/CbPbFnVX4D,eng,hasoc_en_5023,0,0,0,0,0,0,0,0,0,0,0,0
@RapUp Who cares. #drugger #rapist #robber https://t.co/kpJOe5Aojq,eng,hasoc_en_5024,0,0,0,0,0,0,0,1,0,0,1,1
9 out of 10 Doctors recommend moving out of West Bengal. Shame on @MamataOfficial     #DoctorsProtest #Savethedoctors #SaveBengal #MamataBanerjee #JaiShreeRam #DoctorsFightBack,eng,hasoc_en_5026,0,0,0,0,0,0,0,0,0,0,0,0
@YRDeshmukh Child #rapist must die. And all those who tried to dispose evidence should get #life #imprisonment #JusticeForTwinkleSharma #JusticeForAshifa #betibachaobetipadhao,eng,hasoc_en_5027,0,0,0,0,0,0,1,0,0,0,1,1
@Pongo81575019 It dates from 2012  But it’s a reminder that no one intelligent or caring would ever trust #BorisJohnson  He did it his way then  It will always be his way  The amoral way    #BorisJohnsonShouldNotBePM,eng,hasoc_en_5030,0,0,0,0,0,0,0,0,0,0,0,0
This more than anything else should be the reason Boris Johnson doesn’t get the top job #BorisJohnsonShouldNotBePM https://t.co/xCWZjts8co,eng,hasoc_en_5031,0,0,0,0,0,0,0,0,0,0,0,0
#ShameOnICC    Shame on ICC    ICC was exposed where is there preparation     Shame https://t.co/e99J1AeMrC,eng,hasoc_en_5034,0,0,0,0,0,0,0,0,0,0,0,0
@CherylH95005477 @JohnHuge14 @njjette2 @skolanach @realDonaldTrump There will be brown people all over the world celebrating the day he is no longer President of The United States.     #FuckTrump,eng,hasoc_en_5036,0,0,0,0,0,0,0,0,0,0,0,0
@psychdr100 The idiot MAGAt is ready to take on the govt. 🙄😆😆    #TrumpSupporters #morons #MAGAt #TrumpsAmerica #TrumpIsATraitor https://t.co/JPIDteHVSW,eng,hasoc_en_5037,0,0,0,0,1,0,0,0,0,0,1,1
Video of protests in evening by Delhi Sikhs make me proud. Good lessons learnt from past. Also a slap to those who mock Delhi Sikhs with 'b' slurs or say Sikhs in other states don't know how to stand for themselves. Nope. They do. They very much do. #FuckDelhiPolice,eng,hasoc_en_5038,0,0,0,0,0,0,0,0,0,0,0,0
@realDonaldTrump I might be more inclined to listen to your opinion if you could actually point out London on a map. #illiteratefuck #TrumpIsATraitor,eng,hasoc_en_5039,0,0,0,0,0,0,0,0,0,1,1,1
I'm down with that Chuck. #BOYCOTTCHINA https://t.co/OwaolFkEWx,eng,hasoc_en_5040,0,0,0,0,0,0,0,0,0,0,0,0
@WhiteHouse @realDonaldTrump DISPICABLE THAT YOU WOULD SHOW TRAITOR TRUMP DISRESPECTING OUR FLAG!!  #TrumpIsTheEnemyOfThePeople   #TrumpIsATraitor   #RussiaGate   #LockHimUp   #TrumpIsANationalSecurityThreat   #CadetBoneSpurs   #CowardInCheif https://t.co,eng,hasoc_en_5041,1,0,0,0,0,0,1,0,0,0,0,1
@ICC please focus on umpiring rather than what a player should wear #DhoniKeepsTheGlove,eng,hasoc_en_5043,0,0,0,0,0,0,0,0,0,0,0,0
@TheRealOJ32 Thanks for the warning. I will be blocking you right after this tweet.    #Murderer,eng,hasoc_en_5044,0,0,0,0,0,0,0,0,0,0,0,0
@PressSec @realDonaldTrump Good riddance. Sinking ship.   #DitchMitch2020   #TrumpIsATraitor   #TRUMP   #GOPCorruption   #GOPComplicitTraitors   #GOPComplicit   #GOPWarOnWomen   #Resist   #BlueWave2020,eng,hasoc_en_5047,1,0,0,0,0,0,0,0,0,0,0,1
@DevinCow @RepMikeJohnson I think the entire GOP are using ghost traders &amp,eng,hasoc_en_5048,0,0,0,0,0,0,0,0,0,0,0,0
@realDonaldTrump You Have NO BALLS! #Truth #FuckTrump #ImpeachTrump #Resist,eng,hasoc_en_5052,0,0,0,0,0,0,0,0,0,0,0,0
@4YrsToday @realDonaldTrump is probably having a tantrum right now. #fucktrump.,eng,hasoc_en_5054,0,0,0,0,0,0,0,0,0,0,0,0
The most anticipated tournament WASTED #ShameOnICC.,eng,hasoc_en_5055,0,0,0,0,0,0,0,0,0,0,0,0
This is what your country will soon look like if you EVER let #China in-in any way‼️Finance/joint ventures/land ownership/infrastructure or 5G‼️Yes they own HK but we got complacent while Britain had it’s 99 year lease-this is no longer the #HongKong we knew!💔💔💔#BoycottChina🇨🇳 https://t.co/uvvwVzZxjH,eng,hasoc_en_5057,0,0,0,0,0,0,1,0,0,0,1,1
Oh shit! It's been a while.  I forgot Twitter was a thing!   (Said Trump never)  #potus #trump #you #dickhead,eng,hasoc_en_5058,1,0,0,0,0,0,0,0,0,0,0,1
1. ICC on Dhoni's gloves                    Vs  2.ICC planning the World Cup     #ShameOnICC https://t.co/3f3qhwsWrD,eng,hasoc_en_5059,0,0,0,0,0,0,0,0,0,0,0,0
Trump is just plain evil. #FuckTrump     Trump administration quietly makes it legal to bring elephant parts to the U.S. as trophies - The Washington Post https://t.co/4hYtX1oGwx,eng,hasoc_en_5060,1,0,0,0,0,0,0,0,0,0,0,1
Why the GOP Has Become a Cult of Personality #Resist #ResistTrump #FuckTrump https://t.co/IYTcqVichn,eng,hasoc_en_5061,0,0,0,0,0,0,0,0,0,0,0,0
Really? Seem like she still has hangover of elections.     #DoctorsFightBack  #DoctorsStrike  #DoctorsProtest    https://t.co/kg0WQejLnu,eng,hasoc_en_5064,0,0,0,0,0,0,0,0,0,0,0,0
Learn something from #India that how big tournaments are organized... Dissapointed @ICC    #ShameOnICC,eng,hasoc_en_5065,0,0,0,0,0,0,0,0,0,0,0,0
We wait for four years for ICC world cup tournament and what have you given us rain abandoned matches!!.. Pathetic planning by @ICC .  We need strict action for commiting such blunder.  #ShameOnICC,eng,hasoc_en_5066,0,0,0,0,0,0,1,0,0,0,1,1
@LOrion @lauferlaw @maddow KEEP on the Press .. they still won’t publish #IntlOrgCrime news AND Want to keep presenting TRUMP AS VICTIM MEME.. whaddya think about that #metoo @NCADV IS #adulterer #rapist TRUMP the victim in his $1.5Million payment for #Ab,eng,hasoc_en_5067,1,0,0,0,0,0,0,0,0,0,0,1
700 Doctors resigned from their jobs #DoctorsFightBack   It's high time for @MamataOfficial to apologise or quit.   India don't want an arrogant intolerant CM https://t.co/QWA5oj3MAm,eng,hasoc_en_5068,0,0,0,0,0,0,0,0,0,0,0,0
Damn it!  Blocked by another 'Patriot'...  and I was just getting started! #fucktrump,eng,hasoc_en_5069,0,0,0,0,0,0,0,0,0,0,0,0
Today's House Judiciary hearing re: #MuellerReport/#RussiaGate was the most perfect example to date proving what the next year and a half is going to continue to be all about (i.e. shit into the faces of the American people). #FuckDemocrats #FuckRepublicans #FuckTrump,eng,hasoc_en_5070,0,0,0,0,0,0,0,0,0,0,0,0
@mi_positive1 @ChicagoTST “Do what thou wilt” has some implications to your neighbors. Especially the #satanic #serial #killing #women #rapist kind. https://t.co/r1IF3YIb63,eng,hasoc_en_5071,0,0,0,0,0,0,0,0,0,0,0,0
@thehill The Acting Defense Secretary acting like he knows what he's talking about. #TrumpIsATraitor #TrumpLiesEveryTimeHeSpeaks #trumpswamp #WagTheDog,eng,hasoc_en_5072,0,0,0,0,0,0,0,0,0,0,0,0
We didn't waited 4 years to see rains in England.  #ShameOnICC https://t.co/eUrAmYpVn3,eng,hasoc_en_5076,0,0,0,0,0,0,0,0,0,0,0,0
Am I the only one who is beginning to think that the completely unacceptable 'no show' on anything from Boris Johnson is beginning to look a little odd. Even 'fishy'.  He has to come out and face people   now.  #BrexitShambles #brexitdisgeace #BorisJohnsonShouldNotBePM,eng,hasoc_en_5077,0,0,0,0,0,0,0,0,0,0,0,0
@danawhite @drockett69 I think Dana is way out of order here. He doesn't give a fuck about the fans. If he did he wouldn't be talking to one like that. Donny is absolutely right and most of us feel the same. Dana is turning the promotion into circus one p,eng,hasoc_en_5078,0,0,0,0,0,0,0,0,0,0,0,0
In case @realDonaldTrump still thinks my people like him. #FuckTrump https://t.co/FvBequHrbc,eng,hasoc_en_5079,0,0,0,0,0,0,0,0,0,0,0,0
If the @Conservatives elect #borisjohnson I will never vote for them again! #BorisJohnsonShouldNotBePM #noshowboris,eng,hasoc_en_5080,0,0,0,0,0,0,0,0,0,0,0,0
We wait until 7.30 in the evening in Aus just to know its raining today. Rain 1: Cricket 0 #ShameOnICC,eng,hasoc_en_5081,0,0,0,0,0,0,0,0,0,0,0,0
@ICC you should be worried about other things rather than a sign of patriotism on @msdhoni gloves huh #DhoniKeepsTheGlove #INDvsAUS #ICCWorldCup2019 https://t.co/dPlEcrWHYt,eng,hasoc_en_5082,0,0,0,0,0,0,0,0,0,0,0,0
He's going to CURE CANCER Now 🙄  These people need to be put on an island.  #CreepyJoe #Douchebag,eng,hasoc_en_5083,0,0,0,0,0,0,0,0,0,0,0,0
If any other mob had attacked doctors @MamataOfficial’s @WBPolice would have beat them up.    But since it was Mamata’s special community she attacked the doctors instead. Perfect exemplar of Indian secularism.    #DoctorsFightBack   #SaveBengal https://t.co/s6pajJh1Bz,eng,hasoc_en_5084,0,0,0,0,0,0,0,0,0,0,0,0
'It Is All A Lie': ⁦@MichaelWolffNYC⁩ Busts The Myth That #IdiotTrump Is A Master Dealmaker https://t.co/FYnl8wCXij,eng,hasoc_en_5085,0,0,0,0,0,0,0,0,0,0,0,0
@nowthisnews I hope no one else hires this #Douchebag,eng,hasoc_en_5086,0,0,0,0,0,0,0,0,0,0,0,0
@Darlene_Edw @wvjoe911 #mitchplease #McConnellChaoCorruption #McConnellMustGo   #DitchMitch #DitchMitch2020 #DitchMitchAndChao   #MitchMcConnell #mitchmustgo #MitchSoCorrupt #chao   #TrumpTantrum #TrumpIsATraitor #TrumpIsAFraud   #TrumpForPrison     #pris,eng,hasoc_en_5090,0,0,0,0,0,0,0,0,0,0,0,0
@realDonaldTrump You mean the Obama economy you inherited?  #TrumpIsATraitor #TrumpIsACriminal #TrumpIsTheEnemyOfThePeople #TrumpIsAFraud #TrumpIsFake #TrumpsAnInternationalDisgrace #TrumpCrimeFamily #ImpeachTrumpNow,eng,hasoc_en_5093,0,0,0,0,0,0,0,0,0,0,0,0
@RepSwalwell ... You are clearly not taking to the ‘The People” .....    If you were.....    This would be followed by #Threats against us (us = People of the #USA  )    With Nukes! .... Remember when you threatened the USA with #Nukes     We do.. #Douche,eng,hasoc_en_5094,0,0,0,0,0,0,0,0,0,0,0,0
@Comey Dude.  Why are you still not behind bars?  #LiberalismIsAMentalDisorder  #douchebag https://t.co/NdXtdHB7o5,eng,hasoc_en_5095,0,0,0,0,0,0,0,0,0,0,0,0
Papadopoulos Taunts Obama's Crooked FBI: 'The Secret Transcripts of My Meeting with Alexander Downer Are Ready to Come Out' https://t.co/bR2JiHHCxY via @gatewaypundit listening to #Douchebag @AdamSchiff yesterday @GeorgePapa19 was #JamesBond #Mueller is a dirty cop #HOAX #MAGA,eng,hasoc_en_5096,0,0,0,0,0,0,0,0,0,0,0,0
@realDonaldTrump That’s right!  I love fear factor statements like this.  It just makes you look like a #douchebag #dictator,eng,hasoc_en_5097,0,0,0,0,0,0,0,0,0,0,0,0
Hey #Ladies! Wanna move to #Alabama where your #Rapist has more right than you do? https://t.co/NR9yp2Eb3O,eng,hasoc_en_5098,0,0,0,0,0,0,0,0,0,0,0,0
Seems ICC forget what is called nationalism! Who are they to ask &amp,eng,hasoc_en_5100,0,0,0,0,0,0,0,0,0,0,0,0
@TimesNow @iSamiakapoor Bloody hypocrites. @INCIndia though decimated will not stop fingering. I want 2 see what name will @RahulGandhi take at his oath taking. @drswamy did he respond to the courts on his british citizenship? #PragyaOathRow #congresskaAN,eng,hasoc_en_5101,0,0,0,0,0,0,0,0,0,0,0,0
@LucyWordsworth @TheRealOJ32 lol #OJSimpson 'has a little getting even to do'    thankfully knife blades can't penetrate my twitter account    #murderer @TheRealOJ32,eng,hasoc_en_5103,0,0,0,0,0,0,0,0,0,0,0,0
Anyone who backs or votes for #BorisJohnson is openly supporting lying and misrepresentation in politics. I hope they are ready for the consequences. #ToryLeadershipContest #bananarepublic Britain. #BorisJohnsonShouldNotBePM,eng,hasoc_en_5104,0,0,0,0,0,0,0,0,0,0,0,0
@RepMattGaetz @realDonaldTrump Drunk tweeting again? #TrumpIsATraitor #GOPComplicitTraitors #VoteBlueToSaveAmerica,eng,hasoc_en_5105,0,0,0,0,0,0,0,0,0,0,0,0
@AlanSteinJr you mean he would take the time and money he gave to recruits and actually use it to take care of his family? Wow.  Amazing. #Liar #Douchebag,eng,hasoc_en_5107,0,0,0,0,0,0,0,0,0,0,0,0
@realDonaldTrump You're getting impeached! #fucktrump https://t.co/eI1Kqnq4IP,eng,hasoc_en_5109,0,0,0,0,0,0,0,0,0,0,0,0
impeach that arrogant piece of shit nOW #fucktrump https://t.co/iaDeWmAD9k,eng,hasoc_en_5110,0,0,0,0,0,0,0,0,0,0,0,0
Arrrggghhhh absolutely raging. Do not guilt trip an 8 year old boy to spend time with you cos your gf does the washing up so you can give one on one time!!! Absolutely livid. #twat #dickhead 🤬🤬🤬🤬,eng,hasoc_en_5111,0,0,0,0,0,0,1,0,0,0,1,1
@Stop_Trump20 @ResistanceNOW77 Stupid @realDonaldTrump   The faux king @POTUS   The night of November 3rd 2020.    SHAME  #TrumpForPrison2020   #TrumpForPrison   #TrumpForJail2020   #TrumpisaTraitor  #DumbDonald   #desperate #DonaldTrump   #ImpeachTrumpNo,eng,hasoc_en_5112,0,0,0,0,1,0,0,0,0,0,1,1
I would like to un-welcome @_REALOJ32 to twitter and since I’ve already #InstaBlocked him.  Please reply to all his tweets with #Murderer,eng,hasoc_en_5113,0,0,0,0,0,0,0,0,0,0,0,0
Well Flint still doesn’t have drinkable water &amp,eng,hasoc_en_5114,0,0,0,0,0,0,0,0,0,0,0,0
Uranus springs to mind for some reason reading the Twump tweets  #douchebag https://t.co/WgIVDmFqBz,eng,hasoc_en_5115,0,0,0,0,0,0,0,0,0,0,0,0
@RepChrisStewart   Hey TRAITOR—  Take info from an Enemy of the United States?  You are learning Comrade Stewart! Soon you will be welcomed back to Mother Russia as a hero!  #DOUCHEBAG,eng,hasoc_en_5116,0,0,0,0,0,0,0,0,0,0,0,0
We cricket fans are being robbed of the World Cup experience. We waited for the world cup for 4 years only to witness almost 1/4th matches being washed? Doesn't ICC take into account the weather conditions before choosing the hosting country? #ShameOnICC #BCCI #CWC19 https://t.co/BPXjwbYzRQ,eng,hasoc_en_5117,0,0,0,0,0,0,0,0,0,0,0,0
@FirstTake @ESPNNBA @maxkellerman Oh man. Here comes the stupidity.    Shut up already.     Weren't the #Raptors supposed to be swept??     #douchebag,eng,hasoc_en_5118,0,0,0,1,0,0,1,0,0,1,0,1
@therealduglop65 @monkeyface__ THIS IS HORRIBLE!!!! THIS IS ANTI-AMERICAN!!!! #FUCKTRUMP #FUCKTHEGOP AND #FUCKHERTOO 😡😰🤬🤢,eng,hasoc_en_5119,0,0,0,0,0,0,1,0,0,0,1,1
Patrick Reed doin Patrick Reed things #SpoiledBrat #Wasteful #Douchebag #DavesTakes https://t.co/15EkTJGjjR,eng,hasoc_en_5120,0,0,0,0,0,0,0,0,0,0,0,0
@The_OJSimpson32 That hurts? What about all the lives you destroyed #douchebag do everyone a favour and disappear,eng,hasoc_en_5123,0,0,0,0,0,0,0,0,0,0,0,0
#ComplicitGOP needs to be exposed as part of #Russian plot to interfere w/ our #elections b/c they will help #Trump do it again in#Election2020 .  #TrumpsAnInternationalDisgrace   #TrumpIsATraitor #ImpeachTrumpNow   #ImpeachDonaldTrump #ImpeachmentInquiryNow #ImpeachmentHearingsNow https://t.co/i3QKKqiuzl,eng,hasoc_en_5124,1,0,0,0,0,0,0,0,0,0,0,1
@RealMarkLatham Straw man argument from the Scarecrow of Australian politics. #dickhead,eng,hasoc_en_5125,0,0,0,1,0,0,0,0,0,0,0,1
@SkyNews A morally bereft and vile individual  #Murderer,eng,hasoc_en_5129,0,0,0,0,0,0,0,0,0,0,0,0
@realDonaldTrump So now you'll have to find someone else to tell your lies  #TrumpIsATraitor   #TrumpIsADisgrace   #TrumpIsAFraud https://t.co/1iBHrv7Wv3,eng,hasoc_en_5132,0,0,0,0,0,0,0,0,0,0,0,0
Hogan Gidley??  -  -  -  Hogan.  -  -  -  Gidley.  -  -  -  Do you still need a penicillin Rx to treat that or is there an over-the-counter remedy? #douchebag https://t.co/5Ke3FHo5EW,eng,hasoc_en_5133,0,0,0,0,0,0,1,0,0,0,1,1
Now  @MamataOfficial  will recruit BANGALI BAABA CHAND DAWAKHANA to treat her pissful   patient #DoctorsFightBack,eng,hasoc_en_5134,0,0,0,0,0,0,0,0,0,0,0,0
@Pups_03 #tragic  cannot believe people don't see these autos stopped in front of them.  #douchebag drivers,eng,hasoc_en_5136,0,0,0,0,0,0,0,0,0,0,0,0
In #Alabama......#Rapists Get #ParentalRights.    #AL politicians ban abortion so now children #Raped by their #Rapist must let their #Rapist see the kid     https://t.co/C2aECd6JaL   #Auburn #Huntsville #Birmingham  #Montgomery #Tuscaloosa #Florencesc #Dothan #gadsen #OrangeBeach,eng,hasoc_en_5139,0,0,0,0,0,0,0,0,0,0,0,0
Zemmour liked this tweet #dickhead https://t.co/OvWCg0wv5X,eng,hasoc_en_5140,0,0,0,0,0,0,0,0,0,0,0,0
@deesnider Nothing more ignorant than forcing everyone to hear your conversation... #douchebag,eng,hasoc_en_5141,0,0,0,0,0,0,0,0,0,0,0,0
@peterkessler @CharlieRymerPGA This guy isn’t worth your time Charlie. #douchebag,eng,hasoc_en_5142,0,0,0,0,0,0,0,0,0,0,0,0
He’s literally f***king the Flag...   #flagday   #TrumpIsATraitor https://t.co/On1UbLrGhZ,eng,hasoc_en_5143,0,0,0,0,0,0,0,0,0,0,0,0
You’re a complete IDIOT.   #FUCKtRump https://t.co/BSbmlCkqxV,eng,hasoc_en_5144,0,0,0,0,1,0,0,0,0,0,1,1
Icc and england cricket destroying big world cricket. England doesn't Deserve host the world cup. #ShameOnICC https://t.co/4urHAkEpml,eng,hasoc_en_5145,0,0,0,0,0,0,0,0,0,0,0,0
Happy born day Donald   Or hatched day . . . Spawned day  Whatever happened with you    #FuckTrump    https://t.co/5pDDnBCBIw,eng,hasoc_en_5146,0,0,0,0,0,0,0,0,0,0,0,0
@br_CBB Pay Pal Cal better leave some cash for his recruits #cheater #douchebag #prick,eng,hasoc_en_5150,0,0,0,0,0,0,0,0,0,0,0,0
@TheRickWilson @NYDailyNews That was a year ago and it's even worse today. #fucktrump #fuckallthetrumps #fucktrumpsupporters,eng,hasoc_en_5151,0,0,0,0,0,0,0,0,0,0,0,0
Just pray for 16 june..🙏🙏...we have waited for 4 years for epic encounter not for this shit planning of worldcup matches #ShameOnICC #INDvsPAK #CWC19 @cricketworldcup @ICC @BCCI https://t.co/XudpccE1qR,eng,hasoc_en_5152,0,0,0,0,0,0,0,0,0,0,0,0
@realDonaldTrump @USArmy #HappyJohnMcCainDay EVERYONE! #FUCKTRUMP #NOTMYPRESIDENT #TRUMPRESIGN #SHOVEURWALLUPURFATASSCUNTBAG #IMPEACHTHEMOTHAFUCKA,eng,hasoc_en_5155,0,0,0,0,0,0,0,0,0,0,0,0
That’s $16 billion that wouldn’t have to be spent if you hadn’t caused the farmers to sit on the edge of bankruptcy just to satisfy your ego.  So obvious how you create a crises and the claim credit for solving it. #FuckTrump https://t.co/h5QPnwNlcn,eng,hasoc_en_5156,0,0,0,0,0,0,0,0,0,0,0,0
@DrDenaGrayson @davidmweissman Good. This guy is a #murderer and sounds #psycho. Society is less safe with him in it. Keep him off the streets. Please.,eng,hasoc_en_5157,0,0,0,0,0,0,0,0,0,0,0,0
@TheRealOJ32 MURDERER O.J IS A #MURDERER,eng,hasoc_en_5158,0,0,0,0,0,0,0,0,0,0,0,0
@TimesNow #Islam is a plague to Mankind.. torture &amp,eng,hasoc_en_5159,0,0,1,0,0,0,0,0,0,0,0,1
I think comettee members of #ICC was on high weed when they have selected #England for World Cup. Most of the teams will loose their chances to move forward in this World Cup just because of this rainy weather  #ShameOnICC,eng,hasoc_en_5161,0,0,0,0,0,0,0,0,0,0,0,0
@3RiversTrifecta Bernie is such a #DICKHEAD🤣,eng,hasoc_en_5163,0,0,0,0,0,0,0,0,0,0,0,0
@realDonaldTrump @senatemajldr @MarkWarner One traitor thanking another. This 'hoax' is as real as ever. You are both evil embarrassments to this country and it will not be forgotten. Happy #JohnMcCainDay. #Trump #TrumpMustResign #TrumpIsATraitor #TrumpIs,eng,hasoc_en_5164,1,0,0,0,0,0,0,0,0,0,0,1
@KellyO @DonaldJTrumpJr @realDonaldTrump I wonder if there is a bigger #douchebag anywhere,eng,hasoc_en_5165,0,0,0,0,0,0,0,0,0,0,0,0
Are you fucking NUTS!!!!! #dickhead https://t.co/yhVD75MobL,eng,hasoc_en_5166,0,0,0,0,0,0,1,0,0,0,1,1
He is bloody #murderer of 2 years old fatehveer 😡😡😡 https://t.co/nWAuJBbxaG,eng,hasoc_en_5167,0,0,0,0,0,0,0,0,0,0,0,0
@GOP Is there anyone in this party with the balls to stand up to #OrangeFoolious and do what is right for their constituents and America. I changed parties because of the spineless attitudes and HATE towards women. #FuckTrump #BeBest #MAGA #AmericaFirst,eng,hasoc_en_5169,0,0,0,0,0,0,0,0,0,0,0,0
Petition the moron with a swastika in his El Sobrante front yard to knock it off #Resist #ResistTrump #FuckTrump https://t.co/N6tbPZQVSC,eng,hasoc_en_5170,0,0,0,0,0,0,0,0,0,0,0,0
@realDonaldTrump #DerangedDonald LOST THE POPULAR VOTE.     THE AMERICAN VOTER HATES LOSER TRUMP!    #LockTrumpUp  #ImpeachmentInquiryNow   #ImpeachTrump   #ImpeachBarr   #ImpeachMnuchin  #TrumpIsATraitor,eng,hasoc_en_5171,1,0,0,0,0,0,0,0,0,0,0,1
@realDonaldTrump The only thing #Corrupt with #ZeroCredibilty is you. You are the biggest embarrassment this country has ever seen. #VetsResistSquadron #VeteransAgainstTrump #TrumpIsATraitor #BlueWave2020 #VoteBlueToSaveAmerica #Resistance #TrumpCrimeSynd,eng,hasoc_en_5172,0,0,0,0,0,0,0,0,0,0,0,0
ICC IS THE MOST INCOMPETENT AUTHORITY EVER #ShameOnICC,eng,hasoc_en_5173,0,0,0,0,0,0,0,0,0,0,0,0
Not answering any questions about my citizenship after 70 fucking years. #FuckTrump #Resist https://t.co/IgkOrkWccP,eng,hasoc_en_5174,0,0,0,0,0,0,0,0,0,0,0,0
WASHINGTON (AP/UPI/LMNOP) - Sources confirm that the White House intends to cut out the middleman and replace outgoing Press Secretary Sarah Huckabee with a steaming pile of horseshit.  . . .   #whitehouse #FuckTrump #gtfo #byefelicia  #Photoshop #davesart… https://t.co/t1nMBM5H9e https://t.co/rv04JWvPfg,eng,hasoc_en_5175,0,1,0,0,0,0,0,0,0,0,0,1
GUILTY AS HELL😡  #murderer https://t.co/m1U6uJAn3o,eng,hasoc_en_5178,0,0,0,0,0,0,0,0,0,0,0,0
#Rapist should hange within 2 months. Including all gang meber.  PMO India should rule this...    .  Requested to share this... https://t.co/WovIQSSZA9,eng,hasoc_en_5179,0,0,0,0,0,0,0,0,0,0,0,0
Two terms for Trump!  @realDonaldTrump #LyingCon #DoucheBag #PutinPuppet #TraitorDon #LockHimUp https://t.co/0kNFuNGgYu,eng,hasoc_en_5180,1,0,0,0,0,0,0,0,0,0,0,1
@B52Malmet He’s just a #Scumbag and a #ShitHuman and a #Traitor #Liar #PutinWhore #MoneyWhore #Cheat #Thief #Grifter #Conman #Sleaze #Kidnapper #Murderer #ChildAbuser #AntiLife #AntiRights #Corward #AntiFemale #AntiPlanet #FakeChristian #AntiAmerican,eng,hasoc_en_5182,0,0,0,0,0,0,0,0,0,0,0,0
I’ve seen racer chases in women but this guy on your left is definitely a driver chaser.   #looser #whenthemoneyrunsupyouwillbeforgotte #nascar #douchebag #wannabe #sucks #greatjobatbeingadouchebag https://t.co/r7YMNovPUU,eng,hasoc_en_5185,0,0,0,0,0,0,0,0,0,0,0,0
Saudi crown prince calls for a 'decisive stand' against Iran  #MURDERER why don’t you just gave them murdered as u did with #JamalKhashoggi This thing is a disgrace and any world leader 👂 2 or dealing w/him is no better #DISGRACEFUL murderer #pissonyou  https://t.co/VbhYpMfQJP,eng,hasoc_en_5186,0,0,0,0,0,0,0,0,0,0,0,0
@Im_Pakistanii @ZKhanOfficial @RashkEHina10 @suchitrav @BDUTT @VORdotcom but not listen on #internationalLevel share #internationallevel like #kathua  One religion Spoils by people but same people quit particular  Religion spred #Terrioust  When that reli,eng,hasoc_en_5187,0,0,1,0,0,0,0,0,0,0,0,1
Need to remove Minority law.  #minority   #Islam  #TerroristHasReligion  #rapist  #PopulationControlLaw    @AmitShah   @narendramodi   Cc:@AskAnshul,eng,hasoc_en_5189,0,0,1,0,0,0,0,0,0,0,0,1
From our Latino friends. #Liar #fucksarahsanders #fucktrump #VoteBlueNoMatterWho2020 https://t.co/bvqU7aKvIB,eng,hasoc_en_5193,0,1,0,0,0,0,0,0,0,0,0,1
#ShameOnICC @ICC @cricketworldcup you guys can't cover the whole cricket ground #shame #england #cricket2019 🌧⛈💦💦 @englandcricket shame shame bad weather #shameEngland come to 🇮🇳 see how we cover 😹 #shameEngland #london @KiaOvalEvents,eng,hasoc_en_5194,0,0,0,0,0,0,0,0,0,0,0,0
A cursory look at the comments section of #Mamata's tweets indicates why she gives two hoots to her detractors. Almost all the critical comments are from North Indians/Non Bengalis. She knows her votebank is intact. #DoctorsFightBack,eng,hasoc_en_5195,0,0,0,0,0,0,0,0,0,0,0,0
The list of reasons why @realDonaldTrump is one of the most despicable people we’ve ever seen is endless. If there is any justice in this world he will die alone in a prison cell. #FuckTrump  https://t.co/xC6itqsqnn,eng,hasoc_en_5197,0,0,0,0,0,0,1,0,0,0,1,1
Very simple: #TrumpIsATraitor https://t.co/S36OegqzJw,eng,hasoc_en_5198,0,0,0,0,0,0,0,0,0,0,0,0
#trumpisatraitor #cocainmitch have helped russia do this...... are these Patriotic Americans or traitors! What about #cocainmitch blocking cyber-security legislation for the 2020 election! https://t.co/jXZ6ilk91b,eng,hasoc_en_5199,1,0,0,0,0,0,0,0,0,0,0,1
They should be treated as criminals and face all the consequences. They have created this ruckus and for what?     Need of the hour- a lesson for all.   Period 🙏  #DoctorsFightBack https://t.co/oN33x61lhM,eng,hasoc_en_5204,0,0,0,0,0,0,0,0,0,0,0,0
Wow! #DoucheBag #FakeLibertarian #JustinAmash is done 16 points already! #IngrahamAngle https://t.co/BYQIzLO8NF,eng,hasoc_en_5206,0,0,0,0,0,0,0,0,0,0,0,0
@realDonaldTrump @nytimes @washingtonpost Your whole presidency is fake! #MoronInChief #MoronPresident #IdiotInChief #idiotTrump,eng,hasoc_en_5207,0,0,0,0,0,0,0,0,0,0,0,0
@SpecialCoverage @DrKumarVishwas #DoctorsFightBack @AmitShah Dr Vishwas has given up on Mamta Banerjee.Dr Vishwas is appealing to Home and Health Minister and not to CM W Bengal.He knows  there is no point appealing to a Vote Bank politician who has put l,eng,hasoc_en_5209,0,0,0,0,0,0,0,0,0,0,0,0
@TheRealOJ32 @KrisJenner ' only in America '  would a person who murdered his ex wife be treated like a hero instead of the scumbag he is .  Fitting that he admires trump - the pair of lying psychopaths have a lot in common .  #OJSimpson #POTUS45 #murdere,eng,hasoc_en_5211,1,0,0,0,0,0,0,0,0,0,0,1
@IanGerald5 Don't forget TRAITOR!  #FucktRump🖕,eng,hasoc_en_5213,0,0,0,0,0,0,0,0,0,0,0,0
Pelosi: Trump shows he doesn't 'know right from wrong' #Resist #ResistTrump #FuckTrump https://t.co/1gzfHPOkV2,eng,hasoc_en_5214,1,0,0,0,0,0,0,0,0,0,0,1
@stephen_kolenda @PAYNE_21 What that I’ve banged more women than you even know?   Come back when your Shit talking game is on point... until then go spend time with your 🐐 &amp,eng,hasoc_en_5215,0,0,0,0,0,0,0,0,0,0,0,0
Why people eagerly wait 4 years for the @cricketworldcup? To see the rain???? To see matches getting abandoned??? To see teams share a point each without even proper competition??? That's really #ShameOnICC. #CWC19,eng,hasoc_en_5217,0,0,0,0,0,0,1,0,0,0,1,1
@EllenLWeintraub @lindab5169 #TrumpIsNotAboveTheLaw #TrumpIsADisgrace #TrumpIsATraitor #RussianElectionInterference is real!  #ImpeachmentInquiryNow #TrumpForPrison #PenceForPrison #MakeTrumpUnpresidentedAgain #MTUA,eng,hasoc_en_5219,0,0,0,0,0,0,0,0,0,0,0,0
@realDonaldTrump @POTUS #JohnMcCainDayJune14 the best gift I could think of...... love your work Frump. #douchebag https://t.co/6rMXEdqzKT,eng,hasoc_en_5222,0,0,0,0,0,0,0,0,0,0,0,0
'You don't tell _me_ what's treason... I tell _you_ what's treason!' #IdiotOrange™    #TrumpIsaTraitor #IMPEACH45    https://t.co/HCqoxdTzvv  https://t.co/YmHIVE86R8  https://t.co/GXlNPdFHNO    @realDonaldTrump @VP @PressSec @SenateMajLdr @SenJeffMerkley @ChuckSchumer @SpeakerPelosi https://t.co/8GN983PcPu,eng,hasoc_en_5223,0,0,0,0,0,0,0,0,0,0,0,0
@Maltomash @SadieTNResist @kodiak149 @D_resists @JWeber988 @RhymesRadical @dhershiser @kspamplemousse @WomanRises @SaraLies4Trump @roseymelhill @Back_dafucup @RuleChicago @michelle_spenc @lc1_summit @rosannaphillip @Costavjw @Wrath_of_Comm @xoxoxoStep @Ni,eng,hasoc_en_5224,0,0,0,0,0,0,0,0,0,0,0,0
Hell we're all DONE with @realDonaldTrump  #FuckTrump  Pelosi on Trump insults: 'I'm done with him'    https://t.co/Qs3dYiWB69,eng,hasoc_en_5225,1,0,0,0,0,0,0,0,0,0,0,1
@girlsreallyrule Will someone explain how this is good for anyone especially the children? Where are all the Pro-lifers to stand up for the life and welfare of this woman and kids?? Rapists don’t deserve rights #Rapist #ProtectTheChildren,eng,hasoc_en_5226,0,0,0,1,0,0,1,0,0,0,0,1
@realDonaldTrump Now THAT’S some #FakeNews right there! #TrumpObstructedJustice #TrumpLiesMatter #TreasonousTrump #TrumpsWorseThanNixon  #TrumpIsTrash #TrumpForPrison2020 #FuckTrump,eng,hasoc_en_5229,0,0,0,0,0,0,0,0,0,0,0,0
#TrumpIsATraitor   #ImpeachTrumpNow   Have to agree that his undeserved Hollywood Star should bear the epithet TRAITOR for all to see for posterity https://t.co/LT8AEGYsw7,eng,hasoc_en_5230,0,0,0,0,0,0,0,0,0,0,0,0
Anti Trump AF Coffee Mug https://t.co/GtEf0l0d9h #AntiTrumpAF #AntiTrump #FuckTrump https://t.co/B3zhZV7B9V,eng,hasoc_en_5231,1,0,0,0,0,0,0,0,0,0,0,1
#murderer on @Twitter are you fucking serious!!! Wtf is wrong with you https://t.co/pPFIklQwDm,eng,hasoc_en_5232,0,0,0,0,0,0,1,0,0,0,1,1
WSJ slaps #IdiotTrump over ghastly jobs report — and blames his disastrous tariffs – #DesperateDonald https://t.co/FgwlHZUCy3,eng,hasoc_en_5234,0,0,0,0,0,0,0,0,0,0,0,0
@WayneASchneider @GOP @PressSec @CREWcrew I didn't even know she was still working.   #fucktrump  #fuckallthetrumps  #fucktrumpsupporters,eng,hasoc_en_5237,0,0,0,0,0,0,0,0,0,0,0,0
More fuel for the backlash against Johnson -    SNP will seek no confidence vote if Johnson becomes PM ..  https://t.co/QaCs4BZzJK    #BorisJohnsonShouldNotBePM   #BollocksToBoris   #BollocksToBrexit https://t.co/fItOmwtRxZ,eng,hasoc_en_5239,0,0,0,0,0,0,0,0,0,0,0,0
When will we understand this thing that A #rapist has no religion they don’t care who the little girl is little #Aasifa or little #twinkleThey must be rewarded with capital punishment. It’s time to awake yourself.A girl should shouldn’t be judged by her religion #JusticeForTinkle https://t.co/XVcQ6XMC8r,eng,hasoc_en_5240,0,0,1,0,0,0,0,0,0,0,0,1
I am sure Joe will do what is best for Joel . #dickhead https://t.co/TRwyjhld4v,eng,hasoc_en_5242,0,0,0,0,0,0,0,0,0,0,0,0
#deadliestcatch Harley can't fish. He rides the coat tails of @corneliamarie #douchebag,eng,hasoc_en_5243,0,0,0,0,0,0,0,0,0,0,0,0
@realDonaldTrump Our farmers deserve a president who doesn't admit that he would gladly break the law to win an election. #douchebag #ImpeachTrumpNow,eng,hasoc_en_5244,1,0,0,0,0,0,0,0,0,0,0,1
We don't need to check D.O.B Of a #rapist.if he is matured enough  to rape he is matured enough to he #hanged  #PMNarendraModi #pmoindia #NaveenPatnaik,eng,hasoc_en_5246,0,0,0,0,0,0,0,0,0,0,0,0
Trump and his fascist regime are destroying our country. #FuckTrump #TheLiberalResistance #LiberalResistance https://t.co/nZ1Y42357T,eng,hasoc_en_5248,1,0,0,0,0,0,0,0,0,0,0,1
#ImpeachTrump #ImpeachDonaldTrumpNOW #FuckTrump  The FBI Director was RIGHT!!! #OrangeJackass https://t.co/vU5HTPHbTA,eng,hasoc_en_5249,0,0,0,0,0,0,1,0,0,0,1,1
@RepMarkMeadows Boom like your fake attack on The Japanese ship you incompetent TV watching old nasty liar? Only way to get you 🍄up? Where’s Eric Prince? #wagTheDog #TrumpsConcentrationCamps #TrumpIsATraitor #NoIranWar #impeachment,eng,hasoc_en_5251,0,0,0,0,0,0,0,0,0,0,0,0
Indian actress dresses are even larger than @ECB_cricket ground covers. #ShameOnICC https://t.co/JwlKS5yoa7,eng,hasoc_en_5252,0,0,0,0,0,0,0,0,0,0,0,0
@JordanUhl @Alyssa_Milano @TGowdySC is the essence of mediocrity and #dickhead,eng,hasoc_en_5253,0,0,0,0,0,0,0,0,0,0,0,0
@realDonaldTrump Happy #JohnMcCainDay     #ihate45   #worstPresidentever   #weaselheadedfucknugget   #shutyourshithole   #fucktrump   #yousuck   #liarinchief   #noclass   #moron   #ridusofthisdisease  #UnfollowTrump  ┌∏┐ (•˽•)┌∏┐,eng,hasoc_en_5254,0,0,0,0,0,0,0,0,0,0,0,0
@NBCNews Fck him #MURDERER,eng,hasoc_en_5255,0,0,0,0,0,0,0,0,0,0,0,0
Trump wants to limit aid for low-income Americans. Here's a look at his proposals. - NPR. #FucktRump #FuckTheGOP  https://t.co/SukOfhDTbC,eng,hasoc_en_5256,1,0,0,0,0,0,0,0,0,0,0,1
@BreitbartNews The #Douchebag has no soul,eng,hasoc_en_5257,0,0,0,0,0,0,0,0,0,0,0,0
@HillaryClinton Imagine what the family members of the Bengahzi victims felt!! Their blood is on YOUR hands!!! #MURDERER 🇺🇸🇺🇸🇺🇸🇺🇸,eng,hasoc_en_5258,0,0,0,0,0,0,1,0,0,0,1,1
@BillCosby You know what else he said in 1971 'yeah baby. I totally wobt rape you'.... Well that was all lies wasnt it. #rapist #hopeyoudie,eng,hasoc_en_5259,0,0,0,0,0,0,0,0,0,0,0,0
#ShameOnICC #INDvsNZ #CWC19  New logo of world cup 👇👇👇 https://t.co/tXY4bUEWBH,eng,hasoc_en_5263,0,0,0,0,0,0,0,0,0,0,0,0
And Eddie Lampert is a #douchebag https://t.co/kZ8lWyVv0P,eng,hasoc_en_5264,0,0,0,0,0,0,0,0,0,0,0,0
@cabodude @PalmerReport Quack Quack Quack Stupidass    #fucktRump,eng,hasoc_en_5265,0,0,0,0,0,0,0,0,0,0,0,0
Total bullshit.  #dickhead https://t.co/Ey4huzjFjB,eng,hasoc_en_5266,0,0,0,0,0,0,0,0,0,0,0,0
#Clownfacevonfuckstick shows us everyday why #fucktrump  #johnmccainday and other similar hashtags are trending. #orangetreasonweasel #despotus #fakepresident #shitgibbon,eng,hasoc_en_5267,0,0,0,0,0,0,0,0,0,0,0,0
Frustration against Mamta Banerjee at its peak #DoctorsFightBack  #Savethedoctors  'Tell her that she can do dharna 4 her chamcha IPS officer Rajiv Kumar why she can't stand up 4 doctors?...what if the injured doctor dies? Was Rajiv Kumar dying?'  #SaveBengal  https://t.co/sZdH2UKxjC,eng,hasoc_en_5268,0,0,0,0,0,0,0,0,0,0,0,0
@realDonaldTrump Did Warner use the information about you while running against you in a Presidential election? Did Adam Schiff? Stupid piece of shit!    #ObstructionOfJustice  #HighCrimesAndMisdemeanors  #Collusion  #TraitorTrump  #ImpeachTrumpNow  #Lock,eng,hasoc_en_5269,1,0,0,0,1,0,0,0,0,0,0,1
How can anyone want this moron running the country @BorisJohnson  stand down from the running this is totally disgusting you should be ashamed #BorisJohnsonShouldNotBePM https://t.co/vdOyuzRwIR,eng,hasoc_en_5270,0,0,0,0,0,0,0,0,0,0,0,0
@carolJhedges I recently tweeted similar I’m actually astounded that his blatant disrespect and cringe worthy ‘wtf’ actions repeatedly slide under the radar and even though it’s common knowledge that he’s a weasely snake willing to do anything to be prime,eng,hasoc_en_5271,0,0,0,0,0,0,0,0,0,0,0,0
No way. You are not doing anything but ruining Our Beautiful Country. #TrumpMustResign #TrumpsAnInternationalDisgrace #TrumpIsATraitor #TrumpIsNotAboveTheLaw #TrumpIsNotExonerated #TrumpLiesEveryTimeHeSpeaks https://t.co/jc6mLYbeuQ,eng,hasoc_en_5272,0,0,0,0,0,0,0,0,0,0,0,0
It is only the assesment of you!... a traitor to Democracy and a stooge of Saudi Arabia and Israel and #trumpisatraitor. The OWNERS of the ship say YOU are lying! https://t.co/0A3DMI8xuj,eng,hasoc_en_5274,0,0,0,0,0,0,0,0,0,0,0,0
@CapanoStina @ChuckKeller14 @cherylnakhle @seanbnbad @lazcarr1342 @Thedude67111 @GonzoBaggins @rubendelavega11 @SingleSpeedGo @mason4922 @melindm2 @sav_ker @ghiamia73 @rangespyder @6rateful @PatriciaKellogg @keanothedog @JerryJNobleJr1 @myWitsEnnd @AmyHam,eng,hasoc_en_5276,0,0,0,0,0,0,0,0,0,0,0,0
@The_Trump_Train @realDonaldTrump #TrumpIsATraitor and you are a FOOL! 🤣🤣 https://t.co/DvXJIwZucv,eng,hasoc_en_5277,0,0,0,0,0,0,0,0,0,0,0,0
Let's be clear there is a deference between oppo-reasearch and foreign influence and there is a reason why it is discourage! Fuck trump and his disciples! That's right disciples!! #Fucktrump  #impeachtrumpnow!,eng,hasoc_en_5278,1,0,0,0,0,0,1,0,0,0,0,1
' #KenBurns wants ALL of us to remember Donald Trump’s extreme response to the Central Park Five case.'   #FUCKTRUMP  🖕🖕🖕#impeachtrump #CP5 #deathpenalty #realDonaldTrump #slavepatrol #system #rikersisland #judges #court #LindaFairstein #ElizabethLederer https://t.co/q4am4ttWVi,eng,hasoc_en_5280,1,0,0,0,0,0,0,0,0,0,0,1
Fascist #Trump Is Farting Air Pollution:One of the Best Ways To Protest Despicable #Trump is Creating Trump Farting Robot #FuckTrump #Dem #Progressive #ReSister #Resist #TrumpFascism #FascistTrump #RacistTrump #DumpTrump #NoTrump #NotMyPresident #FBR https://t.co/ieDPqMNVl0,eng,hasoc_en_5282,1,0,0,0,0,0,0,0,0,0,0,1
@geoman7447 @h8Wankmaggot45 Hey #DoucheBag here’s a PSA! 🖕 https://t.co/88lH2KPVwG,eng,hasoc_en_5283,0,0,0,0,0,0,0,0,0,0,0,0
#FuckDelhiPolice #TakeAction #DragDelhiPoliceToCourt #GoonsInUniform #NoToPoliceBrutality   Action is a must against those violent attackers who also thrashed a minor from minority background.,eng,hasoc_en_5284,0,0,0,0,0,0,0,0,0,0,0,0
The Netflix show 'When they see us'  has me mad!! #Theydidntdoit 🗣️ #fucktrump 😡😡 Fuck those New York police!! WTF @netflix @WhenTheySeeUs,eng,hasoc_en_5285,0,0,0,0,0,0,1,0,0,0,1,1
I am old enough to remember when #traitor #RussianAsset #rapist #liar #whitesupremasist #mobboss #failure #LOSER #taxdodger #warlord were insults @realDonaldTrump #resist I am a registered #Republican and my @GOP should be ashamed of itself. #ImpeachTrumpNow,eng,hasoc_en_5286,1,0,0,0,0,0,0,0,0,0,0,1
@realDonaldTrump YOU ARE THE WORST POTUS EVER  #trumpdumpster  #TrumpMustResign   #TrumpIsATraitor https://t.co/GpaGFRoirz,eng,hasoc_en_5287,0,0,0,0,0,0,0,0,0,0,0,0
@mummy_gunner That's a time in most women's lives when they feel conscious of their size and doing that was belittling her. #dickhead 😘😘 https://t.co/T8GacPxPiM,eng,hasoc_en_5288,0,0,0,0,0,0,0,0,0,0,0,0
@realDonaldTrump You're getting impeached!!!! #fucktrump https://t.co/SrpG2py9f1,eng,hasoc_en_5289,0,0,0,0,0,0,1,0,0,0,1,1
@sudhirchaudhary @ICC ICC is blind to jihadist. They couldn’t do anything about the murder of Pakistani coach whilst the World Cup was underway #BobWoolmer   They suffer from colonial hangover and submissive to the criminal. This mentality brought #Rotter,eng,hasoc_en_5290,0,0,0,0,0,0,0,0,0,0,0,0
@wiseguy161 @luvourprez @john_faidutti @realDonaldTrump I love this photo,eng,hasoc_en_5291,0,0,0,0,0,0,0,0,0,0,0,0
Preachers are having a ‘Make America Straight Again’ event in Orlando &amp,eng,hasoc_en_5292,0,0,0,0,0,0,0,0,0,0,0,0
Where is prime time ka fraud Ravish Kumar? #SaveTheDoctors #DoctorsFightBack #DoctorsStrike,eng,hasoc_en_5293,0,0,0,0,0,0,0,0,0,0,0,0
Halfway through 'When They See Us' and ANGRY AF. I don't have words. I cannot imagine the shit show these men have been through. :(   #WhenTheySeeUs #TheCentralParkFive #fucktrump,eng,hasoc_en_5294,0,0,0,0,0,0,0,0,0,0,0,0
OH HELL NO!!!!!  #FUCKTRUMP https://t.co/Buk3exSHYc,eng,hasoc_en_5296,0,0,0,0,0,0,1,0,0,0,1,1
@realDonaldTrump @foxandfriends @FoxNews I rather put a pinecone in my eye than watch you! #TrumpIsATraitor #TrumpMustResign #TrumpProtest #TrumpsAnInternationalDisgrace #TrumpTantrum,eng,hasoc_en_5298,0,0,0,0,0,0,0,0,0,0,0,0
Where is icc are you fully blind @ICC @cricketworldcup #ICCWorldCup2019 #DhoniKeepsTheGlove #pkmkb https://t.co/RFnDnzpSLg,eng,hasoc_en_5299,0,0,0,0,0,0,0,0,0,0,0,0
#etsy shop: Benedict Donald so called president is a traitor Short-Sleeve Unisex T-Shirt https://t.co/cFqiGN6kbT #clothing #shirt #streetwear #trump #impeach #treason #traitor #fucktrump #impeachtrump #taxday https://t.co/nlOaGBERsF,eng,hasoc_en_5300,1,0,0,0,0,0,0,0,0,0,0,1
#ShameOnICC what the f is this if India pak match rained how much loss to icc,eng,hasoc_en_5301,0,0,0,0,0,0,0,0,0,0,0,0
@lbcbreaking @chunkymark @LBC @dodgyknees1 😏 really #dickhead,eng,hasoc_en_5302,0,0,0,0,0,0,0,0,0,0,0,0
You killed @Ghadaffi and others. #mass #murderer #memories https://t.co/UspbdxQwiC,eng,hasoc_en_5305,0,0,0,0,0,0,0,0,0,0,0,0
@HuffmanForNC it's almost like they are doing cruel things to poor &amp,eng,hasoc_en_5307,0,0,0,0,0,0,0,0,0,0,0,0
@kathygriffin     #fucktrump     Game on! Yup yup. Game ON!     My dad wears your T shirt. The one dressed in orange pissing.     @RuPaulsDragRace @WorldOfWonder https://t.co/HJ59PgY9la,eng,hasoc_en_5308,0,0,0,0,0,0,0,0,0,0,0,0
The Bozo Bros taxpayer funded European Vacation. #erictrump #donjr #fucktrump #uk #ireland #vacation #barcrawl #goodtime #trumporganization #scam #conmen #confamily #humancentipede #tellemwhyyoumad #grindsmygears #whatspissingmeofftoday #wpmot https://t.co/IgwiocGeVw,eng,hasoc_en_5309,0,0,0,0,0,0,0,0,0,0,0,0
PLEASE spread this far and wide. This admitted rapist and pedophile is running for Congress in Virginia as an Independent!   #Pedophile #Rapist #Larson #NathanLarson     https://t.co/BvTQbLTqzY,eng,hasoc_en_5310,0,0,0,0,0,0,0,0,0,0,0,0
@BCCI shud pull itself out of @ICC as other teams r more interested in financial gain then being in icc  #ShameOnICC,eng,hasoc_en_5312,0,0,0,0,0,0,0,0,0,0,0,0
Melania T?! ARE YOU FREAKING KIDDING ME?! #JackieO was first class while Melania is just pure trash.   #FuckTrump  #ImpeachTrump  #ImpeachTrumpNow  #MAGAts  #Trump  #Trumpbillies  #Trumpbilly   #TrumpCrimeFamily  #TrumpCrimeSyndicate  #TrumpIsAnIdiot  #TrumpsWorseThanNixon https://t.co/4Yagmwf8oV,eng,hasoc_en_5313,1,0,0,0,1,0,0,0,0,0,0,1
#politicslive It's OK to use the words ' bad shit' when describing US politics when it's true.  Unfortunately there will be 'bad shit' in UK politics if Johnson becomes leader of the Tories and next PM #C4debate #ToryLeadeshipContest #BorisJohnsonShouldNotBePM,eng,hasoc_en_5314,0,0,0,0,0,0,0,0,0,0,0,0
#JohnDean should be ashamed of himself. A criminal who is willing to do the devil's bidding.  #douchebag @JohnWDean,eng,hasoc_en_5316,0,0,0,0,0,0,0,0,0,0,0,0
@realDonaldTrump Can you even spell Constitution? #Criminal #Coward #Traitor #DoucheBag https://t.co/jCICKV4nAw,eng,hasoc_en_5317,0,0,0,0,0,0,0,0,0,0,0,0
@benshapiro how is that #ConservativeIntelligencia working out for you Benjamin?   #FoxNews #foxnewslackey     #douche #douchebag #destroyed,eng,hasoc_en_5319,0,0,0,0,0,0,0,0,0,0,0,0
@AdamBaldwin yeah #FakePOTUS #fucktrump #ITMFA,eng,hasoc_en_5320,0,0,0,0,0,0,0,0,0,0,0,0
Offering namaz during match on the field is not an issue for @ICC bt wearing gloves with Army Logo which is totally non political thing is a big objection. isn't it a hypocrisy? Who is behind all this thought process? I support the @msdhoni for his patriotism. #DhoniKeepsTheGlove,eng,hasoc_en_5321,0,0,0,0,0,0,0,0,0,0,0,0
Man alive?!?! the man knows no bounds... #BorisJohnsonShouldNotBePM  #BorisJohnson you are a disgrace https://t.co/gSwnBaSEIc,eng,hasoc_en_5322,0,0,0,1,0,0,0,0,0,0,0,1
@realDonaldTrump  its #JohnMcCainDay . A true hero.  Not a traitor like you.  #FuckTrump #TrumpIsATraitor #TrumpsWorseThanNixon #TrumpsGuilty #lockhimup https://t.co/XWlHn0W0Uu,eng,hasoc_en_5323,0,0,0,0,0,0,0,0,0,0,0,0
who’s ready to angrily yell facts at their television. #fucktrump #fuckyowall,eng,hasoc_en_5324,0,0,0,0,0,0,0,0,0,0,0,0
@realDonaldTrump YOU WILL BE IMPEACHED &amp,eng,hasoc_en_5328,0,0,0,0,0,0,0,0,0,0,0,0
It should be clear - #Trump is an extraordinary event    Extraordinary measures are required to address the greatest #NationalSecurity #threat he represents    #TrumpIsATraitor #TrumpCult #TrumpIsAFraud #TrumpIsAMoron #resisters #ResistersForum #ResistersUnite #FBResistance #BlueWave https://t.co/av6vch2D6f,eng,hasoc_en_5329,1,0,0,0,0,0,0,0,0,0,0,1
It’s sad that what bothers me most in this tweet is the wasting of characters to spell out USA. I’m only slightly triggered by the capitalization of “the”. Only slightly. #StupidestPresidentIsTrump #IdiotTrump #MakeAmericaSmartAgain https://t.co/wCAr6WEyy8,eng,hasoc_en_5333,0,0,0,0,0,0,0,0,0,0,0,0
@AP_Europe @AP #Murderer I'd still jump in bed with her but keep the weapons away,eng,hasoc_en_5334,0,0,0,0,0,0,0,0,0,0,0,0
@realDonaldTrump The fake president speaks....#IdiotTrump,eng,hasoc_en_5335,0,0,0,0,0,0,0,0,0,0,0,0
Now he's trying to walk back what he said. Now he's saying of course you give it to the FBI. He's such a lying piece of shit. #HappyJohnMcCainDay #JohnMcCainDayJune14th #TrumpIsATraitor #TrumpLiesEveryTimeHeSpeaks,eng,hasoc_en_5338,0,0,0,0,0,0,0,0,0,0,0,0
Don't let America's favourite dad pour you a drink. #Rapist https://t.co/bebnX7vAxz,eng,hasoc_en_5339,0,0,0,0,0,0,0,0,0,0,0,0
@realDonaldTrump no one believes a #Traitor.     #TrumpLies #UnfitToBePresident #PutinsPuppet #TrumpIsATraitor     #Trump calls The New York Times treasonous for a story his own officials said was perfectly fine to print. https://t.co/lbNaoGXD9b,eng,hasoc_en_5341,1,0,0,0,0,0,0,0,0,0,0,1
Your orange bigoted ASSHOLE boss throws babies in cages at the border and then they die!!!  #FUCKTrump #ImpeachTrumpNow https://t.co/WfIObxSUi2,eng,hasoc_en_5343,0,0,0,0,0,0,1,0,0,0,1,1
@BrianJWrites @RepMarkMeadows @realDonaldTrump @GOP Read to the end #DoucheBag I copied the quote for you. Praised be!,eng,hasoc_en_5344,0,0,0,0,0,0,0,0,0,0,0,0
DON'T #Retweet This Because Trump's Lies Will Be Exposed:#Trump Faked #Tariffs Threat Against Mexico as USA-Mexico Agreement Was Reached Months Before FAKE Mexican Standoff #FuckTrump #TrumpVoters #ArrestTrump #Dems #Dem #RT #TrumpLies #LiarInChief #BLOTUS  https://t.co/sXVUtiWi1c,eng,hasoc_en_5345,1,1,0,0,0,0,0,0,0,0,0,1
found a pretty good image of the #TrumpTrain. feel free to share. #BeSafeOutThere #TrumpTrain #trumpParty #MuellerAndFriends #5angryDemocrats #TrumpTrain2020 #chooChoo #FuckTrump https://t.co/wVieWSpr6P,eng,hasoc_en_5346,0,0,0,0,0,0,0,0,0,0,0,0
@Akashraaz008 O man just wanted to tell you people that what is your acctual worth. Why you people tries to do what you cant can't bear.   You people started trends #DhoniKeepsTheGlove #DhoniKeepTheGlove #DHONIKESAATHDESH #dhonigloves but at last indian #,eng,hasoc_en_5347,0,0,0,1,0,0,0,0,0,0,0,1
Where are all liberals? #Liberals #rapist https://t.co/owbY1yu8BM,eng,hasoc_en_5348,0,0,0,0,0,0,0,0,0,0,0,0
'Hitler had some sexy legs for a Nazi douchebag' #overheard #oolala #PaintMeLikeOneOfYourFrenchGirls #nazi #douchebag,eng,hasoc_en_5349,0,0,0,0,0,0,0,0,0,0,0,0
#borisjohnson huge twat. Would be a disaster in office. #BorisJohnsonShouldNotBePM #borisjohnsontruthdodger https://t.co/oxzH9OAfdw,eng,hasoc_en_5350,0,0,0,0,0,0,0,0,0,0,0,0
@Brad_Kimmons Too many punches to the head #Twatwaffle.  #goldenspuds #dickhead,eng,hasoc_en_5353,0,0,0,0,0,0,0,0,0,0,0,0
@realDonaldTrump Tyrants always try to destroy the #FreePress    The only traitor and enemy of the people here is you.    #TrumpIsTheEnemyOfThePeople #TrumpIsATraitor https://t.co/7URAfGKJaJ,eng,hasoc_en_5354,0,0,0,0,0,0,0,0,0,0,0,0
@moderate_labour @jeremycorbyn Hope you are getting paid minimum wage for your twitter tripe.  Bye #Dickhead!,eng,hasoc_en_5355,0,0,0,0,0,0,0,0,0,0,0,0
@GOP @SenateGOP @HouseGOP @foxandfriends @FoxNewsSunday Hey!!!!!!  Who is investigating this???????? #DISGUSTINGHUMANBEING #IllegitimatePresident #LiarInChief #rapist #childmolester #chesterthemolester #incest https://t.co/Iq3Ug1JfB7,eng,hasoc_en_5356,0,0,0,0,0,0,1,0,0,0,1,1
I got this stress reliever this evening. Any time I read an ignorant ass tweet I just give ole Trump a squeeze. It seems to really help. #Trumpism #fucktrump #VoteBlueNoMatterWho https://t.co/62nDz4afJd,eng,hasoc_en_5357,1,0,0,0,0,0,0,0,0,0,0,1
Okay so everyone is ignoring the fact that YNW melly is only 20 years old and killed TWO people???? #MURDERER,eng,hasoc_en_5360,0,0,0,0,0,0,1,0,0,0,1,1
@redsteeze Also:  Happy Father’s Day @TheRealOJ32  While we know you are a #murderer as far as we know you never murdered a #father.    #Fathers #HappyFathersDay2019 #fatherhood #dads #OJSimpson #OJ @ESPNLosAngeles #LA #crime #CrimeCon #crimenews #crimewa,eng,hasoc_en_5363,0,0,0,0,0,0,0,0,0,0,0,0
@washingtonpost what a cruel piece of human waste #fuckTRUMP and all who follow him #ImpeachmentHearingsNow,eng,hasoc_en_5364,0,0,0,0,0,0,0,0,0,0,0,0
These British South Asian Men Got Screwed by a Trump-Endorsed ‘Pyramid Scheme’ #Resist #ResistTrump #FuckTrump https://t.co/U6I2IlfN4J,eng,hasoc_en_5365,1,0,0,0,0,0,0,0,0,0,0,1
@realDonaldTrump when will you admit that you are a fraud and that you have no idea what you're doing?  #FuckTrump #NotOurPresident,eng,hasoc_en_5366,0,0,0,0,0,0,0,0,0,0,0,0
conspiracy to commit campaign crime. #fucktrump https://t.co/oK56zFruqD,eng,hasoc_en_5369,0,0,0,0,0,0,0,0,0,0,0,0
A rapist and a murderer walk into a (Twitter) Bar ...     the state of 2019 🤦🏻‍♂️    #oj #OJSimpson #cosby #BillCosby #murderer #rapist #OJ_Simpson #wtf https://t.co/0IsIXLgZ6Z,eng,hasoc_en_5370,0,0,0,0,0,0,0,0,0,0,0,0
Focus On the Management instead Of Keepers Gloves 😡 #ShameOnICC @ICC @ICCMediaComms @cricketworldcup https://t.co/XdeqCwLPKa,eng,hasoc_en_5373,0,0,0,0,0,0,0,0,0,0,0,0
@JimiAlex @NYTimesPR @realDonaldTrump @POTUS So when do you Trumpsters plan on burning all the books &amp,eng,hasoc_en_5374,0,0,0,0,0,0,0,0,0,0,0,0
Which sports grounds are these?  🌧🌧🌧  #ShameOnICC https://t.co/nS2d9kXs4W,eng,hasoc_en_5375,0,0,0,0,0,0,0,0,0,0,0,0
The curse of Imran .  The incompetence and total ineptness fully proved. This govt must be booted out before we become another Syria or Iraq!  @MiftahIsmail  @MaizaHameed  #ImranGoldsmith  #PTIGovernment  #imranhataomulkbachao  #electedvsselected  #Pakistan  #PMLN    https://t.co/jNJ2FB33Gj,eng,hasoc_en_5378,0,0,0,0,0,0,0,0,0,0,0,0
Next time you know what to do.  #ShameOnICC #ICCWorldCup2019 #ICCWC2019 #ICC #Crow #INDvNZ #RainStopsMatch #Worldcup19 https://t.co/5IyB32LM5o,eng,hasoc_en_5379,0,0,0,0,0,0,0,0,0,0,0,0
@SlyDude3677 @realDonaldTrump The Liar in Chief just can’t stop lying. #FuckTrump #Impeach45 #ImpeachTrump https://t.co/50Asc8Eat0,eng,hasoc_en_5380,0,0,0,0,0,0,0,0,0,0,0,0
@CobyAscott That stupid ass haircut alone says it all ... once a #douchebag always a douchebag . #TRUMP2020LANDSLIDE 🇺🇸👊,eng,hasoc_en_5381,0,0,0,0,1,0,0,0,0,0,1,1
@TimesNow Kerala Government with #RAPIST   Women are not safe in communist kerala!,eng,hasoc_en_5384,0,0,0,0,0,0,0,0,0,0,0,0
Birthday Party for One.   #the25thamendment  #donaldtrump #trump #impeachtrump #impeach #fucktrump  #mueller #GOP #putin #fuckdonaldtrump #presidenttrump #makeamericagreatagain #maga #notmypresident #mcgahn #donmcgahn  #johnmccainday #jackiekennedy #johnmccain #mccain https://t.co/nfq0Pia8WA,eng,hasoc_en_5385,1,0,0,0,0,0,0,0,0,0,0,1
@mikey_moen @forwardarc I cannot stop thinking about this! 😭😭🤬🤬😭😭🤬🤬    #FuckTrump on #JohnMcCainDay,eng,hasoc_en_5386,0,0,0,0,0,0,0,0,0,0,0,0
'Past visits by Johnson to Ireland don´t exactly inspire confidence.'  #BorisJohnsonShouldNotBePM   https://t.co/BSFYymt6A0,eng,hasoc_en_5387,0,0,0,0,0,0,0,0,0,0,0,0
In solidarity with the movement. Will the centre do something about it? Does the state care about its life savers? #Savethedoctors #DoctorsFightBack https://t.co/CCr6uoUODQ,eng,hasoc_en_5388,0,0,0,0,0,0,0,0,0,0,0,0
This is my message birthday message to that dumb ass Trump lol. #mood #fucktrump #villageidiot #byefelicia #word https://t.co/MfUNxg9VOc,eng,hasoc_en_5389,1,0,0,0,0,0,0,0,0,0,0,1
#DhoniKeepsTheGlove ???? But why? Will the symbol affect his performance on bit? Hell No! He will remain the same lower-order batsman who will continue to bore us to death with his ultra-slow batting. Utterly silly outrage by bhakts.,eng,hasoc_en_5390,0,0,0,0,0,0,1,0,0,0,1,1
#TeamIndia geared up is okay. What's on the GLOVE?    Are armed forces not allowed to play #cricket with their desired logos?    #DhoniKeepsTheGlove or  #ICC allows only Islamic symbols - does #Pakistan say Islam green and star is commercial logo? Will @bcci take that up? https://t.co/XdeS0RJsSp,eng,hasoc_en_5391,0,0,1,0,0,0,0,0,0,0,0,1
What next @ShekharGupta ji ? Don’t put the flag on the blue jersey !!!??Because if the badge stirred the board or neighbours the flag will kill them !     I stand with @msdhoni   #DhoniKeepsTheGlove https://t.co/Os3GgA6IIF,eng,hasoc_en_5392,0,0,0,0,0,0,1,0,0,0,1,1
#CWC19 #ShameOnICC Fantastic planning in creating fixtures for england matches. Look at the weather predictions for #INDvsPAK and #engvsafg. Same venue but different days with different weather to be expected.#ICC Just directly hand over the trophy to england dan playin like this,eng,hasoc_en_5393,0,0,0,0,0,0,0,0,0,0,0,0
@TulsiGabbard And another....     Welcome to the puppet show my friends     #MAGA  #FuckTrump https://t.co/GN0O6jrExk,eng,hasoc_en_5395,0,0,0,0,0,0,0,0,0,0,0,0
Trump thinks he can use a Jedi mind trick on all of us....hahahahahaha #idiotTrump https://t.co/9k3h6PIUzE,eng,hasoc_en_5397,1,0,0,0,0,0,0,0,0,0,0,1
@GOPLeader Wow. You lie so blatantly.  It's as if you know the elections are rigged in your favor.  #corruptGOP #TrumpRussia #TrumpisaTRAITOR #JohnMcCainDay,eng,hasoc_en_5398,0,0,0,0,0,0,0,0,0,0,0,0
#CheetoTwatwaffle ends #GMO regulations. #FuckTrump #FuckYouTrump SHOCK AS TRUMP SIGNS EXECUTIVE ORDER THAT WILL END MOST REGULATIONS AND OVERSIGHT ON GENETICALLY ENGINEERED FOOD,eng,hasoc_en_5399,1,0,0,0,0,0,0,0,0,0,0,1
@TheRealOJ32 Go back under the rock you just crawled out from. #murderer,eng,hasoc_en_5400,0,0,0,0,0,0,0,0,0,0,0,0
#Piccanninies love of words by #BorisJohnsonShouldNotBePM https://t.co/ZJwBxn0Ltr,eng,hasoc_en_5401,0,0,0,0,0,0,0,0,0,0,0,0
How bout seeing if you can convince your cowardly democratic colleagues to do their damn jobs?!   #ImpeachmentNOW   #TrumpIsATraitor https://t.co/oTgiCpKKKA,eng,hasoc_en_5402,0,0,0,0,0,0,0,0,0,0,0,0
#ShameOnICC @ICC is there any chance of a game today or have you scheduled the games for a rain??,eng,hasoc_en_5403,0,0,0,0,0,0,1,0,0,0,1,1
@ACTBrigitte Ahhh did trump's feelings get hurt?  Too bad it's #JohnMcCainDay #JohnMcCainDayJune14 and trump is #DerangedDonald #TrumpIsATraitor #TrumpsAnInternationalDisgrace #SarahSandersLied #ditchmitch #TrumpMustResign #LawlessPresident #JohnMcCainDay,eng,hasoc_en_5404,1,0,0,0,0,0,0,0,0,0,0,1
WC 2019 trophy replaced officially.    @ICC #ShameOnICC https://t.co/QSgi998D3l,eng,hasoc_en_5405,0,0,0,0,0,0,0,0,0,0,0,0
If sex is his priority then who can help him?    @SunnyLeone @pandeypoonam20 @rakhisawantt @miakhalifa     #AskSaiPallavi #RamCharan #BiggBossMarathi2 #SanayaIrani #PailwaanBoxingPoster #INDvsAUS #DhoniKeepsTheGlove #AUSvIND #NTR #ModiGetsMallya #INDvAUS #IndiaWithDhoni #Bharat,eng,hasoc_en_5406,0,0,0,0,0,0,0,0,0,0,0,0
Donald continues to campaign against Hillary Clinton despite been told on numerous occasions that the 2016 election is over and Secretary Clinton does not currently hold any public office.     https://t.co/Sfpgj5lznR    #TrumpRussia #HillaryWarnedUs #TrumpIsATraitor #VoteBlue2020 https://t.co/ZOyfj7RIuZ,eng,hasoc_en_5407,1,0,0,0,0,0,0,0,0,0,0,1
@PM4EastRen you just need to make sure you get at least 32 other MPs on board! It's a simple choice imo:  @RoryStewartUK = stability  @BorisJohnson  = chaos    I'm not a Tory but I know which I'd prefer. @Conservatives  #BorisJohnsonShouldNotBePM #RorySte,eng,hasoc_en_5409,0,0,0,0,0,0,0,0,0,0,0,0
@realDonaldTrump @TuckerCarlson I think former President Nixon said the same thing ##ImpeachTrumpNow #Resist #fucktrump,eng,hasoc_en_5411,0,0,0,0,0,0,0,0,0,0,0,0
Will become more infamous than Bendict Arnold. Mark my words. #TrumpIsATraitor https://t.co/wXsDZWemp0,eng,hasoc_en_5413,0,0,0,0,0,0,0,0,0,0,0,0
#MamataLosingControl  #IstandwithNRS  #DoctorsFightBack  #Savethedoctors  #doctors_against_assualt    Goa Medical College protests. https://t.co/JqdNGIUHFQ,eng,hasoc_en_5416,0,0,0,0,0,0,0,0,0,0,0,0
No law at all in #TheUnitedStatesOfDeadwood #Fucktrump #FiringSquad,eng,hasoc_en_5417,0,0,0,0,0,0,0,0,0,0,0,0
Well he was a bit late but he’s turned up #C4DEBATE #C4Debate #BorisJohnsonShouldNotBePM #wheresboris https://t.co/LqQI3ANL2l,eng,hasoc_en_5418,0,0,0,0,0,0,0,0,0,0,0,0
Finally!  #FuckTrump #BeBest #OrangeFoolius #NoBallsGOP https://t.co/YyiUMCcZnN,eng,hasoc_en_5420,0,0,0,0,0,0,0,0,0,0,0,0
@realDonaldTrump @foxandfriends @FoxNews Will not watch. Didn’t watch. #BoycottFoxNews #TrumpLiesEveryTimeHeSpeaks #TrumpResignNow #TrumpIsADisgrace #TrumpIsATraitor #TrumpIsNotExonerated #TrumpIsNotAboveTheLaw,eng,hasoc_en_5422,0,0,0,0,0,0,0,0,0,0,0,0
@tedlieu @realDonaldTrump @POTUS WHAT FOOL THIS #IDIOTTRUMP IS,eng,hasoc_en_5423,0,0,0,0,0,0,0,0,0,0,0,0
Cuomo: Trump is arguably endorsing illegal behavior #Resist #ResistTrump #FuckTrump https://t.co/PJVYNj3oA5,eng,hasoc_en_5424,1,0,0,0,0,0,0,0,0,0,0,1
500 doctors have already resigned in #Bengal.    NRS 100  SSKM 175  National medical college 20  RG Kar 126  North Bengal college 119  Murshidabad 50  Rampurhat 37  Burdwan 26    #DoctorsFightBack #Savethedoctors,eng,hasoc_en_5425,0,0,0,0,0,0,0,0,0,0,0,0
@realDonaldTrump Even #SarahHuckabeeSanders is tired of #TrumpLies as #TrumpLiesMatter     #TrumpIsATraitor &amp,eng,hasoc_en_5427,0,0,0,0,0,0,0,0,0,0,0,0
@realDonaldTrump I already work two jobs and barely get to see my husband who also works multiple jobs we miss out on spending time with our daughter ALL because of inflation and trying to make ends meet! #fucktrump #fucktariffs #imissobama,eng,hasoc_en_5429,0,0,0,0,0,0,0,0,0,0,0,0
@prettyplusmore @BlckdByJilZarin @KimEGoldman @WonderyMedia blocked that monster right away. totally pissed that reddit asked him to do an AMA #ojsimpson #murderer,eng,hasoc_en_5430,0,0,0,0,0,0,0,0,0,0,0,0
@TheRealOJ32 was known for his quick cuts and #SLASHING running style when with @BuffaloBills  (and before that at @USCFootball where he won the #Heisman           Now he's just known as a #Murderer        #Lakers #Pelicans https://t.co/kTSxUPZdR3,eng,hasoc_en_5431,0,0,0,0,0,0,0,0,0,0,0,0
But they didn’t deceive us!? Most of us knew it was a SHIT bill but we truly have no say! This life is just a simulation and it’s sad. But... imma live my best life and do dope shit regardless. I’ll figure it out! Oh btw... #fucktrump https://t.co/tl4fecNt3I,eng,hasoc_en_5432,0,0,0,0,0,0,0,0,0,0,0,0
@cricketworldcup Spread the ashes from the urn so that would cup can be played on ground not in a swimming pool #ShameOnICC,eng,hasoc_en_5433,0,0,0,0,0,0,0,0,0,0,0,0
@54cpo I tested my theory regarding Mueller Report. You can seriously pick any page and it's obstruction everywhere. Which is why Republican's always say 'no collusion' but never 'no obstruction'. Truth is scary. #GOP #trump #TrumpIsATraitor,eng,hasoc_en_5434,1,0,0,0,0,0,0,0,0,0,0,1
Do we know which of the leadership candidates Hammond supports?  #BorisJohnsonShouldNotBePM https://t.co/VTGx93T9to,eng,hasoc_en_5435,0,0,0,0,0,0,0,0,0,0,0,0
Its jst horrible how icc hv planed the matches its world cup not county or local leagues v wait for 4 yrs to watch rain in England   #ShameOnICC,eng,hasoc_en_5436,0,0,0,0,0,0,0,0,0,0,0,0
@TheQuint But can he stop the rain? #ShameOnICC,eng,hasoc_en_5437,0,0,0,0,0,0,0,0,0,0,0,0
We would be imprisoned in a heartbeat for this bullshit. #FuckTrump https://t.co/eNykVUwjBO,eng,hasoc_en_5438,0,0,0,0,0,0,0,0,0,0,0,0
Rules &amp,eng,hasoc_en_5439,0,0,0,0,0,0,0,0,0,0,0,0
Anyone who share or listen to leaks of #MadameX Please unfollow and block me cuz I don’t never ever wanna see the face of a Rapist #Rapist,eng,hasoc_en_5440,0,0,0,0,0,0,0,0,0,0,0,0
@realDonaldTrump Good job Dems. Can’t get ANYTHING done with #KingDipshit and the Repugs anyway. They won’t vote on anything. #ScrewMitch #FuckTrump,eng,hasoc_en_5441,0,0,0,0,0,0,0,0,0,0,0,0
So glad to see #TrumpIsATraitor trending. Is America waking up??    Happy #JohnMCainDay everyone!    #ImpeachTrumpNow,eng,hasoc_en_5442,0,0,0,0,0,0,1,0,0,0,1,1
#ShameOnICC   Probably this situation coming fans be ready to carry ☔☔☔ https://t.co/XoRaicE4oh,eng,hasoc_en_5443,0,0,0,0,0,0,0,0,0,0,0,0
@KimVanMunching @AOC @HouseDemWomen @HouseDemocrats @SenateDems @GloriaSteinem @BusyPhilipps @DianneM65725926 @ananavarro @AmyBrenneman @KamalaHarris Your anger is justified &amp,eng,hasoc_en_5444,0,0,0,0,0,0,0,0,0,0,0,0
#DoctorsFightBack   Why should the nation suffer from mentally deranged psychotic leaders?? Have we as a nation failed to generate visionary leaders? https://t.co/wCQL4JG2Nc,eng,hasoc_en_5447,0,0,0,0,0,0,1,0,0,0,1,1
@realDonaldTrump Boom like your fake attack on The Japanese ship you incompetent TV watching old nasty liar? Only way to get you 🍄up? Where’s Eric Prince? #wagTheDog #TrumpsConcentrationCamps #TrumpIsATraitor #NoIranWar #impeachment,eng,hasoc_en_5448,0,0,0,0,0,0,0,0,0,0,0,0
@MaddoxxMe @HeWhoLovesWords @HillaryClinton Treason in the WH. Republicans in Senate all complicit     #FUCKTRUMP    🔥👉🏻🍄👈🏻🔥,eng,hasoc_en_5451,0,0,0,0,0,0,0,0,0,0,0,0
#ShameOnICC: Cricket fans express frustration as record number of #WorldCup2019 games get abandoned due to #raincife     #CWC19 #RainStopsMatch #ICCCricketWorldCup2019     https://t.co/lOmQEeAbNa https://t.co/968zggMe6j,eng,hasoc_en_5454,0,0,0,0,0,0,0,0,0,0,0,0
Govt school adopted by IMA appointed unqualified teachers based on their     #IMAFraud #PonziScheme     investments https://t.co/rqt6X1YdBQ,eng,hasoc_en_5455,0,0,0,0,0,0,0,0,0,0,0,0
#ShameOnICC #TeamIndia #ViratKohli #BACKTHEBLACKCAPS Saved my 1.5 GB data to watch #INDvsNZ match and finally found this.. #CWC19  @ICC #KaneWilliamson #INDvPAK #ICCWorldCup2019 #ICCWorldCup https://t.co/ivXHXt2RKw,eng,hasoc_en_5457,0,0,0,0,0,0,0,0,0,0,0,0
#ICC need to focus on managment of world cup instead of dhoni’s gloves.  #worstworldcupever     #ShameOnICC,eng,hasoc_en_5460,0,0,0,0,0,0,0,0,0,0,0,0
@realDonaldTrump The American People Demand that the Treasonous Fake Potus @realDonaldTrump Vacates our White House Immediately! #TrumpIsANationalSecurityThreat #TrumpIsADomesticTerrorist #TrumpIsACriminal #TrumpIsATraitor #TrumpIsAFraud #ImpeachDonaldTru,eng,hasoc_en_5461,0,1,0,0,0,0,0,0,0,0,0,1
@WhiteHouse @realDonaldTrump May this be your last birthday as a free man. #TrumpIsATraitor,eng,hasoc_en_5462,0,0,0,1,0,0,0,0,0,0,0,1
@wvjoe911 @politicususa LOL...that will never happen...#Resist #VoteBlue #ImpeachTheMF #trumpisaloser #FuckTrump,eng,hasoc_en_5463,0,0,0,0,0,0,0,0,0,0,0,0
#SelectedPM Imran Niazi writes third letter to India’s PM Modi    #ModiKaYaar #ImranKhan  #ImranHataoMulkBachao  #Tabdeeli   https://t.co/zGzOfopujq,eng,hasoc_en_5470,0,0,0,0,0,0,0,0,0,0,0,0
#ShameOnICC wht if the final gets abandoned due to rain. Wht u gonna do? Split the trophy? Or a super over match?? Or simply give the trophy to england?  Worst arrangement ever.@ICC,eng,hasoc_en_5471,0,0,0,0,0,0,1,0,0,0,1,1
@ChatByCC @realDonaldTrump @OANN Literally everything you said is total bullshit. Poor thing.  #TrumpIsATraitor  #AndHisSupportersAreTooDumbToSeeIt,eng,hasoc_en_5472,0,0,0,0,0,0,0,0,0,0,0,0
@LAC67_ @IainAGrahamRFC Was just copying his format you #Rapist.,eng,hasoc_en_5473,0,0,0,0,0,0,0,0,0,0,0,0
@TheRealOJ32 Isn't this the same guy who was pissing himself in jail and 'losing his mind'. once again lying to prove false innocence #murderer,eng,hasoc_en_5474,0,0,0,0,0,0,0,0,0,0,0,0
Pic 1- icc chiefs  Pic 2- watching  mausam aaj tak    @memeswalabanda @kaamKiBakwas @Memeswalibandii @Sagarcasm_MUFC   #ShameOnICC https://t.co/Hmli7i4AHh,eng,hasoc_en_5476,0,0,0,0,0,0,0,0,0,0,0,0
Senior cabinet ministers were reported to have hatched plans to force other candidates to withdraw from the race   #BorisJohnsonShouldNotBePM  #March4Change  #StopBrexit #FBPE #SODEM https://t.co/0fdf38ZIJt,eng,hasoc_en_5477,0,0,0,0,0,0,0,0,0,0,0,0
#ShameOnICC  Hello @ICC   You should take some cricket planning and coaching lessons from @BCCI   Instead of wasting your time on Dhoni's gloves ull cud hv done some productive execution for the #ICCWorldCup2019 matches 😒😏 🤫 https://t.co/ZrCJ7G3fGM,eng,hasoc_en_5478,0,0,0,0,0,0,0,0,0,0,0,0
There is no doubt that the Russians would be thrilled to see Boris Johnson succeed. They would have disrupters in both the White House and Number 10. #ToryLeadershipCandidates #Trump #BorisJohnsonShouldNotBePM,eng,hasoc_en_5479,1,1,0,0,0,0,0,0,0,0,0,1
Dhoni sir never do any thing wrong    So dear ICC plz dont ask him to remove that gloves @msdhoni  #DhoniKeepsTheGlove,eng,hasoc_en_5480,0,0,0,0,0,0,0,0,0,0,0,0
Woohoo!! Hope this is real! #DoYourJobMitch #resist #FuckTrump #TrumpsWorseThanNixon #ResistTrump #TraitorTrump #TheResistance #DitchMitch news - live: Mueller to give obstruction testimony 'very soon' as president makes rambling campaign speech ... https://t.co/50wtRtjNGX,eng,hasoc_en_5481,0,0,0,0,0,0,1,0,0,0,1,1
@POTUS won in 2016 only because of the help from Russians and he is very willing for them to help him again.  #TrumpIsATraitor https://t.co/9ih6rTgyT3,eng,hasoc_en_5483,0,0,0,0,0,0,0,0,0,0,0,0
Congress abusive language towards PM Modi in Parliament is unacceptable.. Punish the MP\n#GandiNaaliAbuse,eng,hasoc_en_5485,0,0,0,0,0,0,0,0,0,0,0,0
@republic @INCIndia and oppon using #Parliament to abuse PM. Kick them out for rest of the time #GandiNaaliAbuse,eng,hasoc_en_5487,0,0,0,0,0,0,0,0,0,0,0,0
Fuck sake. Mums got a sore throat and she came to me and goes the doctor says I have an inflamed vulva I THINK YOU MEAN UVULA MUM  pic.twitter.com/gLuv1Gjrc0,eng,hasoc_en_5489,0,0,0,0,0,0,0,0,0,0,0,0
Last time Muslim Representaves were present in doing something. They created Pakistan. @warispathan \ncc : @republic @ARanganathan72 #GandiNaaliabuse,eng,hasoc_en_5491,0,0,1,0,0,0,0,0,0,0,0,1
adult sharing video oral sex articles cat fuck gay video oral sex oral doctor usa video xxx dating uniform fucked daddy real online sex fuck bisexual oral translate india sex video pic.twitter.com/mF0rUSLuWe,eng,hasoc_en_5493,0,0,0,1,0,0,0,0,0,0,0,1
dating virgin teeny pussy fuck Hot indian sex scenes japanese school doctor sex video Fuck it girls version pic.twitter.com/zoBxI75KFE,eng,hasoc_en_5494,0,0,0,0,0,0,0,0,0,0,0,0
Is @BorisJohnson having a FUCKING LAUGH? His plans to cut taxes from the rich are to come out of a proposed raise to employee national insurance? Why the FUCK do I have to pay more so that people richer than me can have even more money  they dont fucking need? #tory pic.twitter.com/PVr1enzDWI,eng,hasoc_en_5502,0,0,0,0,0,0,0,0,0,0,0,0
Abuse can't obstruct the rise of India under the leadership of #NarendraDamodardasModi Ji. Looters of our country mustn't take the advantages of Democracy. #GandiNaaliAbuse,eng,hasoc_en_5504,0,0,0,0,0,0,0,0,0,0,0,0
#GandiNaaliAbuse  How can a PM of a country be abused like this.?Gande keede hi Gande Nale ki baat karenge,eng,hasoc_en_5506,0,0,0,0,0,0,0,0,0,0,0,0
Why do you call Gandi Naali fellows to the debate? #GandiNaaliAbuse,eng,hasoc_en_5507,0,0,0,0,0,0,0,0,0,0,0,0
What the fucking fuck? #BorisJohnson,eng,hasoc_en_5508,0,0,0,0,0,0,0,0,0,0,0,0
This Pathans n Srivastavs will never learn their lesson but what right they hv to abuse the President n the democratically elected PM... shame shame shame \n#GandiNaaliAbuse,eng,hasoc_en_5511,0,0,0,0,0,0,0,0,0,0,0,0
Jesus suffering fuck! Hunt or Johnson. Hands up everyone who is now up for a shit load of chaos with Ed Miliband? #chaoswithedmiliband  #ToryLeadershipContest #BrexitShambles #BorisJohnson pic.twitter.com/6A43S8lBkE,eng,hasoc_en_5512,0,0,0,0,0,0,0,0,0,0,0,0
fuck u 10th doctor Fuck You pic.twitter.com/hO9sXDzk2W,eng,hasoc_en_5513,0,0,0,0,0,0,0,0,0,0,0,0
adult sharing video oral sex articles cat fuck gay video oral sex oral doctor usa video xxx dating uniform fucked daddy real online sex fuck bisexual oral translate india sex video pic.twitter.com/EAIcGrk1QL,eng,hasoc_en_5515,0,0,0,1,0,0,0,0,0,0,0,1
Now trump has to look for an even more evil guy to replace him. Draining the swamp ...,eng,hasoc_en_5517,1,0,0,0,0,0,0,0,0,0,0,1
#GandiNaaliAbuse \nThe MP must be kicked out at once.,eng,hasoc_en_5519,0,0,0,0,0,0,0,0,0,0,0,0
@MarshaBlackburn \n\nPlease do something to defend our freedoms.  Im blocked again in #FB for pisting a joke about President Trump waking up realizing hes really a woman trapped in a toxic male body. \n\n#NoSenseOfHumor\n\n#WarForContolOfOurMinds\n\n#Defe,eng,hasoc_en_5522,1,0,0,1,0,0,0,0,0,0,0,1
adult sharing video oral sex articles cat fuck gay video oral sex oral doctor usa video xxx dating uniform fucked daddy real online sex fuck bisexual oral translate india sex video pic.twitter.com/hfl62KqcX2,eng,hasoc_en_5523,0,0,0,1,0,0,0,0,0,0,0,1
who the fuck puts milk on mashed potatoes pic.twitter.com/OfCQ8SJiFu,eng,hasoc_en_5524,0,0,0,0,0,0,0,0,0,0,0,0
AOC is right and you are wrong.\nYou're just another shill for tRUmp at this point.\nYou should be ashamed of yourselves.,eng,hasoc_en_5525,1,0,0,0,0,0,0,0,0,0,0,1
@CFLonTSN @sskroughriders just inexcusable...an 8 year vet pulling a helmet to helmet tackle on a QB slide #douchebag,eng,hasoc_en_5526,0,0,0,0,0,0,0,0,0,0,0,0
#ShameOnICC what a shame @ECB_cricket  at time of heavy rain no special rain soak covers...At one side englishmen behaves like well behave but in contrast they do not have prepared well as all the funding by @icc put them in corruption...at last our @BCCI Much better than this...,eng,hasoc_en_5527,0,0,0,0,0,0,0,0,0,0,0,0
@POTUS #DICKHEAD #S R DOWN ! https://t.co/lnpoAmJoS3,eng,hasoc_en_5528,0,0,0,0,0,0,0,0,0,0,0,0
@pauljgibler @kals55 @SenRonJohnson @AtlanticCouncil @POTUS @SenateGOP Its so bloody obvious How can anyone not know this stuff? #TrumpIsATraitor,eng,hasoc_en_5530,0,0,0,0,0,0,0,0,0,0,0,0
Please people if you're at #target do not be a total #rude #entitled #douchebag to the employees. They are not to blame for the craziness.  #targetdown.,eng,hasoc_en_5531,0,0,0,0,0,0,0,0,0,0,0,0
@PressSec from 2017 on if you looked up the word liar in the dictionary it would have a picture of #FuckTrump and #FuckSanders holding hands. Her name will forever be linked to the word liar just like Benedict Arnold is linked with #Traitor. Good Riddance,eng,hasoc_en_5532,0,0,0,0,0,0,0,0,0,0,0,0
@ICC @ShashankManoha2 @BCCI  it will be the biggest insult to India if Dhoni have to remove #DhoniKeepsTheGlove . We are paying the salaries of ICC. BCCI should have guts to say go to hell to ICC. I can assure ICC will be having begging bowl.  We need to,eng,hasoc_en_5533,0,0,0,0,0,0,0,0,0,0,0,0
@AprilDRyan He should still be serving out his murder conviction. #Murderer #GamedTheSystem,eng,hasoc_en_5534,0,0,0,0,0,0,0,0,0,0,0,0
@sdr_medco Biggest traitor in American history!  #ImpeachTrump #TrumpIsATraitor #imprisonTrump,eng,hasoc_en_5535,0,0,0,0,0,0,0,0,0,0,0,0
@realDonaldTrump Failure because citizens died eh? How many people have died through mass shootings in America under your watch? #Trump2020 #ImpeachTrumpNow #TrumpIsATraitor #potus #moron #TrumpCantCount #TrumpLogic,eng,hasoc_en_5539,0,0,0,0,0,0,0,0,0,0,0,0
@zainabsikander Baki Jo bhi ho but you are from #Terrorist #rapist #community,eng,hasoc_en_5540,0,0,0,0,0,0,0,0,0,0,0,0
Congrats.  You win the most disgusting  video of the year award. #murderer https://t.co/Yot9aTsgiU,eng,hasoc_en_5541,0,0,0,0,0,0,0,0,0,0,0,0
Does bhakts have guts to trend #BoycottAkshayKumar ?   Opportunist Canadian dalla #TerroristNationPakistan https://t.co/GsD5n8rdY9,eng,hasoc_en_5542,0,0,0,0,0,0,0,0,0,0,0,0
@realDonaldTrump @senatemajldr @MarkWarner Are you feeling closer to impeachment and jail? Is that why you are lashing out! #ImpeachDonaldTrump #TrumpsAnInternationalDisgrace #TrumpsWorseThanNixon #TrumpIsATraitor #TrumpBirthday,eng,hasoc_en_5543,0,0,0,0,0,0,0,0,0,0,0,0
@MamataOfficial  Goons showing their private parts to lady doctors n interns and threatening them to be raped till death and attacked with acid And you don't say a word shame on you. No girl will call you DIDI now as your silence is disgrace as a lady!  #,eng,hasoc_en_5547,0,0,0,0,0,0,1,0,0,0,1,1
@realDonaldTrump Shes #humangarbage...just like how this #PUSSYPOTUS...#TRAITORTRUMP is a #coward...#fucktrump..#fuckmaga...#FUCKNAZIAMERICA,eng,hasoc_en_5548,0,0,0,0,0,0,0,0,0,0,0,0
@SteveKingIA @DiamondandSilk @realDonaldTrump CON is the only thing conservative about this Nationalist CULT #ImpeachTrumpNow  #TrumpIsATraitor https://t.co/Maqz2AAVLx,eng,hasoc_en_5549,0,0,0,0,0,0,0,0,0,0,0,0
EXCLUSIVE: The Central Park Five’s Yusef Salaam calls Trump ‘the devil’     And he is! #FuckTrump,eng,hasoc_en_5550,1,0,0,0,0,0,0,0,0,0,0,1
@TMZ Gross just like her 🤮 #Drugger #Rapist #Robber,eng,hasoc_en_5551,0,0,0,0,0,0,0,0,0,0,0,0
#TrumpIsATraitor in addition to being mentally ill. https://t.co/zgqwdAU32z,eng,hasoc_en_5553,0,0,0,0,0,0,0,0,0,0,0,0
@mikelikessports @RobertKlemko Lock up the sexual predator #perv #molester #rapist,eng,hasoc_en_5554,0,0,0,0,0,0,0,0,0,0,0,0
The trump admin are pieces of trash that need to be thrown where they belong.  No respect for life &amp,eng,hasoc_en_5555,1,0,0,0,1,0,0,0,0,0,0,1
#Alabama is fuckin #SICK - court forces #rape survivor to allow #rapist to have visitation with children https://t.co/OYvPFA1AQE,eng,hasoc_en_5557,0,0,0,0,0,0,0,0,0,0,0,0
I’m ready for the Brad Marchand crying memes #douchebag,eng,hasoc_en_5559,0,0,0,0,0,0,0,0,0,0,0,0
Never trust a #liar  #LiarInChief #TrumpIsTheEnemyOfThePeople   #TrumpIsANationalSecurityThreat   #TrumpIsADisgrace #TrumpIsATraitor #IllegitimatePresident   #Cheater #CorruptGOP #ComplicitGOP #PutinsGOP #PutinsPuppet https://t.co/SHEZJ4m87Q,eng,hasoc_en_5560,0,0,0,0,0,0,0,0,0,0,0,0
What do you get the man who lies about everything? #JohnMcCainDay #FuckTrump #LiarInChief #TraitorInChief #ImpeachTrump #Resist,eng,hasoc_en_5562,0,0,0,1,0,0,0,0,0,0,0,1
New polling shows Pete Buttigieg would beat Donald Trump in the general election #Resist #ResistTrump #FuckTrump https://t.co/2e4Lnmpwzz,eng,hasoc_en_5566,1,0,0,0,0,0,0,0,0,0,0,1
@TheQuint WTF. @MamataOfficial ji's own nephew (and Kolkata mayor's daughter) are protesting as doctors. Are they #outsiders too? Is she willingly ignoring blood relations for petty political gains? #DoctorsFightBack #DoctorStrike,eng,hasoc_en_5567,0,0,0,0,0,0,0,0,0,0,0,0
Majority of American millionaires support a wealth tax on American millionaires #Resist #ResistTrump #FuckTrump https://t.co/yQWf6pqTbx,eng,hasoc_en_5568,0,0,0,0,0,0,0,0,0,0,0,0
I yield my time to @Jim_Jordan #SexPervert and #DoucheBag.,eng,hasoc_en_5569,0,0,0,0,0,0,0,0,0,0,0,0
@TheRealOJ32 Wow... bad enough #Trump is still alive &amp,eng,hasoc_en_5570,1,0,0,0,0,0,0,0,0,0,0,1
@Politiko_Ph @RRD_Davao But Du30 will declare war against Canada over trash? #TraitorDuterte #BoycottChina,eng,hasoc_en_5571,0,0,0,0,1,0,0,0,0,0,1,1
OJ for press secretary!  OJ has all the key attributes....  Natural born liar  Natural born swindler  Natural born KILLER!  Come down Trump... What you waiting for!  #TuckFrump   #TrumpIsATraitor   #TrumpTantrum   #BlueWave,eng,hasoc_en_5575,1,0,0,0,0,0,0,0,0,0,0,1
'cause it's perfectly normal to carry around international trade/immigration agreements in one's breast pocket. #fucktrump https://t.co/d1fEU83att,eng,hasoc_en_5577,0,0,0,0,0,0,0,0,0,0,0,0
Happy John McCain day #fucktrump,eng,hasoc_en_5578,0,0,0,0,0,0,0,0,0,0,0,0
@krishgm @DominicRaab Empty podiums make too much noise    #BorisJohnsonShouldNotBePM https://t.co/IanAefHgYX,eng,hasoc_en_5579,0,0,0,0,0,0,0,0,0,0,0,0
Back-stabbing son of a bitch. #TrumpIsATraitor https://t.co/TQKOs07dPH,eng,hasoc_en_5581,0,0,0,0,0,0,0,0,0,0,0,0
My advice to @msdhoni @imVkohli and @RaviShastriOfc     Patriots RT...     Let's make it happen     #ShameOnICC #WorldCup2019 https://t.co/GhGHKjuiMI,eng,hasoc_en_5582,0,0,0,0,0,0,0,0,0,0,0,0
@realDonaldTrump @IngrahamAngle Inhraham is as stupid and partisan as they come.  She’s almost as repugnant as you.  Almost.  #fucktrump 🖕🏻🖕🏻,eng,hasoc_en_5583,0,0,0,0,1,0,0,0,0,0,1,1
Way to go!! @maddogpac   Let’s continue supporting their work. I’m ordering the #FuckTrump flask today! https://t.co/kAXYvEJgHF,eng,hasoc_en_5585,0,0,0,0,0,0,1,0,0,0,1,1
@KP24 @ICC can see @msdhoni badge but doesn't see the ground was not covered.  Most developed Country in 🌏 and call 🏏 as the national sports Yet can't do anything for the biggest tournament. Learn something from #EdenGarden  #ShameOnICC #WorldCup2019 #i,eng,hasoc_en_5586,0,0,0,0,0,0,0,0,0,0,0,0
This is what your country will soon look like if you EVER let #China in-in any way‼️Finance/joint ventures/land ownership/infrastructure or 5G‼️Yes they own HK but we got complacent while Britain had it’s 99 year lease-this is no longer the #HongKong we knew!💔💔💔#BoycottChina🇨🇳 https://t.co/uu1KSR6j2W,eng,hasoc_en_5587,0,0,0,0,0,0,1,0,0,0,1,1
@realDonaldTrump Taking sides with the Russians again #TrumpIsATraitor,eng,hasoc_en_5588,0,0,0,0,0,0,0,0,0,0,0,0
To protest against @MamataOfficial  who is an egoistic megalomaniac is completely fine.    But where the hell was Indian medical association when kafeelkhan was witch-hunted by Yogi Adityanath.  #DoctorsFightBack,eng,hasoc_en_5589,0,0,0,0,0,0,0,0,0,0,0,0
The Worst World Cup Ever? My article https://t.co/F6WIe0pSOC #ICCWorldCup2019 #WorldCup2019 @cricketworldcup @ICC #ShameOnICC,eng,hasoc_en_5590,0,0,0,0,0,0,0,0,0,0,0,0
SHE'S 'HONORED' TO HAVE ADMITTED TO LYING FOR TRUMP? 🤢 Sarah Sanders on working at White House: ‘Honor of a lifetime’  #ImpeachTrumpNow #SarahHuckabeeSanders #TrumpIsATraitor https://t.co/rYhQPpFpSF via @nbcnews,eng,hasoc_en_5591,1,1,0,0,0,0,0,0,0,0,0,1
@espn @SportsCenter @TSN_Sports .... and 11 more morons than would have watched the #nbafinals without @drake up the ass of the @NBA celebrate. #douchebag #whatachump,eng,hasoc_en_5592,0,0,0,0,0,0,0,0,0,0,0,0
@kylegriffin1 @MarshaBlackburn has set a new bar for exposing treasonous government in plain sight. #MarshaBlackburn #TrumpIsATraitor #ImpeachDonaldTrumpNOW,eng,hasoc_en_5594,0,0,0,0,0,0,0,0,0,0,0,0
@davidfrum Gotta find SOME way to throw a wet blanket on the party huh?    #douchebag,eng,hasoc_en_5595,0,0,0,0,0,0,0,0,0,0,0,0
Is the Tory l/ship race a charade? They deserve to go extinct if this is their version of democracy. BJ not at debate - can’t he be bothered or his supporters fear his making a gaffe? We want a PM like this? An unelected buffoon. #BorisJohnsonShouldNotBePM @toryleadership_,eng,hasoc_en_5596,0,0,0,0,0,0,0,0,0,0,0,0
#CoverUp of the #Palestinian Identity of Robert Kennedy’s #Murderer    READ MORE:  https://t.co/uIOgMqDMEn https://t.co/bSvxYW5rlT,eng,hasoc_en_5597,0,0,0,0,0,0,0,0,0,0,0,0
@PaulJHenshaw @radi_georgi @DevonRexUK1 #Dickhead as an alternative... https://t.co/xAfY4gR28p,eng,hasoc_en_5598,0,0,0,0,0,0,0,0,0,0,0,0
Why is Dhoni wearing the glove such a big deal for ICC? #DhoniKeepsTheGlove,eng,hasoc_en_5599,0,0,0,0,0,0,0,0,0,0,0,0
I'm officially dead. #SixFlags #Sunburnt I lost my regular glasses so it's nighttime and I'm still wearing sunglasses. #Douchebag https://t.co/bF1iz2bdjc,eng,hasoc_en_5600,0,0,0,0,0,0,0,0,0,0,0,0
#fucktrump JoeU for president 2020 https://t.co/UiQj07wuCs,eng,hasoc_en_5601,0,0,0,0,0,0,0,0,0,0,0,0
@TGeffen @darwinwoodka @LucasRoman @ImagineWorldas1 @realDonaldTrump He has destroyed this country. We need him out. Dragged by his ugly orange roots and pissed on. #ImpeachTrump #FuckTrump,eng,hasoc_en_5602,0,0,0,0,0,0,0,0,0,0,0,0
#ShameOnICC     Can they refund tickets money ??   Not paid to visit rainy grounds of England,eng,hasoc_en_5603,0,0,0,0,0,0,1,0,0,0,1,1
@thedailybeast Didn’t he commit one to get elected. This is pathetic what this country is allowing this #douchebag to get away with!,eng,hasoc_en_5604,0,0,0,0,0,0,0,0,0,0,0,0
How the rest of the World Cup will be played 😂    #ShameOnICC #CWC19 https://t.co/cNO2fBhbtQ,eng,hasoc_en_5605,0,0,0,0,0,0,0,0,0,0,0,0
#MomataLost #DoctorsFightBack #ममताहारगइ now Mamata CM WB wants to meet injured Dr Paribaha Bannerjee. This means ultimately Mamata has lost. RT if you agree.  @theskindoctor13 @NagarJitendra @Kaalateetham @republic @sardanarohit @TajinderBagga @DrGPradhan,eng,hasoc_en_5606,0,0,0,0,0,0,0,0,0,0,0,0
@realDonaldTrump I just threw up in my mouth a little bit. #Montana #ImpeachDonaldTrumpNOW #TrumpIsATraitor,eng,hasoc_en_5608,0,0,0,0,0,0,0,0,0,0,0,0
'Rain halts the cricket match but not the memes ☔️'   #CWC19  #ShameOnICC https://t.co/pMqMRCB4d8,eng,hasoc_en_5609,0,0,0,0,0,0,0,0,0,0,0,0
Donald Trump Jr. to be interviewed by Senate panel behind closed doors Wednesday @CNNPolitics https://t.co/konr8J4IdO #muellerreport #fucktrump,eng,hasoc_en_5612,1,0,0,0,0,0,0,0,0,0,0,1
#ShameOnICC @ICC should be investigated for why they choose England as venue and at this time. Thai may turn to be a scam. Fans bought so expensive tickets 1 year ago and the arrangements to cover grounds is wrost than club cricket. @ICC  #ShameOnYou,eng,hasoc_en_5613,0,0,0,0,0,0,0,0,0,0,0,0
My Poppy is better than your insignia? #DhoniKeepsTheGlove,eng,hasoc_en_5614,0,0,0,0,0,0,0,0,0,0,0,0
@TMZ Little girl  @andycohen   crying because he couldn't be in a parade. Such a hypocrite bought a kid for a doll...  #douchebag,eng,hasoc_en_5616,0,0,0,0,0,0,0,0,0,0,0,0
#ShameOnICC @ICC  I bet any of England matches wont be abandoned due to rain. All other countries should boycott this world cup @StarSportsIndia,eng,hasoc_en_5618,0,0,0,0,0,0,0,0,0,0,0,0
Interviewer- Why are you beating up the protesting doctors. They haven't done anything wrong.    Policeman-  #DoctorsFightBack https://t.co/LkZe5PncDb,eng,hasoc_en_5620,0,0,0,0,0,0,0,0,0,0,0,0
#ShameOnICC  #BCCI   should start own world cricket council.  #RIPICC,eng,hasoc_en_5621,0,0,0,0,0,0,0,0,0,0,0,0
@realDonaldTrump @foxandfriends @FoxNews #FawxNews delivering #FakeNews about a #FakePresident   #FuckTrump #NotOurPresident,eng,hasoc_en_5622,0,0,0,0,0,0,0,0,0,0,0,0
If you can watch ‘ when they see us’ and not shed a tear then you ain’t got a heart or soul. Absolutely Unbelievable what they Went through &amp,eng,hasoc_en_5623,0,0,0,0,0,0,0,0,0,0,0,0
Follow the blues ?or  Follow the weather ?  #ShameOnICC  #BCCI,eng,hasoc_en_5624,0,0,0,0,0,0,0,0,0,0,0,0
Amen! Good riddance indeed....Sarah and the Devil walking side by side! @PressSec #TrumpLovesSatan #TrumpIsATraitor #ImpeachTrumpNow #SarahSandersResigns #TrumpIsAFraud #PressSec #SarahHuckabeeSanders https://t.co/lzsw8zBYe5,eng,hasoc_en_5626,0,0,0,0,0,0,0,0,0,0,0,0
#DhoniKeepsTheGlove #ICC  now where are the officials and where is #PCB no need to remove the gloves at any cost https://t.co/yjTSsK8KUD,eng,hasoc_en_5627,0,0,0,0,0,0,0,0,0,0,0,0
ICC doesn't care about the rain being the spoil sport because @ICC protected by rain insurance cover for #CWC19    Refund Process  -15 overs or less - 100% refund  -Between 15.1 to 29.5 overs - 50%  refund  -After 30.1 overs - No  refund    #ShameOnICC #INDvNZ     https://t.co/DJu4Y5Tq1s,eng,hasoc_en_5628,0,0,0,0,0,0,0,0,0,0,0,0
@realDonaldTrump YOU'RE the biggest scandal in the history of the United States of America.    #ImpeachTrumpNow  #UNFIT  #TraitorTrump  #HighCrimesAndMisdemeanors  #NoOneIsAboveTheLaw  #ObstructionOfJustice  #TrumpRussia  #Collusion  #TrumpsWorseThanNixon,eng,hasoc_en_5629,0,0,0,0,0,0,0,0,0,0,0,0
@amateuradam Why is it unqualified men in power always have an opinion on something they no nothing about &amp,eng,hasoc_en_5630,0,0,0,0,0,0,0,0,0,0,0,0
@GovPritzker You are an evil man. #murderer,eng,hasoc_en_5632,0,0,0,1,0,0,0,0,0,0,0,1
So.... when it happens to @realDonaldTrump its a disgracefull spy-affair. But when it happens to his oponents is oppo-research.... riiiiiiiiiiiiiiiiiiiiiiiiiiiiiiiiiiiiight.  https://t.co/aI8f02DONy    #ImpeachTrump #MAGA #ImpeachTheMFTraitor #FUCKTRUMP,eng,hasoc_en_5633,0,0,0,0,0,0,0,0,0,0,0,0
.@realDonaldTrump @GOP     We on the Jedi Council agree...😎    #TrumpIsATraitor     #HeWillDieInPrison... if he’s lucky     https://t.co/C77Eudot8O,eng,hasoc_en_5634,0,0,0,0,0,0,0,0,0,0,0,0
@CityNews @Twitter I think he's done quite enough already #Murderer #OJSimpson,eng,hasoc_en_5637,0,0,0,0,0,0,0,0,0,0,0,0
@Slate My dad used to sail on tankers like that one as a Bosun.    He said they had to be careful not to cause a spark when they worked on deck.  All of you warmongering at the expense of people who are just trying to do their job.    #FuckTrump #FuckPomp,eng,hasoc_en_5638,0,0,0,0,0,0,0,0,0,0,0,0
@MichaelVaughan Why you are not opening your wide mouth? #ShameOnICC #ShameonEngland,eng,hasoc_en_5639,0,0,0,0,0,0,0,0,0,0,0,0
#ShameOnICC  1. ICC on Dhoni's gloves                    Vs  2.ICC planning the World Cup @ICC @cricketworldcup https://t.co/fTC2GP6uJs,eng,hasoc_en_5640,0,0,0,0,0,0,0,0,0,0,0,0
Getting even like a knife to the neck #Murderer https://t.co/ZpitifNWo5,eng,hasoc_en_5641,0,0,0,0,0,0,0,0,0,0,0,0
@realDonaldTrump Your fear is showing again. You tweet like the mad man you are when either things are not going your way or big info is going to come out soon. #DerangedDonald #TrumpIsATraitor,eng,hasoc_en_5642,0,0,0,1,0,0,0,0,0,0,0,1
He won't leave = LOCK HIM UP! LOCK HIM UP! LOCK HIM UP!  LOCK HIM UP! LOCK HIM UP! LOCK HIM UP!  LOCK HIM UP! LOCK HIM UP! LOCK HIM UP!  LOCK HIM UP! LOCK HIM UP!  #DumpTrump #DumpTrump2020 #TrumpIsATraitor #TrumpIsACriminal #TrumpInJail2020 https://t.co/NjUz2bhAzy,eng,hasoc_en_5643,0,0,0,0,0,0,0,0,0,0,0,0
@TheRealOJ32 @KrisJenner This isn’t the OJ hour...STFU and STF down...#MURDERER https://t.co/mmepbwlSkV,eng,hasoc_en_5646,0,0,0,0,0,0,0,0,0,0,0,0
John Dean: I'm honored to be on Trump's enemies list #Resist #ResistTrump #FuckTrump https://t.co/1Ksf7ptDF6,eng,hasoc_en_5647,1,0,0,0,0,0,0,0,0,0,0,1
@The_OJSimpson32 The only shit I hear is what comes out of your mouth #murderer,eng,hasoc_en_5648,0,0,0,0,0,0,0,0,0,0,0,0
4 people I follow have followed OJ Simpson. You know who you are. #Murderer https://t.co/jG9neulzqa,eng,hasoc_en_5649,0,0,0,0,0,0,0,0,0,0,0,0
#HappyJohnMcCainDay isn't it fitting that she steps away on a lie the same as she stepped in on a lie? #TrumpIsATraitor #SarahSandersResigns #TrumpIsUnhinged and is betraying America! #TrumpsAnInternationalDisgrace https://t.co/THvROg2NCw,eng,hasoc_en_5650,0,0,0,0,0,0,0,0,0,0,0,0
England won the toss and decided to swim first. 😑  #icc #ShameOnICC #WorldCup2019,eng,hasoc_en_5651,0,0,0,0,0,0,0,0,0,0,0,0
.@RealDonaldtRUMP is an admitted criminal who sees nothing wrong with foreign interference in our elections. That's O.K. if you are a Republican and winning at all costs is what's important To Hell with Democracy. @GOP #maga #WednesdayWisdom #FuckTrump #Kentucky https://t.co/eDmno0YmKn,eng,hasoc_en_5653,1,0,0,0,0,0,0,0,0,0,0,1
What a shit show. #Alabama how can you be okay with this? No #abortion exclusion for rape victims but support for #rapist's parental rights? #Boycott #StayOutOfOurBodies #NoFilmingInALhttps://apple.news/ASjeYV8UCSeC1m0ymDR9vtg https://t.co/lyF4AuG4ND,eng,hasoc_en_5654,0,0,0,0,0,0,0,0,0,0,0,0
Yesterday England got 2 points bcz of Rain Lost..  @ICC  @BCCI  @cricketworldcup  #ShameOnICC,eng,hasoc_en_5655,0,0,0,0,0,0,0,0,0,0,0,0
@ICC   You need to focus on the Lower Level of Umpiring in World Cup instead of Dhoni's glove.  #DhoniKeepsTheGlove,eng,hasoc_en_5656,0,0,0,0,0,0,0,0,0,0,0,0
Trump accidentally reveals part of his alleged secret deal #Resist #ResistTrump #FuckTrump https://t.co/bSwxHqXzqi,eng,hasoc_en_5658,1,0,0,0,0,0,0,0,0,0,0,1
Bad habits.Heart &amp,eng,hasoc_en_5659,0,0,0,0,0,0,0,0,0,0,0,0
Some of the most brightest minds walk in the yard of #Harvard! It’s is the responsibility of the University to provide a safe environment for those minds to thrive and be leaders. The world don’t need #rapist and those who support rapist as leaders! Our leaders set the path!,eng,hasoc_en_5660,0,0,0,0,0,0,0,0,0,0,0,0
#Alabama I think depending on a Criminals Past and be definitely on cases of Repeat Offenders #MentalHealth #sexoffenders #rapist. Keep getting out of prison repeatedly for doing same offense #EnoughIsEnough when is #NoANo https://t.co/UpSRTJTZCU,eng,hasoc_en_5661,0,0,0,0,0,0,0,0,0,0,0,0
Now i am worried for my life not patients if this mentality of people continues doctor will not take risks to save the patient even he will not touch the patient because of fear of getting punch and freehaemorrhage 'and injustice #DoctorsFightBack,eng,hasoc_en_5662,0,0,0,0,0,0,0,0,0,0,0,0
What to do about a #disloyal #president and a party that supports him    #TrumpIsATraitor   #ComplicitGOP https://t.co/xwJTXrmejN,eng,hasoc_en_5663,0,0,0,0,0,0,0,0,0,0,0,0
First learn to type without errors then give gyan @msdhoni doesn't need certificate from anyone on his patriotism #DhoniKeepsTheGlove https://t.co/UeiL1gr4xx,eng,hasoc_en_5664,0,0,0,0,0,0,0,0,0,0,0,0
@enochcafe @thetimes but don’t get deluded like idiots aka #borisjohnson who can only come up with some waffle about the empire and zero based on reality to stop #china in its tracks. #justsayno #boycottchina #hongkongstrong,eng,hasoc_en_5666,0,0,0,0,0,0,0,0,0,0,0,0
Why are they covers for the entire field. Cant you spend some money now and make sure the whole ground is covered. And be flexible with the timings. #ShameOnICC,eng,hasoc_en_5667,0,0,0,0,0,0,0,0,0,0,0,0
@SenRickScott And you trust #DopeyDonald.  #FuckTrump  #RickScottsAnAlien  #FakeMelania  #CreepyPence,eng,hasoc_en_5668,0,0,0,0,0,0,0,0,0,0,0,0
TUBMANS #FuckTrump https://t.co/nsLwJYj9q4,eng,hasoc_en_5669,0,0,0,0,0,0,0,0,0,0,0,0
@TheRealOJ32 Go away #murderer,eng,hasoc_en_5670,0,0,0,0,0,0,0,0,0,0,0,0
Far-Right Cell Planned Attack On Jewish Event In Paris #Resist #ResistTrump #FuckTrump https://t.co/JJ3CDrHBCH,eng,hasoc_en_5672,0,0,0,0,0,0,0,0,0,0,0,0
#ShameOnICC  Prize ceremony time of @ICCWCup2019   It's look Amazing https://t.co/F5n4hHVXqk,eng,hasoc_en_5673,0,0,0,0,0,0,0,0,0,0,0,0
@adamboultonSKY @Anna_Soubry @Jeremy_Hunt @RoryStewartUK @BorisJohnson #borisjohnson uses hiding as a tactic. Did it after referendum too....  It's pathetic. What a wimp!!!! #BorisJohnsonShouldNotBePM,eng,hasoc_en_5674,0,0,0,0,0,0,1,0,0,0,1,1
A white coat has no color   Dont divide doctors into political party #StopViolenceAgainstDoctors   #DoctorsFightBack https://t.co/EU3xYjufDb,eng,hasoc_en_5675,0,1,0,0,0,0,0,0,0,0,0,1
@goodoldcatchy This is all accurately perfectly written —But calling him a pervert isn’t exactly good enough.  He’s a #Racist #PussyGrabbing #Misogynistic #Pedophile #Rapist      @POTUS,eng,hasoc_en_5676,0,0,0,0,0,0,0,0,0,0,0,0
Wow! Just wow! #TrumpIsATraitor https://t.co/bH5gSvapYx,eng,hasoc_en_5678,0,0,0,0,0,0,0,0,0,0,0,0
@PMOIndia @AmitShah @drharshvardhan Urgent request. Please pass ordinance for punishing violence against doctors. Immediately #DoctorsFightBack #doctors_against_assualt #doctorsstrike,eng,hasoc_en_5679,0,0,0,0,0,0,0,0,0,0,0,0
@ericswalwell No. Its called a registry if you do that and is remniscent of Hitler and Nazi tactics to disarm citizens. It won’t ever happen here. #Douchebag,eng,hasoc_en_5681,0,0,0,0,0,0,0,0,0,0,0,0
#FuckTrump #LoserTrump such an idiot. Let’s see how @GOP @GOPChairwoman spin his idiocy THIS TIME. https://t.co/6j45qIVzje,eng,hasoc_en_5682,0,0,0,0,1,0,0,0,0,0,1,1
@thehill More ripping families apart for political reasons. This is outrageous #ImpeachmentInquiryNow #ImpeachDonaldTrumpNOW #TrumpIsATraitor,eng,hasoc_en_5683,0,0,0,0,0,0,0,0,0,0,0,0
@realDonaldTrump @MarshaBlackburn I think you mean achomlishments. #IdiotTrump #ImpeachTrumpNow #LockHimUp,eng,hasoc_en_5684,0,0,0,0,0,0,0,0,0,0,0,0
@realDonaldTrump #HappyJohnMcCainDay -&gt,eng,hasoc_en_5685,0,0,0,0,0,0,0,0,0,0,0,0
I’m not sure why ArianA Grande drove a MAC Miller to suicide ! It has been 9 months and to this day it pains me !  Mac was so talented !  While his family mourns she basks in the spotlight of her tacky singles  !  Just trash ! #MacMiller #ArianaGrande  #murderer,eng,hasoc_en_5686,0,0,0,0,1,0,0,0,0,0,1,1
@petertimmins3 I don't think it's a case of him not daring to appear but of his minders knowing what a risk it is every time he opens his mouth. Who will control him if he becomes PM? #BorisJohnsonShouldNotBePM,eng,hasoc_en_5687,0,0,0,0,0,0,0,0,0,0,0,0
@misshellca @akvawe66 @TrumpSugar @mediadontmatta @DanFoc77 @History27361891 @DeplorableNew @Youarenumbee6 @Dannaja64Danny @teriross69 @zaharias19 @GoofyGary7 @phil_mckraken @akuscg @donnnie @TT197 @Apritions @verawishful1 @blairarthur1 @jaketram2013 @She,eng,hasoc_en_5688,0,0,0,0,0,0,0,0,0,0,0,0
Yup all thanks to Trump #fucktrump https://t.co/QTkOkpUTP8,eng,hasoc_en_5689,1,0,0,0,0,0,0,0,0,0,0,1
#Army     What is this.... Where was ICC then.    #DhoniKeepBalidaanBadgeGlove #BalidaanBadgeRow #DhoniKeepsTheGlove #DhoniKeepTheGloves #BalidaanBadge #DhoniKeepBalidaanBadgeGlove #DhoniKeSaathDesh @Kritika76263279 @ssumitbansal @ajayarryal @utkarshbais15 https://t.co/t8sitlyjJu,eng,hasoc_en_5690,0,0,0,0,0,0,0,0,0,0,0,0
@MittRomney #JohnMcCainDay Thanks for fund raising on the promise of Obamacare repeal from Republican voters only to screw them over by deciding it was more important to put yourself first just to screw Trump in a personal vendetta.  A RINO LIKE YOU!  'pr,eng,hasoc_en_5691,1,0,0,0,0,0,0,0,0,0,0,1
#kevindurant you suck!!! Left your team alone!!! #douchebag,eng,hasoc_en_5692,0,0,0,0,0,0,1,0,0,0,1,1
@kk18koli Awww.....so unlucky mahn... 😞  No place for peace here..#Pakistan   #ShameOnICC,eng,hasoc_en_5693,0,0,0,0,0,0,0,0,0,0,0,0
@JesseFFerguson Let's not forget that #TraitorTrump just found out and tried to deny the existence of SHITTY poll numbers too! #TrumpIsTheEnemyOfThePeople #TrumpsAnInternationalDisgrace #TrumpIsGoingToStartAWar #TrumpLiesEveryTimeHeSpeaks #TrumpImpeachmen,eng,hasoc_en_5694,0,0,0,0,0,0,0,0,0,0,0,0
#JohnMcCainDay     Happy John McCain day everyone.     #fucktrump,eng,hasoc_en_5695,0,0,0,0,0,0,0,0,0,0,0,0
@SenTedCruz Hidden figures? Like your hidden vote to repeal sanctions against Oleg Deripaska and Rusal? Guess you support Russian Oligarchs and Communists. #TuckFrump #TrumpColluded #TrumpIsATraitor #TrumpTantrum #RepublicansDontCare #RepublicansForImpeac,eng,hasoc_en_5696,0,0,0,0,0,0,0,0,0,0,0,0
@thehill Never before has a press secretary been so dishonest! #corruptGOP #ImpeachDonaldTrumpNOW #ImpeachDonaldTrump #TrumpisaTRAITOR,eng,hasoc_en_5697,0,0,0,0,0,0,0,0,0,0,0,0
@mitchellvii @realDonaldTrump .@mitchellvii uses the word #douchebag because he hears it so much. 🤣 https://t.co/Jl6tp6r8LS,eng,hasoc_en_5699,0,0,0,0,0,0,0,0,0,0,0,0
@Dodgers Madbum is such a #DoucheBag,eng,hasoc_en_5700,0,0,0,0,0,0,0,0,0,0,0,0
@BreatheSaltAir @lacerci65 @HillaryClinton @AOC She's not a lawyer...lolol🤣🤣🤣🤣 she &amp,eng,hasoc_en_5701,0,0,0,0,0,0,0,0,0,0,0,0
@realDonaldTrump Is that a question or exclamation?🤷‍♂️🤷‍♂️🤷‍♂️    #SenileAF #StableGenius #racist #rapist #pervert #treason #Resist #UnstablePresident,eng,hasoc_en_5702,0,0,0,0,0,0,0,0,0,0,0,0
Alabama banned abortion for rape victims. It's also protecting rapists' parental rights. - The Washington Post #WomensRightsAreHumanRights #freedom #rapist No one person should have a right to a child based on a violent act of rape! https://t.co/gjCLaOlvtX,eng,hasoc_en_5703,0,0,0,0,0,0,0,0,0,0,0,0
@Tontolao1 did Jesus make you do it? #hvac #douchebag https://t.co/Hn2d6kxqW9,eng,hasoc_en_5704,0,0,0,0,0,0,0,0,0,0,0,0
Thanks Kenley Jansen #douchebag,eng,hasoc_en_5705,0,0,0,0,0,0,0,0,0,0,0,0
What a #Dickhead https://t.co/0cNjXYWXyd,eng,hasoc_en_5706,0,0,0,0,0,0,0,0,0,0,0,0
@SkyNews She should never have left Italy.    She should STILL be locked up there.    #murderer,eng,hasoc_en_5707,0,0,0,0,0,0,0,0,0,0,0,0
@gtconway3d Your wife cannot be trusted either. Do you express that to her Geo? She's got us doubting your own motives. No one associated with this admin has credibility. Not just in this country but across the globe. Enemies and (used to be ) allies alik,eng,hasoc_en_5708,0,0,0,0,0,0,0,0,0,0,0,0
You let outside opinions effect situation.#Dickhead,eng,hasoc_en_5709,0,0,0,0,0,0,0,0,0,0,0,0
This incompetent and arrogant idiot can't get anything right . An International embarrassment for us!    #پپو_نکلا_نالائقِ_اعظم  #ImranKhanPrimeMinister   #imranhataomulkbachao   #PMLN   #Pakistan https://t.co/TPKvcuriBK,eng,hasoc_en_5710,0,0,0,0,1,0,0,0,0,0,1,1
Because....#douchebag https://t.co/1bgGriq5BH,eng,hasoc_en_5711,0,0,0,0,0,0,0,0,0,0,0,0
@bearball49 What in the h😡ll is wrong with her! #Murderer,eng,hasoc_en_5712,0,0,0,0,0,0,0,0,0,0,0,0
#racists having equal rights with functional members of society &amp,eng,hasoc_en_5713,0,0,0,0,0,0,0,0,0,0,0,0
Am I better off since #falseDonaldTrump was installed by the Russians?  Slightly yes.  The growth of my wealth has dominised under #idiotTrump.  He does not know hoe economics work.  We are so screwed.  #ImpeachTrump,eng,hasoc_en_5715,0,0,0,0,0,0,0,0,0,0,0,0
@WhiteHouse @PressSec Is this a lie too? Good riddence piece of 💩.  #DopeyDonald  #FuckTrump  #FakeMelania  #CreepyPence  Now if only @POTUS would go.,eng,hasoc_en_5716,0,0,0,0,0,0,0,0,0,0,0,0
@tradeinmylife4U @Michele25241176 @TheRealTank @Tyrese @rkelly R. Kelly is a Child Molester and Sexual Predator #pedophile #chomo #rapist #prison #rkelly Lock R. Up!!,eng,hasoc_en_5717,0,0,0,0,0,0,1,0,0,0,1,1
Yoah this fucking pisses me off!!! #fuckthepolice she put the baby down then what. Y’all threatens to shoot her while she had the baby in her hands. Y’all gonna call cps on her and say she neglected the child. #wtf #fuckamerica #fucktrump https://t.co/yBNli7AvqB,eng,hasoc_en_5719,0,0,0,0,0,0,1,0,0,0,1,1
Dear @ICC if uh r capable of removing that #BalidaanBadge from @mahi77881 daily routine then do whatever it takes and i bet uh he will never keep that symbol apart from him..  Even his daughter's t-shirt says- 'my dad's a para'.  Then who uh r #BalidaanBadge  #DhoniKeepsTheGlove https://t.co/MMBtH6RMsK,eng,hasoc_en_5721,0,0,0,0,0,0,0,0,0,0,0,0
What is more boring than waiting for match when rain interrupt? Watching West indies bat.  Who plays defensive shots when a part timer comes  #ShameOnICC  #ENGvWI,eng,hasoc_en_5722,0,0,0,0,0,0,0,0,0,0,0,0
@Chazza454 @mrjamesob Depressing and frightening   @BorisJohnson   #BorisJohnsonShouldNotBePM   #C4debate   #IfnotgetagripmanupandgetoutthereandtellusotherwiseitsallBallsandNOTtobetrusted,eng,hasoc_en_5723,0,0,0,0,0,0,0,0,0,0,0,0
Sounds like Netflix has a credibility issue. #CentralPark5 #theydidit #netflix #rapist https://t.co/sU2lGEP0rt,eng,hasoc_en_5724,0,0,0,0,0,0,0,0,0,0,0,0
Yes but this sort of thing is wearing very thin &amp,eng,hasoc_en_5725,0,0,0,0,0,0,0,0,0,0,0,0
oval office moron embarrasses u.s. again. #fucktrump https://t.co/khdHzeV3pz,eng,hasoc_en_5726,0,0,0,0,0,0,0,0,0,0,0,0
@GOP @realDonaldTrump Today is @BoyGeorge Birthday wish Him a Happy Birthday instead of trump... To trump we say #fucktrump ...#Karmachameleon,eng,hasoc_en_5727,1,0,0,0,0,0,0,0,0,0,0,1
@NBCNews What happened to bringing jobs back to America? #FuckTrump,eng,hasoc_en_5728,0,0,0,0,0,0,0,0,0,0,0,0
@ICC is shit.  Can't even schedule matches properly.  #CWC19 should have either started a bit early or a bit late.  #CWC used to commence before the IPL.  Number of matches abandoned in #CWC19 is more than the total number of matches abandoned in the prev,eng,hasoc_en_5729,0,0,0,0,0,0,0,0,0,0,0,0
the only solution of #rapist is that hang till death. this place is not for these kind of demons.  #JusticeForTwinkleSharma,eng,hasoc_en_5730,0,0,0,0,0,0,1,0,0,0,1,1
Tomorrow is @realDonaldTrump’s birthday...   Let’s celebrate June 14... as     #June14thJohnMcCainDay     #FuckTrump https://t.co/tkF7pXYqf8,eng,hasoc_en_5733,0,0,0,0,0,0,0,0,0,0,0,0
@CrazyKannadiga @dGujaratLionsFC 365 days 270 days will rain in England #ShameOnICC  then why have the given the hosting rights to @ECB_cricket  when @ICC  knew this,eng,hasoc_en_5736,0,0,0,0,0,0,0,0,0,0,0,0
@SenSchumer Shut it up Chuckles! How about those dads who now have one less child thanks to them being murdered by illegals. Leave it to a Democrat to turn Father’s Day into politics. #DickHead,eng,hasoc_en_5738,1,0,0,0,0,0,0,0,0,0,0,1
Ah yes Facebook memories where I get reminders of how much of a dickhead I am. 😂😂 #dickhead #Facebook https://t.co/L4ITAdlNFW,eng,hasoc_en_5739,0,0,0,0,0,0,0,0,0,0,0,0
@POTUS says that when he completes the end of his second term in the @WhiteHouse that the American people will be begging him to stay for a third. Do you agree? #22ndAmendment #TrumpIsATraitor #TrumpisaDictator #2020PresidentialElection #BlueWave2020 #Imp,eng,hasoc_en_5740,0,0,0,0,0,0,0,0,0,0,0,0
@realDonaldTrump @GOPLeader Republicans just might block your tariffs! #fucktrump #trumpsanidiot #resist #trumptrainwreck #TrumpProtest #DerangedDonald #TrumpBiggestLoserInHistory #AgolfTwitler #adultdaycarefortrump #trumpcrimefamily #ImpeachTheMFTraitor,eng,hasoc_en_5741,0,0,0,0,0,0,0,0,0,0,0,0
@KTHopkins 'Our countries'???? #Dickhead,eng,hasoc_en_5742,0,0,0,0,0,0,1,0,0,0,1,1
.@GReschenthaler #PA14 You defend a traitor to the USA. #TrumpIsATraitor #TreasonInPlainSight https://t.co/2K20AqKivX,eng,hasoc_en_5744,0,0,0,0,0,0,0,0,0,0,0,0
This is INSANE! #Alabama #alabamaabortionlaw #requiredvisitation #rapist #commonsenseisfartoouncommon https://t.co/PNgfZkx96T,eng,hasoc_en_5745,0,0,0,0,0,0,0,0,0,0,0,0
'#NorthCarolina #Muslim #Murderer Is Behind Bars But The #MediaNarrative Is Another #Injustice' https://t.co/e2kgyqPqP6 via @Yahoo,eng,hasoc_en_5746,0,0,1,0,0,0,0,0,0,0,0,1
@realDonaldTrump Since it's your birthday #FUCKTRUMP #JohnMcCainDay,eng,hasoc_en_5748,0,0,0,0,0,0,0,0,0,0,0,0
@realDonaldTrump Another one bites the dust....    #fucktrump,eng,hasoc_en_5749,0,0,0,0,0,0,0,0,0,0,0,0
Blame the WB govt but Sadly the Protest and genuine demands of doctors have been hijacked by BJP. Doctors are getting beaten allover India including BJP ruled states. Where was the concern when Dr Khaleel  was jailed . #DoctorsFightBack,eng,hasoc_en_5754,0,0,0,0,0,0,0,0,0,0,0,0
@ianbremmer The mere sound of his voice disgusts me .....  I'm triggered.    I sent him this and told him to make it his page header as a tribute to the lives that he took.   #Murderer https://t.co/R2SeKG1zZn,eng,hasoc_en_5756,0,0,0,0,0,0,0,0,0,0,0,0
https://t.co/4GbLUidanC put him in jail! #fucktrump,eng,hasoc_en_5759,0,0,0,0,0,0,0,0,0,0,0,0
@ShashiTharoor Didn't even condemn the attackers once &amp,eng,hasoc_en_5761,0,0,0,0,0,0,0,0,0,0,0,0
It’s time for ICC to focus on improving umpire standard in world cup instead of Dhoni’s gloves. #DhoniKeepsTheGlove,eng,hasoc_en_5762,0,0,0,0,0,0,0,0,0,0,0,0
Here’s a shit show. There still trying to beat the Hillary dead horse. We have seen indictments and is the people all around Trump and if he wasn’t president he be in line also. He won’t be president forever the state of New York can’t wait for that day. #FuckTrump https://t.co/xCAroWTt4q,eng,hasoc_en_5763,1,0,0,0,0,0,0,0,0,0,0,1
@ikseshwarappa Sir We met you at your homefor helping us? #TGSFraud its more than2 year. Till date no support from CID and no judgement from honurable court and no support from @BJP4Karnataka #DreamzGKFraud #IMAFraud How long you want to watch such scams?,eng,hasoc_en_5764,0,0,0,0,0,0,0,0,0,0,0,0
#TimothyLoehman is anything but a 'man'. What he IS is a #Liar and a #Murderer.  @Cleveland #ClevelandPD #ClevelandPoliceDepartment #NoToRehiring this #DisgraceToHumanity.  Continued #JusticeForTamir 💪🏾 https://t.co/6FImFaoMXk,eng,hasoc_en_5766,0,0,0,1,0,0,0,0,0,0,0,1
Attention America: Trump lied to you..... again.    #TrumpIsATraitor   #TrumpsAnInternationalDisgrace   #JohnMCainDay https://t.co/hDwfmuBPwb,eng,hasoc_en_5768,1,0,0,0,0,0,0,0,0,0,0,1
@DonaldJTrumpJr This is rich coming from a douchbag that steals $ from the #TrumpCrimeFamily cancer charity   #TrumpIsATraitor  #TrumpCesspool,eng,hasoc_en_5769,0,0,0,0,0,0,0,0,0,0,0,0
#DoctorsFightBack    It's deeply political &amp,eng,hasoc_en_5772,0,0,0,0,0,0,0,0,0,0,0,0
So poor managment by icc #ShameOnICC,eng,hasoc_en_5773,0,0,0,0,0,0,0,0,0,0,0,0
Trump and Bibi Are Evil Twinsies. Both are Autocratic Dictator wannabes who only care about themselves!! #FuckTrump #ImprisonTrumpNow  https://t.co/p2ZC33LAQB,eng,hasoc_en_5774,1,0,0,0,0,0,1,0,0,0,0,1
Yes #BorisJohnsonShouldNotBePM #borisjohnson you are a spineless coward!!! https://t.co/1dOro5pjvX,eng,hasoc_en_5775,0,0,0,0,0,0,1,0,0,0,1,1
@ICC has no problem with the entire Pakistan cricket team marking territory by praying on the cricket field (part of Muslim ritual prayer) but find insignia on  @MSDhoni  's gloves inappropriate.  #DhoniKeepsTheGlove💪🏻🇮🇳 https://t.co/pZCZQpKjbt,eng,hasoc_en_5776,0,0,1,0,0,0,0,0,0,0,0,1
@realDonaldTrump You’re no brains. Free speech.   Here’s more:  #TrumpIsACriminal   #TrumpObstructedJustice   #TrumpIsATraitor   #TrumpIsAMoron   Many people are saying........,eng,hasoc_en_5777,0,0,0,0,0,0,0,0,0,0,0,0
@ICC @UberEats This world cup 19 should be ban !! 😡😡 Rain rain rain motherfuckerr ICC   Shift this world to another country or ban this world cup 19 😡😡   #ShameOnICC 😡😡,eng,hasoc_en_5778,0,0,0,0,0,0,1,0,0,0,1,1
One by one accidents are happening but actions are limited in rule book only. Why rapists are not being hanged by judiciary? There is no fear in heart of #rapist. It's really a million dollar #question when the eye will open of law makers and judiciary too.,eng,hasoc_en_5782,0,0,0,0,0,0,0,0,0,0,0,0
@trom771 Terrified of actually being a man of character...  #TrumpIsATraitor   #GuiltyAsSin  #WhoreMonger  #LiarInChief   #DerangedDonald   #BillionDollarLoser   #LowIQTrump  #DraftDodger   #PresidentBoneSpurs  #AryanAgentOrange  #NervousDonald  #Illitera,eng,hasoc_en_5783,0,0,0,1,0,0,0,0,0,0,0,1
She lost her mind. Hey god plz save us from those goons #DoctorsFightBack https://t.co/Nr3beYXp0y,eng,hasoc_en_5785,0,0,0,0,0,0,0,0,0,0,0,0
#DhoniKeepsTheGlove...first improve ur gully umpiring.....and talk about any obligations ...,eng,hasoc_en_5787,0,0,0,0,0,0,0,0,0,0,0,0
@KennedyNation Thought for a minute his name was PRICKARD and thought yep...that explains his intellect.... then put on my glasses on and realized he's just a #Douchebag,eng,hasoc_en_5789,0,0,0,0,0,0,0,0,0,0,0,0
Hitler...anyone...anyone...this is Hitler shit...this is Hitler. #FuckTrump #FuckTheGOP https://t.co/0S7YAGJcRS,eng,hasoc_en_5790,0,0,0,0,0,0,0,0,0,0,0,0
Unfollowed #Douchebag https://t.co/uzn6Q6TJAM,eng,hasoc_en_5791,0,0,0,0,0,0,0,0,0,0,0,0
#baapbaaphotahai  cockroaches will always be cockroaches   #terroristNationPakistan,eng,hasoc_en_5794,0,0,0,0,0,0,0,0,0,0,0,0
@realDonaldTrump You lie! #TrumpIsATraitor https://t.co/E5A03vAxdf,eng,hasoc_en_5795,0,0,0,0,0,0,0,0,0,0,0,0
@piersmorgan Dont watch it then. #dickhead,eng,hasoc_en_5796,0,0,0,0,0,0,0,0,0,0,0,0
@ICC Yes u buggers Look @ d weather during #ENGvsWI  Match. It's a total conspiracy against all other team. #England choose their venue where #Rain chances r Zero. How come eng never faced Rain? #ICCCricketWorldCup2019  #ShameOnICC,eng,hasoc_en_5797,0,0,0,0,0,0,0,0,0,0,0,0
@realDonaldTrump What about our fake president?  He lies so much and is so stupid he doesn't even know how stupid he is.  #idiottrump #lyingtrump #trumpiscompromised #delusionaldon,eng,hasoc_en_5798,0,0,0,0,1,0,0,0,0,0,1,1
When you lets the news outlets tell your story😒...stop letting the news paint false narratives of our black ppl..But for dumpster rapist #BrockTurner gets a nice portrait      #BlackTwitterMovement #BlackLivesMatter #blackpodcast #news #rapist #cnn #narratives #Blacktwitter #rbg https://t.co/v539fGSLDU,eng,hasoc_en_5799,0,1,0,0,0,0,0,0,0,0,0,1
@boomer6948 @d18_diaz @Alyssa_Milano You’re a white person who promotes the racist agenda of MAGA and you’re telling people to “stop with the race card” 🤦‍♀️  You must live in that world where all the other fartman lovers live... DENIAL LAND! #fucktrump,eng,hasoc_en_5800,0,1,0,0,0,0,0,0,0,0,0,1
@realDonaldTrump Sanctuary city banning you would be the best idea! #TrumpIsATraitor,eng,hasoc_en_5801,0,0,0,0,0,0,0,0,0,0,0,0
@Kevo_Bevo short man cop syndrome. #douchebag #NoExcuse,eng,hasoc_en_5802,0,0,0,1,0,0,0,0,0,0,0,1
#CitrusHitler admitting he would be willing to compromise electoral sovereignty in the country he purports to preside over should anger all Americans.  It is openly treasonous and an insult to every person who has fought to defend our institutions.    #FuckTrump,eng,hasoc_en_5804,0,0,0,0,0,0,0,0,0,0,0,0
@StopFakeCases @MumbaiPolice @CPMumbaiPolice Cannot disclose until the fake case she filed is quashed. AS long as it's on..  she's a 'Victim'.    And karan roams with hashtag of #rapist until proven innocent.  And even after.. people will still associate,eng,hasoc_en_5805,0,0,0,0,0,0,0,0,0,0,0,0
@jjsmokkieBOY57 That is his golf cart rental bill...#bitchplease #fucktrump @realDonaldTrump,eng,hasoc_en_5807,0,0,0,0,0,0,0,0,0,0,0,0
@piersmorgan @Iromg How ashamed are you for the phone hacking scandal? #dickhead,eng,hasoc_en_5809,0,0,0,0,0,0,0,0,0,0,0,0
Isnt your well being worth the wall  Dont you want welfare for your homeless veterans teachers who dont teach  Take back your warfare house care  give a F 4 a change  #BuildThePeoplesWall &amp,eng,hasoc_en_5812,0,0,0,0,0,0,0,0,0,0,0,0
@DonaldJTrumpJr #djtj #geniusjunior #dumbass How about WE take care of the CHILDREN we already have?!?  BTW.......how many children has the  #TrumpCrimeFamily   Fostered???????#TrumpIsATraitor https://t.co/BrIfJdKxzr,eng,hasoc_en_5813,0,0,0,0,0,0,1,0,0,0,1,1
@RichieFed @mommamia1217 @realDonaldTrump Money can't buy class. He has no class and never will be anything but a low life. #TrumpIsATraitor,eng,hasoc_en_5814,0,0,0,0,0,0,0,0,0,0,0,0
@RamaNewDelhi @ShekharGupta And @adgpi isn't responsible for your Safety cuz you don't have any respect for #IndianArmy so why would they sacrifice their life for you. #IndiaWithDhoni #DhoniKeepsTheGlove   Stop doing These cheap stunts to gain some invalu,eng,hasoc_en_5815,0,0,0,0,0,0,0,0,0,0,0,0
President Bankrupt is pulling us down with him....    #marketwatch #TradeWars #deutschebank #stockmarket #idiottrump #ImpeachTrump #runningoutoftime #divider #liarinchief #bannonsplan    https://t.co/x7Fsd9yG7W,eng,hasoc_en_5816,0,0,0,0,0,0,0,0,0,0,0,0
@realDonaldTrump you Don’t have the attention span to read the daily comics through let alone the Mueller Report. What a liar! #TrumpLies #TrumpIsATraitor #ImpeachDonaldTrumpNOW https://t.co/WA5XA2bHbe https://t.co/lVvNSR6Uux,eng,hasoc_en_5817,0,0,0,0,0,0,0,0,0,0,0,0
@TheRealOJ32 RIP #NicoleBrownSimpson &amp,eng,hasoc_en_5819,0,0,0,0,0,0,0,0,0,0,0,0
This is what your country will soon look like if you EVER let #China in-in any way‼️Finance/joint ventures/land ownership/infrastructure or 5G‼️Yes they own HK but we got complacent while Britain had it’s 99 year lease-this is no longer the #HongKong we knew!💔💔💔#BoycottChina🇨🇳 https://t.co/dgbABwVOun,eng,hasoc_en_5820,0,0,0,0,0,0,1,0,0,0,1,1
@SenSchumer @senatemajldr You murder far more people with your immoral support of abortion (murder) than guns will ever kill in US. #murderer,eng,hasoc_en_5821,0,0,0,0,0,0,1,0,0,0,1,1
@ANI Chutiye  What about the biggest health scam industry these ‘doctors’ run in India? #DoctorsProtest #DoctorsFightBack they should be ashamed of themselves,eng,hasoc_en_5822,0,0,0,0,0,0,0,0,0,0,0,0
Really is that why fox cut you off when you ztart your crazy talk wow even your propaganda wing is throwing you under the bus. Looks like your the actual enemy of the people. Fucking bell end. #fucktrump https://t.co/oBofbFVopb,eng,hasoc_en_5823,0,0,0,0,0,0,0,0,0,0,0,0
@TheRealOJ32 Still looking for the real killer??  #OJKilledNicole  #MURDERER,eng,hasoc_en_5824,0,0,0,0,0,0,1,0,0,0,1,1
@DOlusegun @elrufai Hope they don't becomes #Dickhead,eng,hasoc_en_5825,0,0,0,0,0,0,0,0,0,0,0,0
@gtconway3d @KellyannePolls @realDonaldTrump Hey George,eng,hasoc_en_5826,0,0,0,0,0,0,0,0,0,0,0,0
@briantylercohen @mattgaetz is such a #douchebag. He would have really gone places in the Third Reich. #smdh,eng,hasoc_en_5827,0,0,0,0,0,0,0,0,0,0,0,0
@realDonaldTrump @senatemajldr @MarkWarner No patriotic American will ever stop wanting to see criminals behind bars.    #LockTrumpUp  #ImpeachmentInquiryNow   #ImpeachTrump   #ImpeachBarr   #ImpeachMnuchin  #TrumpIsATraitor,eng,hasoc_en_5831,0,0,0,0,0,0,0,0,0,0,0,0
@AprilDRyan I wouldn't want him following me.  #MURDERER,eng,hasoc_en_5832,0,0,0,0,0,0,0,0,0,0,0,0
@polisands @GOP @realDonaldTrump I’m sorry you are so I’ll-informed! It is a crime to take foreign government’s help in order to influence an election and YOUR president said he’d commit that crime to get re-elected!! #SAD #TrumpIsATraitor,eng,hasoc_en_5834,1,0,0,0,0,0,1,0,0,0,0,1
What's the deal with Griezmann and his way of revealing things. Big promo to stay hes staying then a big promo to say hes leaving now another to reveal his next club.     #mufc #dickhead,eng,hasoc_en_5835,0,0,0,0,0,0,0,0,0,0,0,0
@TeeTweetsHere @CNN @MSNBC @mkraju @AliVelshi @jaketapper @NBCNews @CBSNews @ABC THANK YOU. And only stopped funding the dossier because Trump was projected to be the nominee. Even the conservatives didn't want him as President. #trump #steeldossier #gop,eng,hasoc_en_5836,1,0,0,0,0,0,0,0,0,0,0,1
@realDonaldTrump is Putin’s Puppet!   #TrumpsWorseThanNixon   #TrumpMustResign   #TrumpIsATraitor   #TrumpColludedWithRussia https://t.co/G6jtyzOICR,eng,hasoc_en_5840,0,0,0,0,0,0,0,0,0,0,0,0
Full of fools.. ICC @ICCMediaComms @ICC @cricketworldcup  #ShameOnICC,eng,hasoc_en_5841,0,0,0,0,0,0,0,0,0,0,0,0
@RepAdamSchiff I seem to remember a radio show that called you to offer dirt on President Trump. You sounded pretty eager for it. #douchebag,eng,hasoc_en_5844,1,0,0,0,0,0,0,0,0,0,0,1
@ICC All Eng matches are on dry pitches &amp,eng,hasoc_en_5845,0,0,0,0,0,0,0,0,0,0,0,0
It seems the Rain &amp,eng,hasoc_en_5846,0,0,0,0,0,0,0,0,0,0,0,0
#Muslim #Rapist Raped 28 #innocent #Girls in 12 Days    Some #Idiots Say That Muslims are Scared in #Country https://t.co/1nmkqNnZfh,eng,hasoc_en_5847,0,0,1,0,0,0,0,0,0,0,0,1
a recession issa comin' #maga #magamyass #fucktrump,eng,hasoc_en_5849,0,0,0,0,0,0,0,0,0,0,0,0
#DoctorsFightBack  Will 'The Mad n Irrational Dictator' Mamata Banerjee listen to Dr. Harsh Vardhan when she has not picked up telephone calls of Prime Minister and Governor of West Bengal? https://t.co/JOKE9gQeiS,eng,hasoc_en_5850,0,0,0,0,0,0,0,0,0,0,0,0
Could this be our new Prime Minister?     #RichWhiteManPrivilege     #DickHead https://t.co/soH326CMx8,eng,hasoc_en_5852,0,0,0,0,0,0,0,0,0,0,0,0
Esto es para ti indocumentado  https://t.co/8mQq3aa02q  @dejanirasilveir @EduardoJFloresF,spa,20929,0,0,0,0,0,0,0,0,0,0,0,0
@CameArrascae Cllate perra que deje la ventana del balcn del apto abierta jajajajaja me quiero matar,spa,22807,0,0,0,0,1,0,1,0,0,0,1,1
@A_Bermejo Han echo de puta madre en ensearte ahora vamos unos pocos a tomar algo jajajajaja,spa,24595,0,0,0,0,0,0,0,0,0,0,0,0
@realDonaldTrump recuerde seor presidente el xq ni arabes xq como payasos ponen su cara en mi familua y chinos xq ponen a un loco y un cinico assesino como mi mirada recuerde senor presidente el xq ni arabes ni chinos,spa,23092,0,0,0,0,0,0,0,0,0,0,0,0
heeeeeey gero  https://t.co/UFcgGli3th,spa,22129,0,0,0,0,0,0,0,0,0,0,0,0
si alguien tiene la imagen del pokemon ese bailando con el machupichu hoy no cobras tirititirititiritiirii que la ponga,spa,22436,0,0,0,0,0,0,0,0,0,0,0,0
@soyMelinna_2013 maldita tu eres puta o das el culo gratis o aceptas cesta ticket,spa,22197,0,0,0,0,0,0,0,0,0,0,0,0
@valecmn @mauroveneno24 Veridico. En la calle 'rica mi amor' y uno: 'que le pasa imbcil' el de nuevo: 'o zorra malparida'  #resentidos,spa,21814,0,0,0,0,1,0,0,0,0,0,1,1
@Alddo__ Cllate loca todo el ao fue al revs puta,spa,23464,0,0,0,0,0,0,0,0,0,0,0,0
@crisralar22 @ireneruedas_ @NataliaRuedas_ cllate y relaja la puta mandbula,spa,23090,0,0,0,0,0,0,0,0,0,0,0,0
JAJAJAJAAJAJAJAJAJAA CLLATE PENDEJA SHUACALE MUVALE PUTA https://t.co/29bEGqwAYO,spa,22209,0,0,0,0,0,0,0,0,0,0,0,0
No es machismo pero yo creo que las mujeres son inferiores que los hombres. Lo que hay que leer.,spa,20691,0,0,0,0,0,0,0,0,0,0,0,0
Buenas Tardes Pequeuelos Qu se cuenta por aqu? Yo an sin encontrar al Jeque rabe....as que laburando,spa,23389,0,0,0,0,0,0,0,0,0,0,0,0
Al menos si queres provocar a pibes con tu cuerpo QUE NO SE NOTE QUE QUERES MOSTRAR LAS TETAS LA PUTA QUE TE PARIO NDEAHRE,spa,21560,0,0,0,0,0,0,0,0,0,0,0,0
Porque sos tan puta me tenes cansada ya ojo de chivo estraviado  Cllate anda a buscar a nemo abajo de la cama chiva degollada https://t.co/P0uNirwYHk,spa,21501,0,0,0,0,0,0,0,0,0,0,0,0
Estos dos moromierdas son los que han matado a Adrien. R.I.P. https://t.co/WTJUSDeVwn,spa,20991,0,0,0,0,0,0,0,0,0,0,0,0
ACNUR mantiene la llamada internacional para ayudar a los refugiados sirios #Sociedad https://t.co/WfTasm1nEM,spa,20459,0,0,0,0,0,0,0,0,0,0,0,0
Currently reading https://t.co/aBtfL4OvM1 CUANDO VAYAN PERDIENDO EL MIEDO SE IRAN HACIENDO DUEOS DE LAS CALLES EN FORMA VIOLENTA,spa,20615,0,0,0,0,0,0,0,0,0,0,0,0
Es lo que se mereca la perra esa. https://t.co/fTgIlxbnRU,spa,21601,0,0,0,0,1,0,0,0,0,0,1,1
MEGA ARABE - PILODJ: https://t.co/Gur6ii38DM va @YouTube,spa,21825,0,0,0,0,0,0,0,0,0,0,0,0
@robertfelixrodz @agria_ @Mellowshyt Psss hoy vamos y como tu eres una puta te voy a regalar un trago,spa,22371,0,0,0,0,0,0,0,0,0,0,0,0
@MonederoJC Pero qu tontera!! A m me ensearon la del PSOE: todo era una puta mierda chavales hasta que lleg Felipe Gonzlez y lo arregl.,spa,22460,0,0,0,0,0,0,1,0,0,0,1,1
A una gera y una pelinegra  https://t.co/AK7jClo75T,spa,24591,0,0,0,0,0,0,0,0,0,0,0,0
@Lud_Army @TeamVChile @KCA_2018 @CNCOmusic @BTS_twt Mejor callate basura las mierdas como tu no deberian de existir perra tu y tu familia,spa,23421,0,0,0,0,1,0,0,0,0,1,1,1
Ana Rosa: -que es eso de karma?  -Eso es Carmen en catalan -ves como los catalufos tienen la culpa de todo!!!,spa,22931,0,0,0,0,0,0,1,0,0,0,1,1
@xLostSlave eso es preciosa disfruta de mi erecta polla~ ven conmigo y te ensear a disfrutar ms aun~,spa,23852,0,0,0,0,0,0,0,0,0,0,0,0
@raticorns @La_Malina callate puta. gracias,spa,21952,0,0,0,0,0,0,0,0,0,1,1,1
@TowandaRebels #arandina #pozoblando 2 nuevos casos de abuso sexual. Va a ser que estamos rodeadas de #manadas,spa,23371,0,0,0,0,0,0,0,0,0,0,0,0
Racista es voltear en el mercado cuando te dicen gera/gero y sabes que no lo eres,spa,23689,0,0,0,0,0,0,0,0,0,0,0,0
ya ke les arabes ki font ca???? https://t.co/zBIYq5TTRO,spa,22744,0,0,0,0,0,0,1,0,0,0,1,1
@Manaka_msyra @BrianD_Campbell callate zorra malnacida esta el armario empotrado tmb y tengo mil cosas ahi dentro,spa,23008,0,0,0,0,1,0,0,0,0,1,1,1
@NadiuReeb Vos callate zorra y devolveme la corona,spa,24584,0,0,0,0,1,0,0,0,0,1,1,1
@radiomitre Callate negra puta! ya te va a llegar el da que pagues por todo esto.,spa,22388,0,0,0,0,0,0,0,0,0,1,1,1
@AquiCorroVrgara Porque t eres ms perra todava.,spa,23761,0,0,0,0,1,0,0,0,0,0,1,1
@bencomo_sergio Puta madre coo cllate !,spa,21645,0,0,0,0,0,0,0,0,0,0,0,0
@Alvenef @LeaVieilletoile Cllate perra,spa,20623,0,0,0,0,1,0,0,0,0,0,1,1
Msdossary CAMPEN del Mundo de FIFA 2018. Stefano Pinna no pudo hacer nada ante el rabe. Resultado totalmente merecido. #FIFAeWorldCup,spa,20247,0,0,0,0,0,0,0,0,0,0,0,0
@5LauraRomo @CircaGh Soy una victima del acoso gay y nadie me defiende. Tu eres el responsable si me pasa algo.,spa,24979,0,0,0,1,0,0,0,0,0,0,0,1
Creo que los colegios que impartan el Islam debe de ser el mismo numero de co!egiosque en los pases rabes  imparten el cristianismo.Que no somos ms tontos porque no ensayamos https://t.co/u9PV1noorb,spa,23021,0,0,1,0,0,0,0,0,0,0,0,1
Gero nalgas prietas #BryanMouqueTrendy #CD9 #Coders #KCAMexico,spa,21221,0,0,0,0,0,0,0,0,0,0,0,0
@Emily_Guadiana1 @PPTeamKaren YA CALLATE PERRA PLIS,spa,22844,0,0,0,0,1,0,0,0,0,1,1,1
@manuel70m @elhijod50580766 Qu pas Manolo! Ya Dile al sudaca ese que mande unos kilos,spa,22541,0,0,0,0,0,0,0,0,0,0,0,0
Mi impresin de los gabachos es que el 90% nos quieren y solo el 1 % son una mierda. Lo dems que falta son putos mexicanos que se creen gringos.  el chiste se cuenta solo.,spa,24582,0,0,0,0,0,0,0,0,0,0,0,0
Tipico : si una chica no le cae otra chica es por que para la otra es una PUTA  pero solo por que no le cae bien,spa,22697,0,0,0,0,0,0,0,0,0,0,0,0
#parejainfelizSDP lq mujer es lesbiana puta,spa,23913,0,0,0,1,0,0,0,0,0,0,0,1
@LuciaV1llar Cllate zorra si vos ya tenes 20,spa,23472,0,0,0,0,1,0,0,0,0,0,1,1
A mi amigo le dijo PUTA pero l no deja de ensear el pito en Twitter!,spa,20551,0,0,0,0,0,0,0,0,0,0,0,0
Lo estaba retando a facundo y me grita 'sh puta callate'! Pendejo del orto me quiere hacer callar y siquiera le sale pronunciarlo bien!,spa,21622,0,0,0,0,0,0,0,0,0,1,1,1
Acoso sexual e intentos de violacin a masajistas en Espaa: 'Estoy harta de que me pidan un 'final feliz'' https://t.co/CkOOL2zwFI https://t.co/NoBqUZG9kZ,spa,23556,0,0,0,0,0,0,0,0,0,0,0,0
Pues el remake de Alf que parece que estn preparando tendra mucho sentido si la familia es hispana y sin papeles.,spa,21169,0,0,0,0,0,0,0,0,0,0,0,0
Perdn @CeciliaAF1  agregara para esto al sr pdte @sebastianpinera  Dar un telefono de DENUNCIA para inmigrantes indocumentados Gracias! https://t.co/DUAIZabS5O,spa,23060,0,0,0,0,0,0,0,0,0,0,0,0
Le tengo que ensear yo todo lpm... Un espadachin sin filo fue agarrar la puta madre ahre yo le voy a ensear la espada que y al caballo cual montar ahre https://t.co/ku0IWEKsOb,spa,21992,0,0,0,0,0,0,0,0,0,0,0,0
@ximenaputisima por puta y golfa eso te merecas y hasta mas,spa,24952,0,0,0,0,0,0,0,0,0,0,0,0
@ivanzarak eres un cinico mereces que te caiga un rayo para que te mueras rabiblanco hijo puta. Perra la madre que te pari.,spa,21756,0,0,0,0,1,0,0,0,0,0,1,1
Menos mal que el nclito Marlasca nos ha abierto los ojos !! @marianorajoy TIENE LA CULPA DE LA INVASIN DE NEGRATAS !! stos Psoepodemitas no tienen arreglo !!! @sanchezcastejon DIMISIN YA !!!!!!!!!!!!!,spa,21089,0,0,0,0,0,0,1,0,0,0,1,1
YA CLLATE MALDITA PERRA RIDCULA,spa,24766,0,0,0,0,1,0,0,0,0,0,1,1
@wikitetas_culos Movimiento SEMEN apoya esas tetas. Un RT para difundir la campaa!,spa,22681,0,0,0,0,0,0,0,0,0,0,0,0
@LOUlSPETERO 'La violaron por salir a la calle as NO VES QUE EST VESTIDA COMO UNA PUTA? es su culpa por provocar a los hombres',spa,21939,0,0,0,0,0,0,0,0,0,0,0,0
@TereGarciaOK CALLATE PUTA !!!!!!,spa,20939,0,0,0,0,0,0,1,0,0,1,1,1
@YooaRamirez Callate zorra y deja de cagarme los tw,spa,24967,0,0,0,0,1,0,0,0,0,1,1,1
Que alguien le diga a Eusebio que pongan a Janu a ensearle a diblar a Odriozola que no tiene ni puta idea.,spa,22629,0,0,0,0,0,0,0,0,0,0,0,0
Vos brasilero de mierda t mereces lo peor como podes burlarte del submarino hijo de puta.,spa,21472,0,0,0,0,0,0,0,0,0,0,0,0
Puro cuento este #oportunista #vendido al narco rgimen #SOS #DDHH #CRISISHUMANITARIA #Venezuela #InjerenciaHumanitariaYa #VenezuelaNoTieneTiempo #VenezuelaNoAguantaMas #FueraTirana #CARCEL al #DICTADOR #Genocida #Corrupto #INDOCUMENTADO y SUS #COMPLICES #JusticiaYa https://t.co/eoz8cO6nkH,spa,21421,0,0,0,0,0,0,0,0,0,0,0,0
ajsjsjdks mi mam me vino a ensear su delineador y yo que perra que perra que perra mi amiga y se ENOJ wtf gabriela es buen plan,spa,20316,0,0,0,0,1,0,0,0,0,0,1,1
@NitoSetroc @absurddheces Es perra. T eres homoanimal y ella lesbiana. No eres su tipo ni ella el tuyo...,spa,24305,0,0,0,1,1,0,0,0,0,0,0,1
@NunkMasKK CALLATE IMBCIL. LA GENTE MARCHA CONTRA EL GOBIERNO HIJO DE PUTA QUE TENEMOS,spa,24672,1,0,0,0,0,0,0,0,0,1,0,1
@rajas35 @SoyElMrPayaso Callate perrita... traes la polla dentro... te mueves y te duele mas. Perrita comodina,spa,23685,0,0,0,0,0,0,0,0,0,1,1,1
@BBlaze__ tu puta madre cllate ya joder,spa,23988,0,0,0,0,0,0,0,0,0,0,0,0
Norteamericanos indocumentados viven en Tijuana y trabajan en San Diego. https://t.co/qgtD06rHyG,spa,21515,0,0,0,0,0,0,0,0,0,0,0,0
@__wangpuppy Que voy yo y te pego con un pene en la cara cabrona,spa,20375,0,0,0,0,0,0,0,0,0,0,0,0
Las personas feministas solo se dedican a expandir mierda sobre la cara de los hombre y despues realmente lo que buscan es igualdad,spa,24127,0,0,0,1,0,0,0,0,0,0,0,1
Cllate maldita escoria! Acaso no sabes con quin hablas?! Hablas con Baron explodo kills el mejor hroe de U.A quien destrozara tu jodida cara de mierda! Har que te arrepientas y te metas tus asquerosas idioteces por el orto! https://t.co/lxQnHmqZfd,spa,20738,0,0,0,0,0,0,0,0,0,0,0,0
@gabii_Rp Mereces ser cartonero hijo de puta jaja,spa,23263,0,0,0,0,0,0,0,0,0,0,0,0
Estos son los que nos estn invadiendo y nosotros acogiendo como refugiados y regalandoles todos nuestros servicios sociales https://t.co/iRPOROgtwW,spa,20572,0,0,0,0,0,0,0,0,0,0,0,0
Salvamento Martimo y el Servicio Martimo de la Guardia Civil rescatan a 291 inmigrantes que viajaban a bordo de siete pateras - https://t.co/hiSSmVbqcb #motril #noticias https://t.co/sUXiPBT2q0,spa,24032,0,0,0,0,0,0,0,0,0,0,0,0
que estres con los arabes la puta madre,spa,23305,0,0,0,0,0,0,0,0,0,0,0,0
Acusaciones de acoso reviven caso de Trump y revelan epidemia: Tres de cada 4 mujeres son vctimas en todas las reas productivas: reporte https://t.co/TAoMfJhnae https://t.co/mTd6XUYO9c,spa,21450,1,0,0,0,0,0,0,0,0,0,0,1
@showproblemaC9 YO CREO KE LA MUJER ES UNA ALTA ZORRA....!!!!,spa,20842,0,0,0,1,1,0,1,0,0,0,0,1
pasaron rabe de @_eckoyg y explot todo en el xv jajajajaj,spa,21922,0,0,0,0,0,0,0,0,0,0,0,0
Por favor... http://t.co/NS6D55DTdu,spa,22849,0,0,0,0,0,0,0,0,0,0,0,0
@ddm_oficial #Bremer=Brancatelli sos un hijo de mil puta.... y cllate la boca se te nota lo peroncho,spa,20839,0,0,0,0,0,0,0,0,0,0,0,0
Otra verguenza que tenemos que soportar los espaoles de estos negratas manteros. https://t.co/mYSCN4tLyD,spa,24845,0,0,0,0,0,0,0,0,0,0,0,0
Malditos espaldas mojadas https://t.co/UVE6OEzpQY,spa,22725,0,0,0,0,0,0,0,0,0,0,0,0
@CandeCent Ute tranquila m amiga me oio? Si quers que no te joda la vida te quedas callada perra hijaeputa y psame el abon candesita! Cuale son tus cosquillas nene,spa,20343,0,0,0,0,1,0,0,0,0,0,1,1
@peachwall Aaaaayy CLLATE NSMSJS TE JURO QUE AN SIENTO QUE NO ES REAL NO MAMES QUE CLASE DE PUTA SUERTE ES ESTA ??,spa,21386,0,0,0,0,0,0,1,0,0,0,1,1
Se habla mucho del debate de anoche. Podra SEMEN algn da participar en la poltica? http://t.co/CAyIM7lw3X,spa,24428,0,0,0,0,0,0,0,0,0,0,0,0
@Guayabeirho @Uber_MEX tendra que ser responsable en el caso que se les acusa a sus choferes de violacin y acoso.,spa,20601,0,0,0,0,0,0,0,0,0,0,0,0
Pedimos a la ONU descolonizar el #SaharaOccidental! Ms de 200.000 #saharauis viven desde hace ms de 40 aos en campamentos de refugiados #ActualidadSaharaui https://t.co/eXvjtYZUvC,spa,21468,0,0,0,0,0,0,0,0,0,0,0,0
QUE ORGULLOSA ESTOY DE MI HERMANO LA PUTA MADREEEE Te mereces esto y mas @Panchi04  felicitaciones tambin @santicarlos421 unos genios,spa,22839,0,0,0,0,0,0,0,0,0,0,0,0
@JSark09 @guardiacivil @policia @interiorgob @_mariaps Mereces q te pase lo mismo zorra,spa,23289,0,0,0,0,1,0,0,0,0,0,1,1
@DVDFRRP @niluspc @sextaNoticias Imbcil dice!! Luego vais de educados y pacficos y sois autntica escoria....basura,spa,21338,0,0,0,0,1,0,1,0,0,0,1,1
@Ashton5SOS ASHTOB CALLATE ME ESTAS ASUSATANDO PUTA,spa,24668,0,0,0,0,0,0,0,0,0,1,1,1
@JulioBorges Tu tambin rata asquerosa vendido hijo de perra mereces otros coazos,spa,23696,0,0,0,0,1,1,0,0,0,0,1,1
Aborto de ardilla  Jaja callate aborto de perra sarnosa https://t.co/tHql0k8kpc,spa,21071,0,0,0,0,1,0,0,0,0,1,1,1
@nahimachoura @SanCadilla Ya cllate pinche perra.,spa,22343,0,0,0,0,1,0,0,0,0,0,1,1
Rusia ha confirmado que ha enviado a USA una oferta de #cooperacin para solucionar la crisis de #refugiados sirios y el desminado de las zonas recin despejadas de presencia #yihadista en la repblica rabe   https://t.co/qtnMETYxLN,spa,23356,0,0,0,0,0,0,0,0,0,0,0,0
Toy feliz porque me voy a comer 12 empanadas rabes viendo naruto,spa,23281,0,0,0,0,0,0,0,0,0,0,0,0
ya cllate puta ni eres oficial @exponatumachomx,spa,21192,0,0,0,0,0,0,0,0,0,0,0,0
Cuntas vidas son arruinadas por falsas acusaciones de violacin y acoso? El caso del estudiante de psicologa Liam Allan es slo uno de muchos errores judiciales. https://t.co/Nl64oUt1VO,spa,23549,0,0,0,0,0,0,0,0,0,0,0,0
te quiero hacer mi reina rabe bomboncitocaramel,spa,20039,0,0,0,0,0,0,0,0,0,0,0,0
Mayates nunca se acaben por favor,spa,23671,0,0,0,0,0,0,0,0,0,0,0,0
Racismo es a wevo quererse pintar de geras cuando estan prietas. U.u,spa,24842,0,0,0,0,0,0,0,0,0,0,0,0
YA CALLATE HIJO DE TU PUTA MADRE TENGO COSAS QUE HACER Y QUIERO DORMIRRRR PARA EVITARLAS,spa,22393,0,0,0,0,0,0,0,0,0,1,1,1
Cuando me visto de color blanco me veo ms gera. How? O sea... ???,spa,24511,0,1,0,0,0,0,1,0,0,0,0,1
Guyana recibir $30 mil de Unicef para atender a refugiados venezolanos -  https://t.co/QAT9EZivVWhttps://t.co/8JM5ezcITq,spa,20054,0,0,0,0,0,0,0,0,0,0,0,0
@CandeeLucero_ @MLauttaro Cllate puta,spa,20763,0,0,0,0,0,0,0,0,0,0,0,0
1. el desnudo siempre ha formado parte del arte 2. el arte es super relativo 3. callate la boca de una puta vez https://t.co/5eN1K4Sntq,spa,20114,0,0,0,0,0,0,0,0,0,1,1,1
@todonoticias Callate la puta que te pario hijo de puta si vos no arreglaste nada pelotudo,spa,23004,0,0,0,0,0,0,0,0,0,1,1,1
En que se parecen las mujeres a los semaforos. -que despues de las 12 nadie las respeta.,spa,24248,0,0,0,0,0,0,0,0,0,0,0,0
Y tu eres perra?,spa,20365,0,0,0,0,1,0,0,0,0,0,1,1
@kalipolis @OlabiagaOk FAV es acoso... RT es violacin (?),spa,23285,0,0,0,0,0,0,0,0,0,0,0,0
Nunca pens que un capitulo de Dr. House me iba a hacer llorar tanto  Amber eras una perra pero no merecas eso,spa,21810,0,0,0,0,1,0,0,0,0,0,1,1
@LaRetuerka @mivecinayyo @MonederoJC T eres un hijo de perra!!!,spa,24972,0,0,0,0,1,0,1,0,0,0,1,1
Que este ao sea bueno para quien se lo merezca y una puta mierda para el que no!,spa,22952,0,0,0,0,0,0,0,0,0,0,0,0
Qu ridculas la puta madre me da sarna leerlas,spa,21926,0,0,0,0,0,0,0,0,0,0,0,0
@IgnCaceres87 @andresocanacope @eldesmarque_rbb Llamar 'puta' a una mujer es algo ms que desafortunado pero all vosotros...,spa,21482,0,0,0,1,0,0,0,0,0,0,0,1
@Albert_Rivera @pablocasado_ parece que vuestro postureo en Ceuta parece que no ha colado  https://t.co/2hkW22TXNd,spa,21100,0,0,0,0,0,0,0,0,0,0,0,0
Me gusta machin mi pelo largo y gero,spa,20274,0,0,0,0,0,0,0,0,0,0,0,0
@CamSmith0 @living_randomly @JadeDaGemstone @abbn0rmal_ @ogIiIIy_ I call my best friend puta zorra cerda imbcil. True love.,spa,21355,0,0,0,0,1,0,0,0,0,0,1,1
@backsideval35 Jajajaja  yo s t eres esa perra  que termina mordiendo el santa,spa,23051,0,0,0,0,1,0,0,0,0,0,1,1
#RacismoEs cuando voy de shopping al tianguis y no me dicen Gero,spa,22418,0,0,0,0,0,0,0,0,0,0,0,0
El concurso internacional Premio Zayed que realiza el gobierno de Emiratos rabes premia los mejores proyectos e ideas sostenibles con millonarios recursos fomentando los conceptos de los ODS. Falta poco para inscribir los proyectos. https://t.co/eV5yEWWEW8 https://t.co/3uoKl27TjA,spa,23449,1,0,0,0,0,0,0,0,0,0,0,1
@Haryachyzaychyk Callate zorra y mama duro!,spa,20006,0,0,0,0,1,0,0,0,0,1,1,1
New video posted: brunoymaria Mi mujer es muy Puta y Folla con un Fetichista https://t.co/GOzQ0DPxYZ #fapza,spa,22804,0,0,0,1,0,0,0,0,0,0,0,1
@jabuffarini te mereces lo peor hijo de puta. Preparate para la rotura de ligamentos mala leche de mierda. Bostarini la concha de tu vieja. Nunca mas un dolo en mi vida son todos garcas.,spa,23301,0,0,0,0,0,0,0,0,0,0,0,0
No le quiero ensear a mi pap a usar whatsapp porque en su grupo de natacin hay mucha zorra suelta.,spa,22847,0,0,0,0,1,0,0,0,0,0,1,1
@SadracH Cllate conchetumare e insulta a la madre perra culi. Mamon culiao.,spa,24421,0,0,0,0,1,0,0,0,0,0,1,1
@perfilcom @CFKArgentina Esto te mereces hija de puta https://t.co/mcvYYHvJg8,spa,23806,0,0,0,0,0,0,0,0,0,0,0,0
Que enriquecimiento para Espaa..https://t.co/92GM5p7ZD9,spa,21529,0,0,0,0,0,0,0,0,0,0,0,0
@_E_Villalva Jajajajajajajajajajajajajjajajajajajaja cllate puta reventada. En 4 aos me recibo ahre yaki,spa,21178,0,0,0,0,0,0,0,0,0,0,0,0
@abersta No vayas provocando que luego desapareces y en Espejo Pblico dicen que te lo mereces por guarra,spa,23179,0,0,0,0,0,0,0,0,0,0,0,0
@CriSzis T eres puta bebas lo que bebas #SeamosHonestos,spa,21571,0,0,0,0,0,0,0,0,0,0,0,0
En ese listado deben estar de segundo los rabes y chinos que nos tienen jodidos. Vienen de sus pases con una mano delante y una atrs y consiguen prstamos gigantescos para sus negocios y para maltratar al venezolano. Ac en margarita se ve mucho esa vaina https://t.co/gHdYmtl68V,spa,20052,0,0,0,0,0,0,0,0,0,0,0,0
ESTA MUJER ES UNA VERDADERA PERRA......SERA QUE SE EMBRIAGA CON LA SANGRE QUE DERRAMA EL PUEBLO HUMIDE ARGENTINO? https://t.co/InR3jvSOYm,spa,21567,0,0,0,1,1,0,0,0,0,0,0,1
@Berenjeno_ Te mereces todos los regalos del mundo berenjeno feliz Navidad me cago en la puta,spa,20556,0,0,0,0,0,0,0,0,0,0,0,0
Guarra buscando a un abuelo por la ventana https://t.co/A21y8EVnUA https://t.co/emkE1Ub5JA,spa,22635,0,0,0,0,0,0,0,0,0,0,0,0
Ana se mereca una puta cancin para lucirse despus de como la ha dejado el jurado esta semana. Es que eso es una mierda #OtDirecto12D,spa,23110,0,0,0,0,0,0,0,0,0,0,0,0
Que es una Mujer embarazada de dos nenas y un varon? Un kit de limpieza con instrucciones.,spa,22038,0,0,0,1,0,0,0,0,0,0,0,1
Para vos gallina puta callate es idolo de todos Dieguito https://t.co/6vW74CJhzJ,spa,24708,0,0,0,0,0,0,0,0,0,1,1,1
#HaceMuchoQue no te callas,spa,24225,0,0,0,0,0,0,0,0,0,0,0,0
Claro que s: 'El feminismo ideolgico es un paso en el proceso de deconstruccin de la persona' http://t.co/lKwmK9MtuQ,spa,22902,0,0,0,1,0,0,0,0,0,0,0,1
No hace mas que confirmar que esta *inmigracion* no va a ser productiva y nos va a costar un pastizal. Gente sin preparacion alguna y con experiencia en violaciones y masacres. https://t.co/jAn6ClfFJQ,spa,20908,0,0,0,0,0,0,0,0,0,0,0,0
#xxx #gratis Vdeo porno de una chica rabe (9:21) rabes - https://t.co/asgfUqZcxR,spa,22923,0,0,0,0,0,0,0,0,0,0,0,0
@marca Cobarde primero la las y luego te escondes eres de lo ms bajo de la raza humana pero claro tu eres hijo puta catalerdo,spa,22856,0,0,0,0,0,0,0,0,0,0,0,0
Pablo Casado saludando a sus alumnos despus de la masterclass de cmo vivir sin papeles. https://t.co/CGtg8l1yyY,spa,23218,0,0,0,0,0,0,0,0,0,0,0,0
@JorgeTorres210 TALK TO ME IMBECIL? NO TE OYGO VIVO EN EL PARAISO SOY UN DIOS NO COMO TU PERRA SEDIENTA DE POLLA TE PEGO UN GUANTASO Y TE D,spa,23437,0,0,0,0,1,0,0,0,0,0,1,1
Las seoras artistas y drags van a ir vestidas de animalicos y cosas monis sin ensear polla ni chocho. Otra decepcin para las fantasas enfermizas del PP y Cs.,spa,21613,0,0,0,0,0,0,0,0,0,0,0,0
@AngieDeviluke Lo unico que te mereces por ser una puta barata jajaja,spa,21329,0,0,0,0,0,0,0,0,0,0,0,0
Me enamore de un mayate,spa,23809,0,0,0,0,0,0,0,0,0,0,0,0
@mariajoarga @Paugalindo Ay cllate perra.,spa,20126,0,0,0,0,1,0,0,0,0,0,1,1
De.la polvera sos loas hijo se puta mereces lo peor enano h de puta fracasado hace 16 q no festejas puto te colgas de esa copita gil come verga,spa,24063,0,0,0,0,0,0,0,0,0,0,0,0
@marita_hidalgo CALLATE VOS PUTA DE MIERDA,spa,21854,0,0,0,0,0,0,0,0,0,1,1,1
JODER ME CAGO EN LA PUTA QUE ROBO RAOUL SE LO MERECA JODER #OTGala8,spa,20107,0,0,0,0,0,0,0,0,0,0,0,0
@Dana__51 Que te calles puta parguela xd,spa,24501,0,0,0,0,0,0,0,0,0,0,0,0
@pixurraa de puta madre chaval notable se lo boy a ensear a mi madre,spa,23067,0,0,0,0,0,0,0,0,0,0,0,0
Hay que ser tonto para poner el tuit de la bomba con la foto del nio con la polla en la cara un mashup de baneos,spa,20565,0,0,0,0,0,0,1,0,0,0,1,1
@agaxiolag cllate puta! Aprende a hablar y blanqueate el hocico. #ExatlonMx,spa,20074,0,0,0,0,0,0,0,0,0,0,0,0
Estoy hasta la polla de aguantar a imbciles diariamente de verdad eh.,spa,23496,0,0,0,0,0,0,0,0,0,0,0,0
@JesusLM95 tuitwer es una erramienta q puede llegar a todo el mundo... Si pudisemos hacerles llegar al mundo rabe esa posibilidad de mostrarnos su cario por nuestra tierra como tanto dicen... Mediante la ayuda al club del CALIFATO.... PARA ELLOS 5 O 10 MILLONES NO SON NADA...,spa,21308,0,0,0,0,0,0,0,0,0,0,0,0
@elisacarrio Callate hija de puta gorda falopera,spa,20830,0,0,0,0,0,0,0,0,0,1,1,1
Refugiados na UNICAMP!!! https://t.co/XmNzRWenx4 via @YouTube,spa,20409,0,0,0,0,0,0,1,0,0,0,1,1
@Elaguijon_ Hoy toda esta escoria est callada me gustara orlos hablar #HDPasesinos,spa,20151,0,0,0,0,0,0,0,0,0,0,0,0
@erickorni0 Cllate perra. Jajaja Lera. No. An no se la parto. Digo la partimos.,spa,21630,0,0,0,0,1,0,0,0,0,0,1,1
Las organizaciones proponen un plan de reparto de los menores migrantes al resto de comunidades | Sociedad | Cadena SER  https://t.co/4QgbNYklpo  Este lunes se reunir la conferencia sectorial de inmigracin con todas las comunidades autnomas para... https://t.co/4QgbNYklpo,spa,23933,0,0,0,0,0,0,0,0,0,0,0,0
#¿NOMBRE?,spa,22557,0,0,0,0,0,0,0,0,0,0,0,0
Qu hacer para que a una mujer le brillen los ojos? Ponerle una linterna en la oreja. #SinCerebro #SinDerechos #SinPolla,spa,23430,0,0,0,1,0,0,0,0,0,0,0,1
@Viejastirpe 'Profe al final no te puedo ensear mi polla salterina pero te puedo mostrar un testiculo que grita.Aprubame anda',spa,20597,0,0,0,0,0,0,0,0,0,0,0,0
@ash_london mas odio asi ti aunque intentes ignorarlo hija de fruta te metiste con nuestro beb ahora jodete perra y deja tu hipocresa,spa,20780,0,0,0,0,1,0,0,0,0,0,1,1
S que no me conoces pero quera ensearte la clase de zorra que es tu novia,spa,20743,0,0,0,0,1,0,0,0,0,0,1,1
Escucharon arabe? quiero arrancar la gira ya y terminarla el en navidad,spa,23294,0,0,0,0,0,0,0,0,0,0,0,0
Mirar n buen trasero o un buen escote es acoso??,spa,21228,0,0,0,0,0,0,1,0,0,0,1,1
@joohexnlee // QUE NO TE PEGO UNA PEGATINA EN LA CARA NO MS,spa,21058,0,0,0,0,0,0,0,0,0,0,0,0
Os habis pasado dcadas llamando 'guarra' a Maribel Verd por ensear cacho. O a Victoria Abril. Tampoco vamos a pedirle peras al olmo.,spa,20786,0,0,0,0,0,0,0,0,0,0,0,0
@octavariumarg lo mereces maldito igo d perra,spa,24178,0,0,0,0,1,0,0,0,0,0,1,1
Hoxe meu abuelo vaime ensear a usar a escopeta e estou superemocionada  a mia nai non lle fai puta gracia pero me da iw,spa,22761,0,0,0,0,0,0,0,0,0,0,0,0
@Barbijaputa Lo de escoria tambin es digno de un orador,spa,21982,0,0,0,0,0,0,0,0,0,0,0,0
Qui habite a Cannes/Nice/Monaco,spa,22492,0,0,0,0,0,0,0,0,0,0,0,0
La diferencia entre comida mexicana y la comida rabe es que una te da diarrea y otra te de diarrea explosiva,spa,20353,0,0,0,0,0,0,0,0,0,0,0,0
La nica diferencia entre Donald Trump y Pablo Casado es que el primero considera al segundo un espalda mojada.,spa,22612,1,0,0,0,0,0,0,0,0,0,0,1
@MonDiari @Albiol_XG tu eres bazofia y escoria.,spa,22073,0,0,0,0,0,0,0,0,0,0,0,0
Mi playa favorita del verano... destino de una patera de inmigrantes subsaharianos que desembarcan a plena luz del da https://t.co/VIFN0F0Cxd,spa,24534,0,0,0,0,0,0,0,0,0,0,0,0
@alexiayebra1 Ya te dije si inspiro en tu cara zorra,spa,22658,0,0,0,0,1,0,0,0,0,0,1,1
Sarna con gusto...  #Inmigracin es GASTO #Inmigracin es DELINCUENCIA #Inmigracin es SARNA https://t.co/jpXvBtNkEa,spa,24264,0,0,0,0,0,0,0,0,0,0,0,0
alguien me puede avisar donde consigo un teclado en arabe-,spa,20072,0,0,0,0,0,0,0,0,0,0,0,0
@ulrikvc Callate puta en alemn,spa,22875,0,0,0,0,0,0,0,0,0,1,1,1
Estoy en una cena con viejos y estan JUSTIFICANDO LA VIOLACIN y diciendo que las minas se lo buscan. Que nefasto la puta madre,spa,21647,0,0,0,0,0,0,0,0,0,0,0,0
Que odio cuando estoy hablando con una persona y hay otra metiendo bocadillo. PERO CALLATE LA PUTA MADRE,spa,24027,0,0,0,0,0,0,0,0,0,1,1,1
- Te sabe a fanta? - El qu? - Mi polla en tu garganta.  claro y antes la metes en una naranja por qu no https://t.co/Z3WQ0uOnqH,spa,22316,0,0,0,0,0,0,0,0,0,0,0,0
Palestino indocumentado,spa,24974,0,0,0,0,0,0,0,0,0,0,0,0
DJATE DE WEBIAR ZORRA MAL PARIDA YO NO TE TIRO WEAS VKOOK EN LA CARA MARIA JAVIERA TE VOY A SACAR LA CTM https://t.co/ofEH8W3Gor,spa,22740,0,0,0,0,1,0,0,0,0,0,1,1
@perraysex Tu eres la puta ms puta con cualquier tanga....te uso el culo como depsito de semen,spa,21390,0,0,0,0,0,0,0,0,0,0,0,0
@salvameoficial Esto es lo que os merecis en la puta boca los de salvame? https://t.co/DbYLJIkwhz,spa,20806,0,0,0,0,0,0,0,0,0,0,0,0
Todos estan negados a ensearme a manejar hijos de puta ya los voy a atropellar tarde o temprano,spa,21153,0,0,0,0,0,0,0,0,0,0,0,0
hay que cortarle los huevos con un alicate a los que dicen que las mujeres denuncian acoso y violacin solo porque el tipo es feo.,spa,20662,0,0,0,0,0,0,0,0,0,0,0,0
@delockkke Cllate puta Katy Perri de los xiniyos (y nunca mejor dicho),spa,20176,0,0,0,0,0,0,0,0,0,0,0,0
@Albert_Rivera El gorrilla (aparcachoches) que es de toda la vida los multan y ahora viene un gorrilla subsahariano y no pasa nada,spa,20593,0,0,0,0,0,0,0,0,0,0,0,0
Esto es lo que la ONU/UNION EUROPEA/VATICANO/COMUNISTAS/SOCIALISTAS/PROGRES/NWO llevan de Africa a Europa... Un inmigrante nigeriano mata y descuartiza a una joven italiana de 18 aos. https://t.co/EaxYjwSsLt,spa,20334,0,0,0,0,0,0,0,0,0,0,0,0
Esta tarde estaba ensendole los funkos nuevos a @MadWonderlands con la vitrina abierta y mi perra se ha estampado contra la puerta de cristal,spa,23868,0,0,0,0,1,0,0,0,0,0,1,1
@Zurine3 Quienes han sacado esto no han comido un coo en su vida no? Porque no creo que el maquillaje tenga buen sabor,spa,21655,0,0,0,0,0,0,0,0,0,0,0,0
@conimora Callate puta te falta pico endulzado,spa,24368,0,0,0,0,0,0,0,0,0,1,1,1
Ver las series en ingles subtituladas al espaol esta bien Pero ver Daniel el Tigre en portuges subtitulado en arabe Ufffff eso es otra historia,spa,22853,0,0,0,0,0,0,0,0,0,0,0,0
Esto tambin es violacin y acoso aunque sea de una mujer a un hombre. De nada. https://t.co/HNqzUFpS13,spa,23404,0,0,0,1,0,0,0,0,0,0,0,1
@ERROR14501 @BIZARROMAN09 Callate perra y no,spa,21988,0,0,0,0,1,0,0,0,0,1,1,1
Geros https://t.co/ybCyPsEPv3,spa,21402,0,0,0,0,0,0,0,0,0,0,0,0
El acoso ciberntico y la violacin a la intimidad son faltas graves. #DENNCIALO,spa,24831,0,0,0,0,0,0,0,0,0,0,0,0
Aprovechando el aniversario vendrn las acusaciones de violacion y acoso. Veamos quien cae.  https://t.co/Bxf9V5kcMt,spa,20796,0,0,0,0,0,0,0,0,0,0,0,0
Se sale en modo arabe? Jajajaj,spa,20598,0,0,0,0,0,0,0,0,0,0,0,0
Como odio la gente impuntual la puta madreeee y tu chica es impuntual encima,spa,23296,0,0,0,0,0,0,0,0,0,0,0,0
Lena Dunham prepara una serie sobre feminismo para HBO' Afirman que se rodar integramente en una cocina. #NewCine http://t.co/xJcFGo61c4,spa,21108,0,0,0,1,0,0,0,0,0,0,0,1
Cada ao que pasa peor es la fiesta del inmigrante,spa,22323,0,0,0,0,0,0,0,0,0,0,0,0
Polica tramita en Algeciras 400 expedientes al da de inmigrantes indocumentados  Radio La Primersima (Comunicado de prensa)(blog) https://t.co/ubaetWIyNl,spa,22181,0,0,0,0,0,0,0,0,0,0,0,0
El sbado en modo rabe como dijo David,spa,21164,0,0,0,0,0,0,0,0,0,0,0,0
@TopisimaYo @PadreJosePalmar CALLATE perra murete de hambre !!!,spa,22470,0,0,0,0,1,0,1,0,0,1,1,1
Deben darle cadena perpetua a todos los inmigrantes que lleguen a delinquir en un pas donde le abren sus puertas. Y que paguen esa condena en ese pas. No se puede morder la mano de quien te da de comer...,spa,22752,0,0,0,0,0,0,0,0,0,0,0,0
#HoyLeDoyUnfollow a los Nazis Sudacas!!!,spa,24278,0,0,0,0,0,0,1,0,0,0,1,1
Una web islamica anima a los moromierdas a venir a Espaa a vivir de las ayudas pblicas. Esto es lo que consigue @sanchezcastejon y su efecto llamada. https://t.co/otWmEQbi8s,spa,21736,0,0,0,0,0,0,0,0,0,0,0,0
@ItzDebiddogg Callate puta madre https://t.co/YdLDEjvIFy,spa,24893,0,0,0,0,0,0,0,0,0,1,1,1
@Carmen567605931 @carmose2000 Para ti llamar a alguien hijo de albail es un insulto? T eres escoria.,spa,24251,0,0,0,0,0,0,0,0,0,0,0,0
Hasta la polla de no poder quedarme dormido por culpa de los mocos,spa,22346,0,0,0,0,0,0,0,0,0,0,0,0
La rompe arabe de papichamp y ecko,spa,21585,0,0,0,0,0,0,0,0,0,0,0,0
por qu Dios hizo a las mujeres con los pies ms pequeos? Para que puedan acercarse ms al fregadero.,spa,24544,0,0,0,0,0,0,0,0,0,0,0,0
@AdvyStyles Callate maldita zorra descerebrada puta come pollas chupa pollas insecto mierdata regenerada maldita hija de mil putas mierdas gay infierno caca espantoso cara podrida cabello de mierda maricona de mierda pedaso de puta estupido carajo mierda,spa,22579,0,0,0,1,1,0,0,0,0,1,0,1
Gracias al #MasterCasado hoy no hablaremos de #inmigracion ilegal ni de traiciones #independentistas ni de #terroristas que celebran su puesta en libertad 1000 aos antes de tiempo. Me voy a comer. Avsenme si hay algo interesante,spa,22666,0,0,0,0,0,0,0,0,0,0,0,0
@SamuSG_ pues comemela,spa,23397,0,0,0,0,0,0,0,0,0,0,0,0
Novia me hizo papas fritas esta mujer es todo lo que esta bien la puta madreeeeeeeeeee,spa,22815,0,0,0,1,0,0,0,0,0,0,0,1
@Horaxio55 Callate hijo de puta ojal tengas un hijo como yo,spa,24538,0,0,0,0,0,0,0,0,0,1,1,1
Funcionaria denuncia acoso y violacin en el Poder Judicial: 'Me violaron una docena de veces' - #AM1080 https://t.co/5N4L5I7KZH https://t.co/9ey5lGEz1r,spa,20873,0,0,0,0,0,0,0,0,0,0,0,0
Puta vi esta chica es un desastre AJAJJAJAJAJA https://t.co/kdgbEsAWCY,spa,23603,0,0,0,0,0,0,0,0,0,0,0,0
Quiero ir a sudaca slo a tomar fernet,spa,22908,0,0,0,0,0,0,0,0,0,0,0,0
Qu bueno que vives lejos por qu tengo ganas de pegarte en la cara por marik,spa,21689,0,0,0,0,0,0,0,0,0,0,0,0
Busca NL inversin de Emiratos rabes https://t.co/zwkuPG69ay,spa,21005,0,0,0,0,0,0,0,0,0,0,0,0
@lauty489 Merecias ser ahogado hijo de perra pero mildis,spa,20117,0,0,0,0,1,0,0,0,0,0,1,1
@Shariit_Rgueez @_Axxelo Cllate. T eres bien zorra.,spa,22734,0,0,0,0,1,0,0,0,0,0,1,1
@KilvettZ Cllate t vende patria hijo de tu maldita perra madre q te trajo al mundo.. te hubieras ido con todo y placenta al infierno,spa,23917,0,0,0,0,1,0,0,0,0,0,1,1
RACISMO ES QUE TE PREGUNTEN PORQUE ERES PRIETO SI TU MAM ES GERA.,spa,21038,0,0,0,0,0,0,0,0,0,0,0,0
@lortegadiaz Cllate perra que a ti te espera el mismo destino de maduro y cabello ahora se la tira de correcta porque no lo hicistes aqu corrupta de mierda,spa,24284,0,0,0,0,1,0,0,0,0,0,1,1
Me obligan a tragar polla y me mean en la cara  https://t.co/8SHYnivgXa,spa,20090,0,0,0,0,0,0,0,0,0,0,0,0
@pabloiria @focusings Pablo callate de una puta vez. Te has ganado otro strike.,spa,22442,0,0,0,0,0,0,0,0,0,1,1,1
ESTA MUJER ES LA MACANADA PERSONIFICADA PUTA MADRE! https://t.co/uO8VF5qLr3,spa,23139,0,0,0,1,0,0,0,0,0,0,0,1
Si leo una vez ms que Victoria Donda se mereca que la repriman por PUTA salgo a los tiros.,spa,21059,0,0,0,0,0,0,0,0,0,0,0,0
La que dijo me encargar de que tengas hijos de puta tranquila Dios te preparar tu sitio donde merecesaqui y ali,spa,22405,0,0,0,0,0,0,0,0,0,0,0,0
@angelic07790105 @Rubiu5 Callate puta fea https://t.co/PPPoBTGu9a,spa,23480,0,0,0,0,0,0,0,0,0,1,1,1
Mi cuado quiso tomar a la par de los otros y bueno aca esta hablado rabe JAJAJAJA,spa,20899,0,0,0,0,0,0,0,0,0,0,0,0
una chica dijo que no le gustaron los chistes sobre acoso y violacin en el video de Rubn y esto le contestaban algunos de sus fans https://t.co/F2SKl21D4B,spa,20201,0,0,0,0,0,0,0,0,0,0,0,0
@AndreiusArdilla Me flipa Me tienes que ensear a hacer pelo me cago en la puta JAJAJA,spa,22169,0,0,0,0,0,0,0,0,0,0,0,0
@_CandelaNievas Manga de pitos cortos hijos de puta les voy en ensear lo q es respeto puto de la patada en sus partes intimas que les voy a dar y mujeres ustedes tampoco se salvan conchas retobadas,spa,21844,0,0,0,0,0,0,0,0,0,0,0,0
Quiero pegarte pq ests bien imbcil y despus darte un besito.,spa,21168,0,0,0,0,0,0,0,0,0,0,0,0
@AlanGarciaPeru Los otros se venden. Ja. T eres la puta poltica mayor. Eres la Madame ! Vergenza ajena das. Pobres tus hijos. Habrn aprendido de tu cinismo?,spa,21004,0,0,0,0,0,0,0,0,0,0,0,0
Los sin papeles te roban el trabajo. https://t.co/OCAXJm4UH2,spa,22448,0,0,0,0,0,0,0,0,0,0,0,0
Vamos a ver si hay algn extremista de la mujer por aqui...,spa,23785,0,0,0,1,0,0,0,0,0,0,0,1
Me parece mal que veis cultura de violacin por ah y hasta os parezca gracioso que violen a mujeres. Soys escoria.,spa,22789,0,0,0,0,0,0,0,0,0,0,0,0
Por eso todos nos odian. Nos vamos a ganar una fama de choros as como los rabes de terroristas jhajasja t.t,spa,22094,0,0,0,0,0,0,0,0,0,0,0,0
@Absolute_Zero23 @IrantzuVarela @enlafronteratv Coo reseco vuelve a la carga. La reina del vaginesil.,spa,24723,0,0,0,0,0,0,0,0,0,0,0,0
El riesgo constante de acoso y violacin para las nias y adolescents migrantes y refugiadas se produce en toda su trayectoria por parte de agresores que incluyen proveedores de servicios y personas que deberan protegerlas. #ENDviolence #NiUnaMenos https://t.co/MkTJJwxG5H https://t.co/DOgYsdFjSf,spa,23904,0,0,0,0,0,0,0,0,0,0,0,0
@Ke_Me_Da_Igual Lo de mandar fotos de la polla es para provocar lstima?????jajaja!!,spa,24094,0,0,0,0,0,0,1,0,0,0,1,1
Pablo Echenique: La inmigracin mejora la economa y por lo tanto el estado de bienestar -  Correcto! l es inmigrante. SU economa ha mejorado y SU estado de bienestar tambin. https://t.co/DqqU6qxoWo,spa,24800,0,0,0,0,0,0,0,0,0,0,0,0
Que ganas de comerme unas empanadas rabes con mucho limnnnnnn. Por Dio,spa,22792,0,0,0,0,0,0,0,0,0,0,0,0
La mujer a su marido: -Llevamos 20 aos casado y nunca me has comprado nada +Es que vendes algo? #Afregar,spa,23269,0,0,0,1,0,0,0,0,0,0,0,1
No soy racista pero QUE ASCO DAN LOS PUTOS MOROS. COMO DEPENDIESE DE MI QUE ENTRASEN EN ESPAA LO LLEVABAN CLARO ESTOS IMPRESENTABLES GUARROS Y MAL OLIENTES,spa,21306,0,0,0,0,0,0,0,0,0,0,0,0
Esto es lo que he encontrado.   https://t.co/DWXDTLmP2j va @Confidencial Digital,spa,20733,0,0,0,0,0,0,0,0,0,0,0,0
COMO???? NO NO NO PUEDE SER QUE CARAJO NO MERECIA ESO QUE HIJO DE PUTA' la reaccion de mi tia con >>>las series Mi hermano con >>>sus videojuegos Y yo con >>>los libros Diferent place same feeling,spa,24020,0,0,0,0,0,0,1,0,0,0,1,1
Slo falta que diga que tiene un mster en derechos humanos.... Como esos que tiene su jefe... https://t.co/z53e5OK1rY,spa,23118,0,0,0,0,0,0,0,0,0,0,0,0
TANIA FECHA DE NACIMIENTO APROXIMADA: JULIO 2016 FECHA DE APERTURA DE LBUM: 05/01/2018 SEXO: HEMBRA PESO: 6'5 KILOS ALTURA A LA CRUZ: 31 CM POSITIVA EN LEISHMANIA 16/01/2018 PADRINOS: DAVID Y LIDIA  CARACTER:... https://t.co/4YXOnafNOk,spa,22150,0,0,0,0,0,0,0,0,0,0,0,0
@pnique @Pablo_Iglesias_ Callate de una puta vez gilipollas a ti que cojones te importa lafgate para tu pais y dejanos en paz a la puta calle,spa,23945,0,0,0,0,0,0,0,0,0,1,1,1
el indocumentado marica donde est? https://t.co/2lvCsBucAw,spa,22009,0,0,0,0,0,0,0,0,0,0,0,0
Como queda Arabe de Ecko.,spa,20990,0,0,0,0,0,0,0,0,0,0,0,0
Y tu eres perra ? Ladrame hau hau hau ... QUE PERRRRRRA MI AMIGAAAAAAAAAA,spa,24772,0,0,0,0,1,0,0,0,0,0,1,1
@natalia_mhg LLEGS A DECIR QUE ME VIOLE A ESE RBOL Y TE PEGO UNA PIA EN LA CARA QUE TE VA A DEJAR UNA MARCA DE MILANESA A LO BATMAN ahre,spa,22643,0,0,0,0,0,0,0,0,0,0,0,0
PUTA MIERDA COO. Se mereca quedarse Mireya coo. #OTGala7 pues nada Cepeda nominado otra vez.,spa,22954,0,0,0,0,0,0,0,0,0,0,0,0
esta muy generalizada la idea de puta por ensear el cuerpo en redes sociales cuando puta es ofrecer sexo a cambio de dinero y ensear el cuerpo porque se me da la gana se llama MUJER LIBRE Y SEGURA DE SI MISMA https://t.co/iywvOXw75I,spa,20448,0,0,0,1,0,0,0,0,0,0,0,1
@detailiant no mereces entrar a mi choza perra,spa,22347,0,0,0,0,1,0,0,0,0,0,1,1
Hey @Loli_Chichona: Tu nabo es una polla pequea y t eres un cornudo,spa,21625,0,0,0,0,0,0,0,0,0,0,0,0
@Ndemoniado @Zurine3 Que coo que vivan las putas libres,spa,23759,0,0,0,0,0,0,0,0,0,0,0,0
NINGUNA MUJER ES 'PUTA'  https://t.co/cV0CQM5RIg,spa,22396,0,0,0,1,0,0,0,0,0,0,0,1
@dsmolansky De verdad q tu eres tremendo MAM HUEVO HIJO E PUTA hipcrita q eres cmplice con fredy Guevara de todo esto apoyando este maldito gobierno cabrn,spa,23971,1,0,0,0,0,0,0,0,0,0,0,1
Extrao arabe extrao reggaeton extrao la murga extrao todo,spa,22138,0,0,0,0,0,0,0,0,0,0,0,0
@PabloAgustin @barbarammzz @MicaSuarez12 CLLATE...PERRA https://t.co/Qm6enxgxls,spa,22737,0,0,0,0,1,0,0,0,0,0,1,1
@lniestismoFCB Callate ya puta basura humana.,spa,23398,0,0,0,0,1,0,0,0,0,1,1,1
Las 'Supernenas' de Tnger: sin velo y con minifalda Tres jvenes marroques luchan contra el acoso sexual https://t.co/oBcJ4foDhE,spa,22195,0,0,0,0,0,0,0,0,0,0,0,0
@la_patilla Callate infeliz eres una perra de los cubanos,spa,24551,0,0,0,0,1,0,0,0,0,1,1,1
que estan haciendo los dos han enseado la polla en la cara y me la deje asi,spa,20941,0,0,0,0,0,0,0,0,0,0,0,0
Dentro de poco vamos a tener malaria por todos estos negros sudacas de Africa SUDACAS DE FRICAAAAAAAAAAAAAAA,spa,21593,0,0,0,0,0,0,0,0,0,0,0,0
@OwningCurtX13 @jamesvoltaire18 Jajajjaja callate hijo de puta nio de mami ese juego nosotros los latinos lo esperamos con ansias,spa,23366,0,0,0,0,0,0,0,0,0,1,1,1
Me tiene podrida.. los cuadernos los bolsos los jueces corruptos los K los justificadores seriales de cualquier mala maniobra del gobierno la idiosincrasia sudaca.,spa,21513,1,0,0,0,0,0,0,0,0,0,0,1
Putos moros y negros que vienen a invadir Espaa!!! https://t.co/01Ol8Te5cK,spa,22052,0,0,0,0,0,0,1,0,0,0,1,1
Snchez crea un mando nico para controlar las fronteras y la inmigracin ilegal  https://t.co/G9AcHPq1cM  Compartido desde tu tabln de Google,spa,23751,0,0,0,0,0,0,0,0,0,0,0,0
Solo me encanta provocarlo. ser su puta especial. ser su nia en sus piernas. ser tan dama cuando gime. ser tan esencial en su vida ser su seora mi seor. Natacha https://t.co/LGv12FGWaV,spa,24580,0,0,0,0,0,0,0,0,0,0,0,0
Arabe remix ya te siento,spa,24017,0,0,0,0,0,0,0,0,0,0,0,0
Alguien le puede ensear a superar a esa perra de mierda?,spa,22879,0,0,0,0,1,0,0,0,0,0,1,1
Si van a andar enseando culo en las redes sociales como lo puta que son al menos lvense las patas!!!  https://t.co/vjM9BktN87,spa,24197,0,0,0,0,0,0,1,0,0,0,1,1
putos moros tan en to,spa,23500,0,0,0,0,0,0,0,0,0,0,0,0
Voy a saltar la valla de Melilla en chndal con un Seat Ibiza tuneado.,spa,24934,0,0,0,0,0,0,0,0,0,0,0,0
De esto que ests escribiendo y te preguntas lo callada que est la perra. Miras hacia atrs y te encuentras esto. https://t.co/LkdwUVHgaJ,spa,20051,0,0,0,0,1,0,0,0,0,0,1,1
espero que los que votasen que mimi se fuese de la escuela tenga un 2018 de puta pena porque os lo merecis por este dolor que me creado sin warmi #otnavidad,spa,24230,0,0,0,0,0,0,0,0,0,0,0,0
@XENlOH @damtehh Callate sapo conchetumare ijo la perra,spa,23618,0,0,0,0,1,0,0,0,0,1,1,1
@Pepe_ElEzequiel Puta!? Puta con las que vos te metes Esa mujer es un ngel enviado por Jesucristo nuestro seor para darnos esa paz que buscamos slo con verla,spa,22416,0,0,0,1,0,0,0,0,0,0,0,1
Segundo dia y quierooo comer empanadas rabes sss la puta que los mierdaaaa,spa,21801,0,0,0,0,0,0,0,0,0,0,0,0
@PeyejitoStyle @Zeildoux y tu eres un hijo de la gran puta y tu novia una guarra jajaja,spa,23070,0,0,0,0,0,0,0,0,0,0,0,0
Los manteros subsaharianos corren a sillazos a la Polica https://t.co/OXY9ZhnW5y va @Periodistadigit,spa,22707,0,0,0,0,0,0,0,0,0,0,0,0
@Everfetts Cllate y respndeme perra,spa,20356,0,0,0,0,1,0,0,0,0,0,1,1
Ac es como que vas al club a tomar algo y si o si tenes que cruzar a sudaca para qu tal est,spa,20328,0,0,0,0,0,0,0,0,0,0,0,0
@_FernandaCaso No mereces mi amistadabputa perra olvidadora,spa,22312,0,0,0,0,1,0,0,0,0,0,1,1
@PrincipeVaron @_Brix__ @Re152005 @Barbijaputa @Yiyefly Coo que callados estis,spa,20071,0,0,0,0,0,0,0,0,0,0,0,0
pero callate puta no nos vemos hace meses y ahora que me voy me quers ver ME CAES MAL AGUSTINA https://t.co/PnQkCwktmY,spa,20164,0,0,0,0,0,0,0,0,0,1,1,1
Pegarte en la cara con un sartn > ver Friends. https://t.co/HGNu2v8g7C,spa,24046,0,0,0,0,0,0,0,0,0,0,0,0
@bblackbird_ @vntiat Tu eres ms tonto que un bocao en la polla chaval,spa,21407,0,0,0,0,0,0,0,0,0,0,0,0
Santos firm un decreto que permitir a 400 mil venezolanos indocumentados regularizar su situacin en el pas https://t.co/8B0FSOKn7M  #INTERNACIONALES,spa,20530,0,0,0,0,0,0,0,0,0,0,0,0
@_eckoyg papi saca otro tema como rabe o empiezo a los tiros 1er aviso,spa,22545,0,0,0,0,0,0,0,0,0,0,0,0
Rescatan a 61 indocumentados #Video https://t.co/FuduLWiOgO,spa,23083,0,0,0,0,0,0,0,0,0,0,0,0
Las voces de las mujeres son mi puta debilidad  ( Obvio que no cualquiera ),spa,21909,0,0,0,0,0,0,0,0,0,0,0,0
Para el tal uranium ese todo el puto sol en la cara voy a autodestruir la polla,spa,22495,0,0,0,0,0,0,0,0,0,0,0,0
#Suiza  retira el permiso a 189 refugiados que fueron de vacaciones a sus pases   https://t.co/CLtwIle75v va @abc_es,spa,24503,0,0,0,0,0,0,0,0,0,0,0,0
quiero ponerme un icon de dua pero no puedo elegir porque esa mujer es tan hermosa la puta que me pari,spa,24793,0,0,0,1,0,0,0,0,0,0,0,1
@xDeputyGrimes Pero si t eres la perra.,spa,24553,0,0,0,0,1,0,0,0,0,0,1,1
Os habis dado cuenta de que podrais pintarle una polla en la cara a un vampiro dormido y se pasara meses con ella?,spa,20287,0,0,0,0,0,0,0,0,0,0,0,0
me acuerdo cuando le dije en anon callate perra hijueputa JAJAJAJAJAJ,spa,24681,0,0,0,0,1,0,0,0,0,1,1,1
Me e marcado un gazpacho (gitano sevillano) que se bebe un vaso un subsahariano se vuelve a su tierra se pone a trabajar y levanta el solo el pais,spa,21012,0,1,0,0,0,0,0,0,0,0,0,1
Venezolanos echados de su propio pas por un cretino extranjero indocumentado ttere de Cuba... Que bolas... https://t.co/t9gXJFUpab,spa,24281,0,0,0,0,0,0,0,0,0,0,0,0
Que injusto... hijos de puta no merecais ni el empate xd @CDeportivoLugo,spa,20644,0,0,0,0,0,0,0,0,0,0,0,0
NO SE PORQUE NO EXISTE UN CONTROL FRONTERIZO CON COLOMBIA RADICAL TRANSENTES Y AUTOS TRANSPORTE DE TODO TIPO ADEMAS TODO COLOMBIANO INDOCUMENTADO DEPORTADO  BASTA CARAJO,spa,23864,0,0,0,0,0,0,0,0,0,0,0,0
@shachuasg @katyperry Cagado! La mujer es perra perra perra,spa,21804,0,0,0,1,1,0,0,0,0,0,0,1
Los que asaltaron la valla de Ceuta con lanza-Llamas y con cal viva   Tambin son victimas https://t.co/RQV4c6TkIQ,spa,20259,0,0,0,0,0,0,0,0,0,0,0,0
@DeluxeSabado @BelenEstebanM Y deja de gritar a las personas que te disentir la verdad en tu puta cara mara la piedra callate ya so puta,spa,23534,0,0,0,0,0,0,0,0,0,1,1,1
Hay una chica que grita como la puta madre CALLATE POR DIOS #CNCOConSG,spa,21332,0,0,0,0,0,0,0,0,0,1,1,1
Emiratos rabes Unidos crea un Ministerio de Inteligencia Artificial. Conoce cuales son sus planes de gestin aqu va @Baquia_com  https://t.co/xYx8d3SBBW https://t.co/eNjaLzOrdZ,spa,23333,0,0,0,0,0,0,0,0,0,0,0,0
@ArnaldoOtegi @osakidetzaEJGV Los vascos son de Puta madre SIEMPRE. Tu eres un hideputa.,spa,20794,0,0,0,0,0,0,0,0,0,0,0,0
Por eso seremos siempre unos subdesarrollados sudacas https://t.co/VrF83smKqq,spa,24297,0,0,0,0,0,0,0,0,0,0,0,0
rabe Unido - Arnett Gardens 3:0  Ms informacin: https://t.co/A9zC7YzTHL https://t.co/sA8dNZsZAg,spa,23360,0,0,0,0,0,0,0,0,0,0,0,0
@lopezdoriga Tu eres la puta del gobierno y del @PRI_Nacional y no soy bot...,spa,22650,1,0,0,0,0,0,0,0,0,0,0,1
Ya callate con tu puta aguila color azul pinche tabasquea fea >:( #ExatlonMx,spa,23840,0,0,0,0,0,0,0,0,0,1,1,1
un TEMAZO rabe,spa,22672,0,0,0,0,0,0,0,0,0,0,0,0
QU HACESSSSS COMO QUE VETE IMBECIL QUE TE PEGO,spa,22280,0,0,0,0,1,0,0,0,0,0,1,1
@mangelrogel Cllate puta etiqueta dejamos a nosotros los mortales y ve a jugar con tus nmeros...,spa,20426,0,0,0,0,0,0,0,0,0,0,0,0
@CeelMateos Cllate maldita perra.,spa,24071,0,0,0,0,1,0,0,0,0,0,1,1
@TeleShowTV @EdgarCamarasa Si era tan buena no estara preso por ABUSO ACOSO VIOLACIN A UN MENOR. Que pague para que aprenda el y sus seres queridos.,spa,22370,0,0,0,0,0,0,0,0,0,0,0,0
Quiero ser igual de dedicada que el gero,spa,24409,0,0,0,0,0,0,0,0,0,0,0,0
@pavoacuerda Aqui son acosadores porque les mandan un dm... las hara hablar con una victima de acoso o violacin a estas infradotadas para que dejen de hablar estupideces. Asco me dan como mujer.,spa,20332,0,0,0,1,0,0,0,0,0,0,0,1
@BeeluArzola Hija de re mil puta mereces un Tiro en la concha puta de mierda!!!!!,spa,23782,0,0,0,0,0,0,1,0,0,0,1,1
Cuando valen dice que esa chica es mas puta jajajaja almenos nos llevamos bien odiando a la misma persona,spa,24361,0,0,0,0,0,0,0,0,0,0,0,0
Siempre ser fan de los taquitos sudados del gero,spa,22337,0,0,0,0,0,0,0,0,0,0,0,0
Una guerra mundial por los inmigrantes lol  Les sacaba los ojos. Mi madre se ha juntado con dos seores mayores y sueltan cada perla...,spa,23523,0,0,0,0,0,0,0,0,0,0,0,0
@voguedoblas Cllate puta que eres mas importante para mi de lo que crees >:(,spa,24290,0,0,0,0,0,0,0,0,0,0,0,0
@sarahernandezp Que te calles quejica hostia puta si mola,spa,23579,0,0,0,0,0,0,0,0,0,0,0,0
SI YO MANDARA EN ESPAA AQUI NO ENTRABA NI CRISTO SIN PAPELES QUE SE VALLA A SU PAIS https://t.co/DM40KLgEHA,spa,24272,0,0,0,0,0,0,0,0,0,0,0,0
Hoy los tuve que soportar a mi viejo y a mi vieja justificar el acoso callejero porque segn ellos 'se lo buscan al vestirse as'. Vergenza me dan,spa,20582,0,0,0,0,0,0,0,0,0,0,0,0
feliz cumpleaos franchute moracrema  @thesinnner1,spa,20294,0,0,0,0,0,0,0,0,0,0,0,0
Horrible el tema arabe.,spa,20505,0,0,0,0,0,0,0,0,0,0,0,0
inventarse espas de amlo para montarte todo un show de acoso y persecusin q acaba de guardanalgas por los celos de un afiliado blandengue mocho es pretexto p pedir a la sectayunquera o al partido,spa,20503,1,0,0,0,0,0,0,0,0,0,0,1
porque me llev una hostia por su parte y nos dio la risa floja despus,spa,20853,0,0,0,0,0,0,0,0,0,0,0,0
@stevendidierh @CandeeCarranza Callate que estamos de la panza por tu puta amarena,spa,23250,0,0,0,0,0,0,0,0,0,1,1,1
@yaniimansilla14 No seas puta y deja de ensearle eso a la chica,spa,22624,0,0,0,0,0,0,0,0,0,0,0,0
la cagada a palos se la mereca' en q cabeza cabe hija de re mil puta https://t.co/ToUeBLCbTc,spa,22996,0,0,0,0,0,0,0,0,0,0,0,0
@manuelburque Ojal encontrarmelo por la calle y darle un puetazo en la cara con mi puo de maricn. Que asco de escoria.,spa,23266,0,0,0,0,0,0,0,0,0,0,0,0
@julihavas @miabreaur callate puta gorriada,spa,24753,0,0,0,0,0,0,0,0,0,1,1,1
@BeeluArzola Mereces Lo Peor Hija De Mil Puta! Ojal Nunca Ms Vuelvas Ah Ver Ah Ts Hijas Basura..,spa,20961,0,0,0,0,1,0,0,0,0,0,1,1
@AgusManzanares En tu cara zorra,spa,23256,0,0,0,0,1,0,0,0,0,0,1,1
El personaje de Corbin es sencillamente ensear el titulo que le han regalado y no esta haciendo una puta mierda con el a el primero que pase. Y no es broma. #WWEClash,spa,24832,0,0,0,0,0,0,0,0,0,0,0,0
SI SOLO ME DESPERTARON PARA PROVOCARME UN PUTO ATAQUE DE ANSIEDAD MEJOR ME HUBIERAN ASFIXIADO CON LA PUTA ALMOHADA,spa,20485,0,0,0,0,0,0,0,0,0,0,0,0
Tendran que pegarte a ti la paliza y que te calles de una puta vez para siempre https://t.co/zncjv32WFn,spa,23470,0,0,0,0,0,0,0,0,0,0,0,0
Hola soy TraedRuffles tu novia es una puta me acabo de pasar el Tekken con Casemiro redme las gracias por favor,spa,20271,0,0,0,0,0,0,0,0,0,0,0,0
Me ha gustado un vdeo de @YouTube (https://t.co/ciShALtJBr - Por qu tanta inmigracion hacia Chile?).,spa,20960,0,0,0,0,0,0,0,0,0,0,0,0
Todo Hollywood denunciando acoso y abuso y violacin bla bla,spa,24480,0,0,0,0,0,0,0,0,0,0,0,0
No te mereces que te coman el coo peor que yo  Qu os pasa en la puta cabeza para escribirle a alguien estas cosas? Pregunto https://t.co/R7zDdKTtqj,spa,22214,0,0,0,0,0,0,0,0,0,0,0,0
@anaisbernal Merecan que se le cortase la polla a l y al juez que dict su inocencia ...y los abogados que asumieron su defensa al horno con sus huevos el la boca,spa,20480,0,0,0,0,0,0,0,0,0,0,0,0
le dije a mi mam que extraaba a un pibito y me tir los pelos jajajajajajajjaja enseandome como en los viejos tiempos perra,spa,21043,0,0,0,0,1,0,0,0,0,0,1,1
@IrantzuVarela A mi lo que digas t me importa una puta mierda la verdad.,spa,24919,0,0,0,0,0,0,0,0,0,0,0,0
Rata gera piloteando terreneando,spa,22611,0,0,0,0,0,1,0,0,0,0,1,1
@JuanitoSay Pero cllate hijo de puta debe de paliar ms que vos el,spa,20325,0,0,0,0,0,0,0,0,0,0,0,0
y t eres mayorcita para meterte en tu puta vida y no insultar a la gente que come lo que les sale de la punta del nabo (vegano) https://t.co/ipAAuAEoaN,spa,24139,0,0,0,0,0,0,0,0,0,0,0,0
Me gust un video de @YouTube https://t.co/ArUxnxbuNM INMIGRANTES - Muxaxitos - (album) Maquinas de Amor,spa,23803,0,0,0,0,0,0,0,0,0,0,0,0
@ArabelMarcelo Callate hijo de mil puta anda a la plaza a hacer quilombo raro que no estas ahi con todos tus amiguitos,spa,21537,0,0,0,0,0,0,0,0,0,1,1,1
@LeticiaDolera Pues una puta mierda,spa,20544,0,0,0,0,0,0,0,0,0,0,0,0
#PartyChilensisFtAoNuevo cllate perra qlia,spa,24796,0,0,0,0,1,0,0,0,0,0,1,1
Querido amig@ Godinez hoy se vale que tu caf lleve piquete de vodka. Chingale te lo mereces! Ningn jefe en su perra vida,spa,21047,0,0,0,0,1,0,0,0,0,0,1,1
Grande-Marlaska acusa al Gobierno de Rajoy de la crisis migratoria en Espaa via @El_Plural https://t.co/ts6R8DqYWW El Tribunal de Estrasburgo consider que Espaa haba vulnerado el Convenio Europeo de Derechos Humanos al devolver a Marruecos a dos inmigrantes subsaharianos...,spa,21877,1,0,0,0,0,0,0,0,0,0,0,1
@camilaarbonaa8 Por acoso y violacin a la intimidad,spa,23990,0,0,0,0,0,0,0,0,0,0,0,0
Que lindo es poder escuchar msica rabe con alguien que tambin le gusta,spa,20263,0,0,0,0,0,0,0,0,0,0,0,0
@carmeladp07 POR FAVOR NO PROMETAS ESO  t eres perra diva,spa,21819,0,0,0,0,1,0,0,0,0,0,1,1
Me gust un video de @YouTube https://t.co/DpEIX29Xev Cuando se funde la cultura arabe y la gitana flamenco 2017,spa,24148,0,0,0,0,0,0,0,0,0,0,0,0
@xMarteen @apmc312 Callate la perra boca que ya no lo toy,spa,22519,0,0,0,0,1,0,0,0,0,1,1,1
Saltan la valla al grito de racistas. (video) https://t.co/yTZ2ajQb4M https://t.co/S6UrsjjuGY,spa,20685,0,0,0,0,0,0,0,0,0,0,0,0
@pajaritaUNO Que rica panochota de Puta perra hambrienta lastima que estamos lejos yo te aria mi Puta te usara como te mereces,spa,24778,0,0,0,0,1,0,0,0,0,0,1,1
@elrod_g @jonawoodz35 Jajajajajajajajajajajaajaj mike cb yo te amo cc tu eres una puta comida cb sabe que nos debe una comidita,spa,24651,0,0,0,0,0,0,0,0,0,0,0,0
@sandrita_ank @Uber_Chile Hijo de puta. Se mereca una pateadura.,spa,22007,0,0,0,0,0,0,0,0,0,0,0,0
Que hace una mujer en una habitacin redonda? - Buscarle las esquinas,spa,22345,0,0,0,1,0,0,0,0,0,0,0,1
Gracias a dios mis papas me ensearon hablar bastante bien y no ando por la calle gritandome puta con 'amigas',spa,21319,0,0,0,0,0,0,0,0,0,0,0,0
@IrinaaRamirez Pero eso ya se empezo a notar amiga no habia que hacerlo saber jajajajajaja callate zorra,spa,21786,0,0,0,0,1,0,0,0,0,1,1,1
@braviela Gera de mi  Hoy es el cumple de @mayito_bereli  Le puedes regalar una felicitacin  la haras muy feliz,spa,23052,0,0,0,0,0,0,0,0,0,0,0,0
Eres una perra pattica. Tu coo apesta y tu cabeza es wack. Ests enojado porque le diste la cabeza y te dej perra,spa,22392,0,0,0,0,1,0,0,0,0,0,1,1
Quin les dijo qu una mujer es puta por tener una vida sexual activa? En qu pinche siglo viven?,spa,21993,0,0,0,1,0,0,0,0,0,0,0,1
@anaisbernal @elperiodico Sin lugar a dudas a ti por analizar de forma tan exquisita realidades que no todos logran ver.,spa,22091,0,0,0,0,0,0,0,0,0,0,0,0
Grillo de mierda son las 3 de la maana callate la puta madre hace casi 24 hs que no duermo hdrmp!,spa,23776,0,0,0,0,0,0,0,0,0,1,1,1
@camifernandez86 Callate soy lo mejor que te paso en tu puta vida,spa,23422,0,0,0,0,0,0,0,0,0,1,1,1
yo: hol- todas vosotras: blanca puta gilipollas hueles mal vaya pozos tu bias es hy*kjae eres una rata sucia callate ya,spa,20408,0,0,0,0,0,1,0,0,0,1,1,1
@MrDashGD Que se te pegue mi polla en tu culo avers,spa,22444,0,0,0,0,0,0,0,0,0,0,0,0
La pelea entre mujeres son tan ???? cllate puta que tienes extensiones cllate t maldita perra que t broceado es ms falso que t,spa,23939,0,0,0,0,1,0,1,0,0,0,1,1
@granainosnovat1 Una boca as con una polla as da gusto verlo...... y ese escote que se ve por ah abajo habis conseguido poner algo duro esta tarde tambin!,spa,23678,0,0,0,0,0,0,0,0,0,0,0,0
Cuando un to te pide una foto guarra y tus amigas te aconsejan que le enves una caca y se meten a google a buscar la caca ms realista @maaariams_13 #nopuedoreirms,spa,20681,0,0,0,0,0,0,0,0,0,0,0,0
Ac en el patio no queremos refugiados,spa,23683,0,0,0,0,0,0,0,0,0,0,0,0
CHILE UNIDOS NO MAS INMIGRANTES BASTA @biobio @sebastianpinera https://t.co/GYQiRrSr5U,spa,21349,0,0,0,0,0,0,0,0,0,0,0,0
Cuatro bomberos en EEUU suspendidos por acoso homofbico y tentativa de violacin a un recluta https://t.co/7VrzGkPp5q va @MenMagazineGay,spa,23793,0,0,0,0,0,0,0,0,0,0,0,0
siempre hay de weras a geras,spa,21805,0,0,0,0,0,0,0,0,0,0,0,0
@_raindancer2 TU ERES LA AMIGA QUE SE METE LAS POLLAS DOBLS POR EL COO ZORRA,spa,24858,0,0,0,0,1,0,0,0,0,0,1,1
DEJUS CENTER apoya a los inmigrantes a travs de talleres educativos y asesoramiento en Brentwood y Hempstead https://t.co/HJcZDnPebg,spa,21423,0,0,0,0,0,0,0,0,0,0,0,0
NUESTROS POBRES PRIMERO!! DEMAGOGIA CONTRA LA #INMIGRACIN no te dejesengaar! https://t.co/Az7MY2mPpm https://t.co/MlVVNrU7HK,spa,20777,0,0,0,0,0,0,1,0,0,0,1,1
El asesinato se hace en nombre del Antifascismo. Imbeciles como t @CristinaSegui_ hacen que esta escoria crezca. https://t.co/OyzI8cYc0C,spa,20209,0,0,0,0,0,0,0,0,0,0,0,0
Me perturba que #Jinyoung no tenga foto de perfil en IG. Es como si estuviese indocumentado en las redes sociales. A ver si activas una foto de perfil wacho!   #GOT7 # #EyesOnYou #GOT7WorldTour @GOT7Official,spa,21460,0,0,0,0,0,0,0,0,0,0,0,0
@bangtancitos si pero callate zorra,spa,22462,0,0,0,0,1,0,0,0,0,1,1,1
TE MERECES QUE SE TE QUEME LA MILANESA Y TODO LO MALO DEL MUNDO. Una puta temporada me faltaba U N A S O L A https://t.co/erOF235vpq,spa,20860,0,0,0,0,0,0,0,0,0,0,0,0
@Vadushi @Phantanium_ cllate zorra estupida y no te metas en mis zorreos,spa,20619,0,0,0,0,1,0,0,0,0,0,1,1
@mignonescabio zorra hija de puta no mereces bibir!,spa,22056,0,0,0,0,1,0,0,0,0,0,1,1
Por que las mujers fingen cuando hacen el amor? Por que se creen q nos importa.,spa,21037,0,0,0,0,0,0,0,0,0,0,0,0
Status : silenciando rabes,spa,22144,0,0,0,0,0,0,0,0,0,0,0,0
@luciia1906 @iFerryUHC callate perra malparida >:v ok no,spa,20797,0,0,0,0,1,0,0,0,0,1,1,1
Mis padres tienen 30 aos de casados y 4 hijos y yo ni siquiera puedo ensearle a mi perra que haga del bao en un slo lugar.,spa,24455,0,0,0,0,1,0,0,0,0,0,1,1
@JuliGts96 @elperiodico @jordievole Pues comemela,spa,21969,0,0,0,0,0,0,0,0,0,0,0,0
@ANC_Bombers @Orlik_Cat @JordiGraupera La imbecilidad de los imbeciles. Que pretenden esta escoria de irracionales. Desde el rey. Historicamente lo sabemos como mermados por endogamia de hibridos de anunankis. Pero el gobierno de mediocres y fanaticos que,spa,23072,1,0,0,0,0,0,0,0,0,0,0,1
Cul es la cosa ms inteligente que ha salido de la boca de una mujer? La polla de Einstein.,spa,24519,0,0,0,1,0,0,0,0,0,0,0,1
Gero de mi vida  https://t.co/QlW2h23Wni,spa,22648,0,0,0,0,0,0,0,0,0,0,0,0
La puta madre el amor que siento por mi novia es increible seguro me muero de diabetes https://t.co/VOifSlTOyF,spa,20380,0,0,0,0,0,0,0,0,0,0,0,0
@Sonia_Cameselle Esta mujer es una perra.,spa,23609,0,0,0,1,1,0,0,0,0,0,0,1
@Droidcraft_YT @CriistianDraw @httpsJoao_ @La_Avionetah callate hijo de tu puta madre,spa,21267,0,0,0,0,0,0,0,0,0,1,1,1
Lugares indocumentados EE.UU corren riesgo ser arrestados https://t.co/4KrT6n6TqI https://t.co/2LbhPisVrB,spa,20542,0,0,0,0,0,0,0,0,0,0,0,0
yo - me pic un animal wey. mi hermana - te lo mereces por zorra.,spa,20469,0,0,0,0,1,1,0,0,0,0,1,1
@aurelionuno @lopezobrador_ @JoseAMeadeK Cllate hijo de puta no sabes ler para empezar pendejo de miarda,spa,24447,0,0,0,0,0,0,0,0,0,0,0,0
@AyleenDuarte Callate vos que me mandaste al frente zorra jajajajajajajja,spa,22023,0,0,0,0,1,0,0,0,0,1,1,1
Que se lo lleven a 10000  Km de la valla de Ceuta https://t.co/gOGwlGeisq,spa,24504,0,0,0,0,0,0,0,0,0,0,0,0
@Cr7Fran4ever y le puso la polla en la cara al camp nou en el supercopa,spa,24007,0,0,0,0,0,0,0,0,0,0,0,0
Mueren 11 inmigrantes en Italia en accidente de camin con trabajadores agrcolas - https://t.co/UEmuxExgid https://t.co/OEPT93Q5S6,spa,21042,0,0,0,0,0,0,0,0,0,0,0,0
@_omarm58 Callate Perra. Toda con el nopal en la frente,spa,21439,0,0,0,0,1,0,0,0,0,1,1,1
@laLauusrobles Tu eres zorra amiga jajajajajajajaja,spa,20185,0,0,0,0,1,0,0,0,0,0,1,1
Que difcil decisin quedarme con mi cabello gero o cambiarlo,spa,22395,0,0,0,0,0,0,0,0,0,0,0,0
@sebastianpinera Que har ahora. Tendremos que fondearnos en nuestros hogares mientras estos inmigrantes protestan?. Bien malena su gobierno seor. Cuando llegue su aprobacin al 1% propondr donarlo a la iglesia. https://t.co/9101p3NRDF,spa,24747,1,0,0,0,0,0,0,0,0,0,0,1
@RJHG17 Ya sali este hijo de puta jala bola cllate mejor y anda a decir eso en la vega a ver cagon mamaguevo rodilla en tierra y sigue mamando putoo,spa,21609,0,0,0,0,0,0,0,0,0,0,0,0
Me preguntaron por qu mi perro tiene collar rosado y mi perra uno verde. 'No ser al revs?'. No amis porfa callate.,spa,24731,0,0,0,0,1,0,0,0,0,1,1,1
tengo a un chamo demasiado lindo al lado en Londres y de frente al sugar daddy rabe que necesito. it's just 10 hours you can make it.,spa,21791,0,0,0,0,0,0,0,0,0,0,0,0
Siento que mi gera @_elan_ vino a rompernos el estereotipo de la ta que se la pasa cuidando a sus chingos de plantas en su casa y a sus gatos.,spa,21304,0,0,0,0,0,0,0,0,0,0,0,0
Los que apoyan las polticas del Presidente Trump en contra de los inmigrantes y su buen trato hacia Puerto Rico tambin debern rendir cuentas. https://t.co/JNIAGy3xqm,spa,22729,1,0,0,0,0,0,0,0,0,0,0,1
@Will_SFC1912 @Arielitoedlp @EdelpOficial Cllate brazuca hijo de re mil puta !!!,spa,22478,0,0,0,0,0,0,1,0,0,0,1,1
... todos los trabajadores inmigrantes en #Qatar reportaron recibir pagas menores a las prometidas y pagaron cuotas para poder trabajar ah. Sus pasaportes fueron confiscados por el empleador a su llegada a #Qatar #FightRacism #StandUp4HumanRights #Qatar #UN #Spain https://t.co/SLfZ68QDnB,spa,21705,0,0,0,0,0,0,0,0,0,0,0,0
@ignaciodover comemela hso y si cojemos ahi nomas no pasa nada ahre,spa,20203,0,0,0,0,0,0,0,0,0,0,0,0
Palestinos denuncian presin de EE.UU. contra refugiados https://t.co/HOW8rhwvQt https://t.co/Ph2T7Z02dl,spa,23958,0,0,0,0,0,0,0,0,0,0,0,0
@Maridolvers Perra te lo merecas!,spa,21666,0,0,0,0,1,0,0,0,0,0,1,1
mi novia es ms puta que la tuya,spa,20905,0,0,0,0,0,0,0,0,0,0,0,0
Fracas Donald Trump en la reunificacin de nios migrantes indocumentados https://t.co/LRtJpS6dOH https://t.co/uOnEmXQLD3,spa,23314,1,0,0,0,0,0,0,0,0,0,0,1
Yo solo estoy esperando el momento en el que dj Alex suba el remix  Arabe de Ecko y Papichamp,spa,24605,0,0,0,0,0,0,0,0,0,0,0,0
@TroyanovichD callate hijo de puta q vos te diste cuenta hace 5 meses mximo,spa,21029,0,0,0,0,0,0,0,0,0,1,1,1
Ulalala...Soy Arabe viernes de futbol en familia. #EstoyEnLasGradas https://t.co/XQjKGXeq3B,spa,24642,0,0,0,0,0,0,0,0,0,0,0,0
La Opinin: Por qu la industria agrcola no defiende a los trabajadores indocumentados que tanto depende?. https://t.co/LQvTszqbzz  a travs de @GoogleNews,spa,21099,0,0,0,0,0,0,0,0,0,0,0,0
yo creoque mereces un castigo por zorra no? *con el cigarro en la mano*(md) https://t.co/yH1uBFPbFl,spa,24878,0,0,0,0,1,0,0,0,0,0,1,1
Cuando te dicen que tu mujer es una perra!! https://t.co/dugyoVKqM3,spa,24068,0,0,0,1,1,0,1,0,0,0,0,1
Pero si son rabes chaval si ven a sus padres degollar animales to los dias https://t.co/AKojdh8TEt,spa,20444,0,0,0,0,0,0,0,0,0,0,0,0
@pedrons97 Jajajaj si we tu eres bien perra chismosa,spa,22490,0,0,0,0,1,0,0,0,0,0,1,1
Rescatan a un indocumentado a punto de morir en el desierto https://t.co/YdPpC7pGuN,spa,20476,0,0,0,0,0,0,1,0,0,0,1,1
Brigada humanitaria lleva agua a inmigrantes que cruzan desierto https://t.co/JFm9rAZZPl,spa,20216,0,0,0,0,0,0,0,0,0,0,0,0
@pauliboggino @soyunaforra cllate perra de mierda culona,spa,20083,0,0,0,0,1,0,0,0,0,0,1,1
Do you want a dessert? T quieres un desierto? Para los rabes que no sepan ingls,spa,23106,0,0,0,0,0,0,0,0,0,0,0,0
Pobre nio jess... porque si le llevan lo que tu eres le va a caer tremendo comunista hijo de puta encima! desde venezuela con cario... argentino sinvergenza https://t.co/se8FdeYwKq,spa,21189,0,0,0,0,0,0,0,0,0,0,0,0
oh empanada arabe llegaste a mi vida volando,spa,21878,0,0,0,0,0,0,0,0,0,0,0,0
Por que no se mueren manga de boludos. Acoso es acoso aca y en tu culo chau https://t.co/RnvqHQ59zE,spa,21091,0,0,0,0,0,0,0,0,0,0,0,0
Somos yo y mi gero  https://t.co/pXM1lN9xiK,spa,23348,0,0,0,0,0,0,0,0,0,0,0,0
Ay que me pongo Arabe,spa,24385,0,0,0,0,0,0,0,0,0,0,0,0
@PoderFeminazi Eso es! Cojones!,spa,22735,0,0,0,0,0,0,0,0,0,0,0,0
@cejasagustina7 Callateeee tenes un culazo puta,spa,22128,0,0,0,0,0,0,0,0,0,0,0,0
@erices16_ Cllate vos wacha trola deja de confundir las hormonas puta,spa,24052,0,0,0,0,0,0,0,0,0,0,0,0
@eloyalvidrez10 Tu eres mi lady zorra barata,spa,22536,0,0,0,0,1,0,0,0,0,0,1,1
tengo que ensearle a mi perra a que solo se acueste en un lado del silln donde tiene una manta. estoy preparada para sufrir y escucharla gruir cuando la saque del otro. no haba un trabajo ms fcil?,spa,24763,0,0,0,0,1,0,0,0,0,0,1,1
Ni t eres una zorra hambrienta ni yo un incorregible depredador.,spa,22014,0,0,0,0,1,0,0,0,0,0,1,1
@_kayligonzales_ Puta men ya callate,spa,20910,0,0,0,0,0,0,0,0,0,1,1,1
Lo tuyo y lo mio no es oficial pero tu no eres cualquier puta tu eres especial.,spa,21999,0,0,0,0,0,0,0,0,0,0,0,0
@PabloFonta86 @TowandaRebels pero tu eres un autntico imbcil y un potencial machista? ideologa de izquierdas? T eres una vergenza.,spa,24973,0,0,0,0,0,0,0,0,0,0,0,0
@adanariabigail TU ERES ESA AMIGA PUTA JAJAJAJ,spa,23061,0,0,0,0,0,0,0,0,0,0,0,0
@IamYanetGarcia puta pendeja zorra me cagas imbecil deja de putear pinche golfa,spa,21023,0,0,0,0,1,0,0,0,0,0,1,1
@lovatospriority Callate puta que tu fuiste la primera en darle like,spa,22727,0,0,0,0,0,0,0,0,0,1,1,1
Esto debi hacerlo hace aos en todo el territorio nacional. Muchos extranjeros indocumentados jodiendo a #venezuela https://t.co/0FDLg6c0ie,spa,20980,0,0,0,0,0,0,0,0,0,0,0,0
Creo q el Smirnoff y Arabe de @_eckoyg con @papichampok UNA COMBINACION DEL DIABLOOO,spa,22803,0,0,0,0,0,0,0,0,0,0,0,0
@Milagrosfe Vos extraas solo a tus amigas perra. Callate,spa,22637,0,0,0,0,1,0,0,0,0,1,1,1
@Vilgefortz_ Me ensearon que a los hijos de puta como t hay que dejarlos bien muertos.,spa,22587,0,0,0,0,0,0,0,0,0,0,0,0
Ms de 600 inmigrantes de origen subsahariano accedieron a territorio espaol a primera hora de la maana del jueves cruzando la valla en Ceuta https://t.co/1V3ku8Nf2V,spa,20410,0,0,0,0,0,0,0,0,0,0,0,0
@caaamicastilloo Callate vos qu no me hablaste ms puta,spa,23908,0,0,0,0,0,0,0,0,0,1,1,1
No soporto al chicharo gero,spa,24933,0,0,0,0,0,0,0,0,0,0,0,0
@patricionavia @ferperezc Cllate weon vendi. Cmo si no trabajramos hijo de la gran puta!,spa,22732,0,0,0,0,0,0,0,0,0,0,0,0
qu temazo arabe de ecko ahre,spa,20809,0,0,0,0,0,0,0,0,0,0,0,0
@alba_hm_ Ven aqui y comemela https://t.co/n1bGXxV0mu,spa,21457,0,0,0,0,0,0,0,0,0,0,0,0
Me choca el nio gero hippie new age poliamoroso de la academia.,spa,20581,0,0,0,0,0,0,0,0,0,0,0,0
HAY COSAS QUE POR SABIDAS SE CALLAN PERO POR CALLADAS NOS OLVIDAMOS DE QUE EXISTEN PAGARAS PERRA Y CON LO QUE MAS TE DUELE TUS HIJOS AUNQUE TINES CARA DE LESBYCA https://t.co/fEjCFaBAHE,spa,21344,0,0,0,0,1,0,0,0,0,0,1,1
Permitir esta invasin de africanos y rabes antes de pedir ayuda para recibirlos a la UE es tpico de polticos demagogos a los que no les importa en absoluto su pueblo y los van a usar para enfrentarnos. https://t.co/Ps3bZNb7Tc,spa,23009,0,0,0,0,0,0,0,0,0,0,0,0
@CaELiKe @ElChamoSalas YA CALLATE PUTA VIEJA DRAMATICA,spa,24975,0,0,0,0,0,0,0,0,0,1,1,1
Amnista para indocumentados en Estados Unidos https://t.co/egGSzieAjP va @sosvox,spa,21543,0,0,0,0,0,0,0,0,0,0,0,0
@BadDylXnRP Oh dios... Callate la puta boca... - susurro la pelirroja sin dejar de gemir en ningn momento -,spa,23889,0,0,0,0,0,0,0,0,0,1,1,1
@Kaetunga Puta bida en verdad. Aunque me tienes que ensear arcopoli cuando vuelva pls,spa,24886,0,0,0,0,0,0,0,0,0,0,0,0
@DalasReview Uy nio cierra el pico de una puta vez! Ya entendimos que tu eres el bueno de todo y que un poco mas y hasta el gato es malo sabes porque en vez de inventarte una historia que sabes que es mentira porque no dices la verdad? Temes perder seg,spa,22143,0,0,0,0,0,0,0,0,0,0,0,0
En verdad yo no se porque tu eres as... DE UNA PUTA ME ENAMORE,spa,20422,0,0,0,0,0,0,0,0,0,0,0,0
@PuTitaTrevi Las dos preciosas pero tu eres ms mi perra,spa,23522,0,0,0,0,1,0,0,0,0,0,1,1
Pq la cancin esta bien puta y tu eres tan puta que la cambias https://t.co/sKeH55PaIq,spa,24450,0,0,0,0,0,0,0,0,0,0,0,0
Triganme al puto rabe,spa,22828,0,0,0,0,0,0,0,0,0,0,0,0
@CarmeBarcelo @3gerardpique Una polla de 30 cm te hace falta para estar ocupada y no decir tonterias,spa,21008,0,0,0,0,0,0,0,0,0,0,0,0
Otro gol que se come el sudaca ese y Carlos Felipe TRIUNFANDO en el trabucleti.,spa,24053,0,0,0,0,0,0,0,0,0,0,0,0
-MACHISTA! -Machista yo?! -Machista Dios que os hizo inferiores,spa,21079,0,0,0,0,0,0,0,0,0,0,0,0
@Pabloskis12FB @CRGoobZyeaH @PsycOz_ @F7Sammy Cllate ya subnormal que si te quitan de heretics te comeras una polla,spa,24892,0,0,0,0,0,0,0,0,0,0,0,0
perra estpida diciendo esas tonteras en mi tl no seor,spa,21098,0,0,0,0,1,0,0,0,0,0,1,1
Yo no puedo creer que las propias mujeres naturalicen una violacin o acoso y lo justifiquen con que la mujer es la que provoca. Que mente de mierda la puta madre,spa,22921,0,0,0,1,0,0,0,0,0,0,0,1
Dale super 8 a un inmigrante ilegal y lo alimentars por un da. Deportalo y jams tendrs que alimentarlo de nuevo. - Imperivm 20:22,spa,23431,0,0,0,0,0,0,0,0,0,0,0,0
Se ha muerto mi perra y no estoy para aguantar tonteras.,spa,21920,0,0,0,0,1,0,0,0,0,0,1,1
Hola @Albert_Rivera has saltat ja la valla de #Melilla? Es x saber si et perdrem de vista ja #supercuao,spa,23874,0,0,0,0,0,0,0,0,0,0,0,0
Que te pasa mardito? yo soy puta pq quiero ser puta no pq me pas algo malo... Cllate https://t.co/5569CtRrPG,spa,21547,0,0,0,0,0,0,0,0,0,0,0,0
@carlosj_almon Cllate perra,spa,21509,0,0,0,0,1,0,0,0,0,0,1,1
Habeis visto el video de la seora del Metro de Madrid que no deja sentar a una nia extranjera??? pues el vdeo de los negratas pegando a un turista americano por defender a una mujer con una silla de un beb en Barcelona no lo vais a ver!! #,spa,23396,0,0,0,1,0,0,1,0,0,0,0,1
La administracin federal haba asegurado que dio opciones a todos los inmigrantes expulsados https://t.co/bTwn63SdlM,spa,20670,0,0,0,0,0,0,0,0,0,0,0,0
VE COMO QUIERAS YO SE DE MIS HERMANAS ARABES LES CONSIDERO QUE SON LUCHADORAS Y  OS ECHO DE MENOS SE QUE ESPERO QUE OS VEA OS EXTRAO,spa,22796,0,0,0,0,0,0,0,0,0,0,0,0
@Slutty_Bowser No es porque piense que se irn. Sino porque mereces un castigo por ser tan puta,spa,20488,0,0,0,0,0,0,0,0,0,0,0,0
Los rabes me dan asco,spa,21956,0,0,0,0,0,0,0,0,0,0,0,0
@_nerearivas_ Vos callate que por vos puse el 'tiene que ver al novio' puta,spa,24449,0,0,0,0,0,0,0,0,0,1,1,1
Lo mejor de todo ver a Anabel con cara de asco jeje fijo que te lo mereces zorra https://t.co/3MMQKUAWYG,spa,23783,0,0,0,0,1,0,0,0,0,0,1,1
Habis votadoya a algn hombre del PP? Aunque sea Esperanza el partido vela por nuestro machismo! DALES TU VOTO! #CONFIA,spa,21523,1,0,0,1,0,0,0,0,0,0,0,1
@AlexandGutiz Pues dispuesto a ser un amo muy exigente! empinarte a mi gusto y nalguearte como te lo mereces por puta cachonda y zorra,spa,24484,0,0,0,0,1,0,0,0,0,0,1,1
SEMEN. Difundamos un movimiento necesario. http://t.co/P6hfGRZ0Tm,spa,21516,0,0,0,0,0,0,0,0,0,0,0,0
@PabloMijangos41 @DeniseDresserG Cllate t hijo de puta si no te gusta brete,spa,22615,0,0,0,0,0,0,0,0,0,0,0,0
CALLATE MALDITA ZORRA. ESTOY MUY NERVIOSO. https://t.co/nQClCXBTTK,spa,20399,0,0,0,0,1,0,0,0,0,1,1,1
Tema inmigracin de Venezuela como estamos y que bebemos hacer ayer mire un programa con abogados pidiendo abrir un estudio con todos ellos pera trabajar en Argentina no es como mucho que antecedentes tienen que hacemos con los nuestros es un tema a mirar antes que nos estalle,spa,20265,0,0,0,0,0,0,0,0,0,0,0,0
Casado no da un paso atrs en inmigracin: Hablamos claro https://t.co/bkP8Wg1XPn,spa,24322,0,0,0,0,0,0,0,0,0,0,0,0
@YazminCantuT @ClubAmerica @eduardoushito Cllate perra,spa,20898,0,0,0,0,1,0,0,0,0,0,1,1
Cmo reciben dilisis los inmigrantes indocumentados en EE.UU ... - CNN https://t.co/NXxzr7Q7pm Daniel Esgardo Rangel Barn https://t.co/cs7Ssrtq7z,spa,20907,0,0,0,0,0,0,0,0,0,0,0,0
Le canto canciones de amor a mi perra y me mira como diciendo callate estpida,spa,24122,0,0,0,0,1,0,0,0,0,1,1,1
Cuando un hombre da su opinin es un hombre. Cuando lo hace una mujer es una puta.,spa,22812,0,0,0,1,0,0,0,0,0,0,0,1
Eh! Subsaharianos violentos! Hablad de eso! #L6Nfranco,spa,20727,0,0,0,0,0,0,0,0,0,0,0,0
Porque las mujeres pierden la regla a los 50? Porque necesitan la sangre para las varices.,spa,24993,0,0,0,0,0,0,0,0,0,0,0,0
Juez de EEUU reafirma fallo de que debe reanudarse el DACA https://t.co/4tAA9XlhFD https://t.co/MhGb22ZxwE,spa,22119,0,0,0,0,0,0,0,0,0,0,0,0
@As_TomasRoncero @elchiringuitotv Cllate la boca gordo hijo de puta,spa,21248,0,0,0,0,0,0,0,0,0,0,0,0
No entiendo porque la vida es as..ellos son escoria..son delincuentes..Nosotros merecamos ms ese ttulo. Que hicimos mal?,spa,21258,0,0,0,0,0,0,0,0,0,0,0,0
Aqu Pedro hablando de solidaridad mientras sigue sin referirse a ls 22 guardias civiles q resultaron heridos tras el salto a la valla Ceuta https://t.co/J62H0aOMML,spa,22465,0,0,0,0,0,0,0,0,0,0,0,0
Asiaticos devastados por la Guerra hoy tienen mejor estructura que Chilito. Cosas Sudacas.. https://t.co/M1lHR1blG7,spa,24554,0,0,0,0,0,0,0,0,0,0,0,0
@xdelevmmzz @Anna_Kohana13 Cllate que es de mi pueblo puta zorra,spa,21125,0,0,0,0,1,0,0,0,0,0,1,1
Miguel Amante - Aumentan rescates de inmigrantes indocumentados https://t.co/7gFAIAGKPL via @YouTube,spa,22431,0,0,0,0,0,0,0,0,0,0,0,0
La veremos desde Tnez subtitulada en rabe. @RosaRisa95 @will_mejri https://t.co/Ce1cMjwfrK,spa,24735,0,0,0,0,0,0,0,0,0,0,0,0
Estn ya detenidos estos salvajes indocumentados? https://t.co/TrOpaUgiR4,spa,24253,0,0,0,0,0,0,0,0,0,0,0,0
@_anapastor_ Haz una bsqueda en Twitter con el filtro 'Ana Pastor guarra' y vers cuntos perfiles hay de okupas. Un ejemplo:  https://t.co/SzZ9EdZamr,spa,22639,0,0,0,0,0,0,0,0,0,0,0,0
Matan gente con Sindrome de Down y no pueden ejecutar a las decenas de rabes https://t.co/23SHlTl6fd,spa,21057,0,0,0,0,0,0,0,0,0,0,0,0
@abc_es @HiginiaRoig Ya est la nia del exorcista diciendo tonteras. Has visto lo que a hecho la guarra de t hija.,spa,22235,0,0,0,0,0,0,0,0,0,0,0,0
Porque la reportera es Satans? La zorra de la novia es  https://t.co/NfgNX973WA,spa,23114,0,0,0,0,1,0,0,0,0,0,1,1
@Ghxst_Whisperer @BloodSubaru @xRoseGirl_ {Lilinette es una puta. Pero t eres un amor <3},spa,21161,0,0,0,0,0,0,0,0,0,0,0,0
Ese nefasto invento de los planes hace que toda esa escoria violenta tenga tiempo para inventarse guerritas imbciles en lugar de invertir su tiempo en pensar cmo van a obtener un ingreso legal y honestamente (trabajando).,spa,24506,0,0,0,0,0,0,0,0,0,0,0,0
Ayer en #Tanger #Morocco charlamos con una seora marroqu y nos coment que estn bastante hartos con la #inmigracion ilegal subsahariana. Les ocupan las viviendas vacas y luego tienen que acudir al Juzgado a echar a los okupas,spa,20751,0,0,0,0,0,0,0,0,0,0,0,0
No me gusta el titular. Culpabilizar a la inmigracin del populismo? El populusmo es quien uso cualquier hecho para agitar.El riesgo populista en Espaa por la tensin migratoria pone en alerta a Bruselas https://t.co/fo7ZuIBEFG va @elpais_espana,spa,24686,0,0,0,0,0,0,0,0,0,0,0,0
claro tenan que ser rabes musulmanes para hacer sus pendejadas y luego lo mezclas con veganos fanticos y sale una porquera ademas de obviamente maltrato psicolgico para los nios https://t.co/BugA1lNW3a,spa,23192,0,0,0,0,0,0,0,0,0,0,0,0
VIERNES EN #Bailahoraocallaparasiempre ARABE NIOS DE 18:30 A 19:30 HS Veni a conocernos!  Av. Medrano 311 caba tel: 4958-6492  contacto@bailahora.com // Insta: bailahora_o_calla_para_siempre #Arabe #parachicos #agosto2018 #bailahora #clases #Baila #Danza https://t.co/GHZgxuvo84,spa,21669,0,0,0,0,0,0,0,0,0,0,0,0
@DinoraAnma JAJAJA maldita si t eres la ms perra,spa,23717,0,0,0,0,1,0,0,0,0,0,1,1
Zidane eres un grandsimo hijo de la gran puta. Y Benzema no mereces vestir un segundo ms est camiseta. Ridculo ante un equipo pattico,spa,23938,0,0,0,0,0,0,0,0,0,0,0,0
@CallMePains Que los mates a todos no ves que esa escoria es mejor con una paliza en la cara y muertos a palazos en la cara,spa,24724,0,0,0,0,0,0,0,0,0,0,0,0
en nombre del pueblo venezolano manuel bartual callate la puta boca ya imbecil,spa,20841,0,0,0,0,1,0,0,0,0,1,1,1
@VaneZampiniOK AAAAAAA VANEEEEE LA PUTA MADRE FELICITACIONES HERMOSA!!! Te lo re mereces,spa,21491,0,0,0,0,0,0,1,0,0,0,1,1
@leonelabeleenn ah callate puta,spa,20456,0,0,0,0,0,0,0,0,0,1,1,1
Hay que hacer las cosas callada la boca la puta madre.,spa,21549,0,0,0,0,0,0,0,0,0,0,0,0
@lopezdoriga @dparamooficial Cllate zorra priista,spa,20211,0,0,0,0,1,0,0,0,0,0,1,1
Yo llego atender alguna llamada del tlf de mi pap y llega hablar una mujer es que le mento la madre a esa puta,spa,24104,0,0,0,1,0,0,0,0,0,0,0,1
La gabacha no querr ver algo britnico ni a 638294 kilmetros.,spa,23701,0,0,0,0,0,0,0,0,0,0,0,0
Y t eres una PUTA ZORRA #feminazi de las cuales deberan avergonzarse (y muchas ya lo hacen) las MUJERES https://t.co/HOKJW1uCCj,spa,23481,0,0,0,0,1,0,0,0,0,0,1,1
@LaJornadaMaya Si denuncian acoso sexual.le quitan sus derechos sindicales. Cuando naciste imbcil no tienes remedio. @Observa_Tuimss @Tu_IMSS,spa,22738,0,0,0,0,0,0,0,0,0,0,0,0
Cada puta semana igual. La puta carpeta. Estoy hasta el moo de Cepeda. No se mereca quedarse. Ojal hagis un poquito de autocrtica todos los que lo apoyais. #OTGala7,spa,20161,0,0,0,0,0,0,0,0,0,0,0,0
Perro @amarchesin1 ponte a leer sudaca https://t.co/ERwBeNGsdg,spa,21276,0,0,0,0,0,0,0,0,0,0,0,0
Opinin:  Es la inmigracin masiva un problema? 15 consejos para solucionarlo y evitarlo https://t.co/mr73IwBT0o https://t.co/iVpy1rAMyp,spa,24650,0,0,0,0,0,0,0,0,0,0,0,0
El profe diciendo que nada de apodos y que slo hay que hablarnos por nuestro nombre y a los tres segundos: Gera psele al frente,spa,24341,0,0,0,0,0,0,0,0,0,0,0,0
@C5N Hija de re mil puta!!!!!!!!!!!! Ya te va llegar lo que te mereces,spa,22177,0,0,0,0,0,0,1,0,0,0,1,1
@TitoHunterLoL puto homfobo de mierda te voy a meter la polla en la garganta para que no vuelvas a decir gilipolleces,spa,21429,0,0,0,0,0,0,0,0,0,0,0,0
Se la viven peleando tipo: TE PODES CALLAR? VOS CALLATE HIJO DE PUTA VOS LOCA ENFERMA DEJAME EN PAZ *LO CHAPA PARA JODERLO* ME CANS,spa,22036,0,0,0,0,0,0,0,0,0,1,1,1
@Pushsy_Herem @April_Gamer *.* me podes ensear de como mircoles dibujas tan bien? Enseame chamaca perra Ahre esta emosho uwu,spa,22180,0,0,0,0,1,0,0,0,0,0,1,1
@FaunaFeminazi Aydanos a promover el Movimiento SEMEN!! Un RT!,spa,24418,0,0,0,0,0,0,1,0,0,0,1,1
@Delsoncarvalho2 @SilvioArnaudoOK @loricchio @Flamengo Brasil es la escoria del mundo! Callate negro hijo de puta! Vai engraxar zapato con sua cara!,spa,24694,0,1,0,0,0,0,0,0,0,1,0,1
@IaraPicatto1 Callate que yo tmb te extrao perra,spa,20906,0,0,0,0,1,0,0,0,0,1,1,1
ya no uses el puto we  Cllate puto maricon hijo de perra https://t.co/186gAlnjrG,spa,21840,0,0,0,0,1,0,0,0,0,0,1,1
#AoNuevoEnCombate zorra callateeedd,spa,20301,0,0,0,0,1,0,0,0,0,0,1,1
Masculinidad frgil es mi crush francs echndose un clavado al cenote solo porque un grupo de rabes le dijo pussy,spa,22938,0,0,0,0,0,0,0,0,0,0,0,0
@quieromamarpene @calenton_madrid @Pito_maricon_ Vas a sentir como s mueve m polla en t culo de putita para qu veas que t amo no s olvida nunca de darte t racin de leche en ese maravilloso culo peludo de putita,spa,24848,0,0,0,0,0,0,0,0,0,0,0,0
Apoyo a una legislacin en Per que castigue doble pena a inmigrantes culpables de delito. Cese al perjuicio que choros exportados perjudiquen a sinceros emigrantes compatriotas,spa,23028,0,0,0,0,0,0,0,0,0,0,0,0
Esta chica denuncia una violacin invisibilizada y lo que os preocupa es que diga que el agresor tena polla. Sois imbciles. https://t.co/ZeBi9EIIR1,spa,21303,0,0,0,0,0,0,0,0,0,0,0,0
Tu chica es un poco guarra   Quin se supone que es mi chica https://t.co/bmgezed3wY,spa,20457,0,0,0,0,0,0,0,0,0,0,0,0
@joeldavid26 On tu eres muy perra,spa,21245,0,0,0,0,1,0,0,0,0,0,1,1
@feminiciD10S @metabolizedjunk Callate hijo de perra,spa,21849,0,0,0,0,1,0,0,0,0,1,1,1
@migracionpanama @Mitradel operativo en multi plaza restaurantes con extranjeros sin PAPELES.hasta cuando SAQUEN ESA BASURA,spa,23482,0,0,0,0,1,0,0,0,0,0,1,1
Quieroite un lomito arabe com salsa de ajo,spa,20197,0,0,0,0,0,0,0,0,0,0,0,0
#HaceMuchoQue no tienes derechos #Honey...,spa,20583,0,0,0,0,0,0,0,0,0,0,0,0
LA SOLUCIN ES SOLDARLE EL TIMN DE LA PATERA RUMBO DE DONDE SALIERON CON AGUA Y COMIDA. https://t.co/59pInBdgnR,spa,24126,0,0,0,0,0,0,0,0,0,0,0,0
SE LO MERECA TANTO LA PUTA MADRE VAMOS FLORENCIA ES SEMIFINALISTA,spa,24354,0,0,0,0,0,0,0,0,0,0,0,0
Los miles de inmigrantes nacidos el 1 de enero | El Correo https://t.co/cIQ3MTFjVZ  Un magreb que lleg con 17 aos y un subsahariano que lo hizo en patera a la misma edad retratan el fenmeno de los menores migrantes. https://t.co/ec09odxSyu,spa,24894,0,0,0,0,0,0,0,0,0,0,0,0
Entre Arabe de @papichampok y @_eckoyg y el freestyle que se acaba de mandar Ecko confirmamos la existencia de dios reencarnado en persona,spa,23843,0,0,0,0,0,0,0,0,0,0,0,0
@_Dxku_ @goneguru4 Ti o cllate la puta boca y djala en paz por que sabemos que no nos dars la razn as que dejemos el tema,spa,20490,0,0,0,0,0,0,0,0,0,0,0,0
// creo que algum vecino esta escuchando reggaeton pero no lo tengo claro porque suena como si coges una msica rabe y le metes autotune rollo robtico,spa,21778,0,0,0,0,0,0,0,0,0,0,0,0
NO A VER CALLATE VALE ME CAGO EN LA PUTA SIGUE Y CALLATE VAMOS ESCRIBE BASTA DE DOLOR EN EL PECHO https://t.co/zydY3XNreX,spa,22913,0,0,0,0,0,0,0,0,0,1,1,1
@antonellagf21 @camii_vena CALLATEEEE VOS PERRA ENVIDIOSA,spa,24062,0,0,0,0,1,0,0,0,0,0,1,1
Una vez un arabe me pidi matrimonio en Canad JAJAJAJAJA 100% real 0% fake,spa,20346,0,0,0,0,0,0,0,0,0,0,0,0
NUEVO! Recetazas: Empanadas Arabes #Noticias  #PolemicaEnElBar #Incorrectas #OjosQueNoVen #ViernesIntratable #DeboDecir via @lachismozatv +RT https://t.co/K3iiFvGgPj,spa,24304,0,0,0,0,0,0,0,0,0,0,0,0
@YeniVilcatoma2 @AlbertoBelaunde Perra sinverguenza tu eres parte de la mafia fujimorista.,spa,21792,0,0,0,0,1,0,0,0,0,0,1,1
@newells_cami @mellopez00 Jajajajjajaja callate la puta madre,spa,24791,0,0,0,0,0,0,0,0,0,1,1,1
@eride91 Es que somos muy inocentes y ya ensear un pezn es ser una guarra,spa,22543,0,0,0,0,0,0,0,0,0,0,0,0
Y cuando llega y me destroza l dice: te lo mereces por puta.  No dejes de someterme cielo. #enamorada #minovioesgenial https://t.co/6ue18QOg8e,spa,22124,0,0,0,0,0,0,0,0,0,0,0,0
@_JBonilla_ @CanalYesTV Cllate perra,spa,20947,0,0,0,0,1,0,0,0,0,0,1,1
hola rubius te sigo desd qUE TE CALLES LA PUTA BOCA A QUIEN LE IMPORTA,spa,21335,0,0,0,0,0,0,0,0,0,0,0,0
.@ArabeUnido_ quiere seguir buena racha en casa. @costadeleste buscar esta noche su primer gol en la @LPFPanama. #LPFxRPC https://t.co/LNDsZDDT5O,spa,24526,0,0,0,0,0,0,0,0,0,0,0,0
Sigan haciendo experimentos con sudacas https://t.co/GWNBYSS8fC,spa,23616,0,0,0,0,0,0,0,0,0,0,0,0
Lavar los platos reduce el estrs' http://t.co/YXDqWsdx4Z Les vendr bien despus de pensar ms de 10 min seguidos (Tampoco har milagros),spa,24179,0,0,0,0,0,0,0,0,0,0,0,0
Ya estamos full en las delicias de isabella lomito rabe salsa para pizza empanada hamburguesa sndwich de lomito todo casero te espero en campo va entre https://t.co/tnGhCUblPb,spa,23521,0,0,0,0,0,0,0,0,0,0,0,0
Y con dos monjas diciendote que te calles la puta jeta JAJAJAJAJA ay 2017 fuiste mi mejor ao xDD https://t.co/T8cL7kZKHc,spa,24497,0,0,0,0,0,0,0,0,0,0,0,0
Nivel 4 reforzado es igual a recoger 400 inmigrantes cada da . https://t.co/RVYHv6mL06,spa,22995,0,0,0,0,0,0,0,0,0,0,0,0
conversaciones con mi hermana: - Nerea baja el volumen del mvil por favor. - Cllate zorra.,spa,24258,0,0,0,0,1,0,0,0,0,0,1,1
@yaitzaxavi @victoirefrmhell @WWE @RealPaigeWWE Callate zorra cara de mono,spa,21294,0,0,0,0,1,0,0,0,0,1,1,1
@palopascalee paloma cllate la boca que sos de flaca hija de perra una envidia,spa,24380,0,0,0,0,1,0,0,0,0,0,1,1
@LuisitoComunica Eres un hijo e puta que te mereces lo mejor chido por ti felicidades perrn festejemos en grande con esta meloda! https://t.co/nLmylXYjkB,spa,23903,0,0,0,0,0,0,0,0,0,0,0,0
rabe para que la pussy lo baile  @papichampok @_eckoyg,spa,22005,0,0,0,0,0,0,0,0,0,0,0,0
@MaviMartinezok Callate la boca perra desgraciada,spa,20472,0,0,0,0,1,0,0,0,0,1,1,1
@lapurisimayoro @lorenagm7 @Barbijaputa Me bloque hace siglos. Le dio por decir muchas tonteras sobre m en conversaciones con otras personas. Usando el rumor falso para desprestigiar. A m me parece un comportamiento muy lamentable y que dice mucho y m,spa,23580,0,0,0,0,0,0,0,0,0,0,0,0
Feliz ao a todo el mundo!! Menos a esos hijos de puta que hacen las bromas de 'no como desde el ao pasado'. Mereceis plomo en pecho,spa,23510,0,0,0,0,0,0,1,0,0,0,1,1
Fav si eres bien puta para meterte al nuevo grupo de dm que crear donde nos ensearas las tetas guarra desgrac,spa,23756,0,0,0,0,0,0,0,0,0,0,0,0
@viviana_bonilla @veronicaariasf Como t eres otra VAGA perra desgraciada ladrona,spa,24696,0,0,0,0,1,0,0,0,0,0,1,1
rete t de la valla de Melilla y el muro de Trump. El ayto de Madrid ya hizo sus pinitos con fosos para aislar gitanos https://t.co/AAzZaKxcO2 #madrid,spa,20643,1,0,0,0,0,0,0,0,0,0,0,1
Nas ganas de andar en modo arab para hacerlos volar a todos,spa,22043,0,0,0,0,0,0,0,0,0,0,0,0
@PogbaKing6 @CampoyYT @LMDshw @KNekro @DjMaRiiO_90 Joder to callate que soy un puto adolescente de mierda queriendo llamar la puta atencin,spa,24660,0,0,0,0,0,0,0,0,0,1,1,1
@Despeinaooo @sndrthrrr_ que te calles roger joder puta hostia mierda joder,spa,24239,0,0,0,0,0,0,0,0,0,0,0,0
@reginabanda06 t eres una zorra,spa,23223,0,0,0,0,1,0,0,0,0,0,1,1
Pens que no se te haba roto el tomate este mes.  -Las Kardashian hablando de su menstruacin en espaol gachupin.,spa,24867,0,0,0,0,0,0,0,0,0,0,0,0
Ya era hora coo una puta actuacin como se mereca bravo Cepeda. #OTGala9,spa,24494,0,0,0,0,0,0,0,0,0,0,0,0
l'arabe arab https://t.co/G5reP5dNKs,spa,23007,0,0,0,0,0,0,0,0,0,0,0,0
@vickkysanchezz Cllate tu puta zorra,spa,21434,0,0,0,0,1,0,0,0,0,0,1,1
a ver cuando dejara de provocar y sabes que? Encima no tiene ni culo xD,spa,20855,0,0,0,0,0,0,0,0,0,0,0,0
@Yoimiscircusta2 @CHUPITAOficial @SayumiOficial Pues cllate ya de una puta vez que me has enviado casi 20 mensajes pesao. Y seguro que como eres gilipollas seguirs hijo de la gran puta,spa,21202,0,0,0,0,0,0,0,0,0,0,0,0
[29/10 14:01] Kundogan: Yo no estoy hablando contigo cllate la puta emocin,spa,22175,0,0,0,0,0,0,0,0,0,0,0,0
@josesinito @LeaderDeus @NewSchool_CL Cllate vo si Eri mi perra,spa,21813,0,0,0,0,1,0,0,0,0,0,1,1
@thebossniki Tu eres un imbcil maleducado que no tienes ni puta idea. Dicho esto paso de ti.,spa,24691,0,0,0,0,0,0,0,0,0,0,0,0
HumorMachistahttp://twitpic.com/c6q5k - #Humor,spa,22617,0,0,0,0,0,0,0,0,0,0,0,0
Entrar a Twitter Ver las 2 publicaciones nuevas Salir de Twitter Volver a entrar a Twitter Ver las 2 publicaciones nuevas Salir de Twitter,spa,24637,0,0,0,0,0,0,0,0,0,0,0,0
Pinche Astrid perra hasta en mis sueos eres tonta No te lo mereces,spa,23755,0,0,0,0,1,0,0,0,0,0,1,1
El Gobierno ha reforzado el sistema nacional de proteccin internacional y de acogida al aprobar una oferta de empleo pblico extraordinaria y adicional de 323 plazas destinadas a mejorar la atencin a los solicitantes y beneficiarios de proteccin... https://t.co/YwfKM4sc9J,spa,21063,1,0,0,0,0,0,0,0,0,0,0,1
Sinceramente si tienes un perro y le cortas las orejas y cola ADREDE por puta 'esttica' no mereces tener ese animal y espero que te las corten a ti tambin,spa,23137,0,0,0,0,0,1,0,0,0,0,1,1
GorDA CALLATE DE UNA VEZ QUE NO ESTS VIENDO QUE ALIMENTAS TU DEPRESIN? PUTA MADRE MORITE,spa,20493,0,0,0,0,0,0,0,0,0,1,1,1
@IvanDuque hace falta mas seguridad donde coloquen orden con comerciantes informales y indocumentados venezolanos que venden productos quitando las ventas a los comercios que pagan impuestos esto sucede en Ccuta y el puente Simn Bolvar.,spa,24463,0,0,0,0,0,0,0,0,0,0,0,0
La esposa de mi jefe pas de ser la gera que seguro es bien mamona a mi mam tapata,spa,23774,0,0,0,0,0,0,0,0,0,0,0,0
Pegandole con cinturones entre 8 y ara dicen k.son ellos los.agredidos.pero mierdas k ahy un video aparte sin papeles pues detenerlos y exarlos a la puta mierda tanto negro.en el.paissin papeles no es.normal,spa,20661,0,1,0,0,0,0,0,0,0,0,0,1
@ere_75 @marjorie_aj71 As como t eres maricn y puta tapiada  tu obsesin solo produce risa.,spa,20402,0,0,0,0,0,0,0,0,0,0,0,0
Nunca falta ese hijo de puta que dice -Se puso colorada!- cllate! Ya se dieron cuenta ! Haces que me de ms verguenza!,spa,23115,0,0,0,0,0,0,0,0,0,0,0,0
@GuilleLobo Callate la boca pedazo de hijo de puta. Doa Rosa con micrfono.,spa,22498,0,0,0,0,0,0,0,0,0,1,1,1
@SamiDoural LA PUTA MADRE CALLATE,spa,22002,0,0,0,0,0,0,0,0,0,1,1,1
@ConCiliaFlores @NicolasMaduro Jajajaja cllate maldita perra de mierda ladrona de bancos,spa,23094,0,0,0,0,1,0,0,0,0,0,1,1
No voy a llorar y decir que no merezco esto porque es probable que lo merezcaPOR ZORRA,spa,23111,0,0,0,0,1,0,0,0,0,0,1,1
@DarkGraphics_YT @IstEkoGFX @kanouraa LO MAS SATURADO ES VER MI POLLA EN TU CULO AGUJEREADO,spa,20091,0,0,0,0,0,0,0,0,0,0,0,0
@Criscg2 @s0ymia T eres un@ ni@ que no sabe nada de la vida cuando te toque pasar hambre me voy a rer en tu puta cara,spa,24044,0,0,0,0,0,0,0,0,0,0,0,0
Quieren erradicar el acoso solo hacia las mujeres aprobando este tipo de medidas ridculas. Concejo de Bogot: que inteligente eres. https://t.co/BeudBRO5Dz,spa,24228,0,0,0,0,0,0,0,0,0,0,0,0
Ya por fin con 98% libre de puntas geras https://t.co/BduFMrM6GF,spa,21086,0,0,0,0,0,0,0,0,0,0,0,0
No se por que me empezaron a seguir tantas cuentas rabes pero gracias porque sub como trescientos followers en minutos ahre #MMVAs  #FFArtistShawn,spa,20441,0,0,0,0,0,0,0,0,0,0,0,0
Esta puta blanca no se calla! Ya cllate con tu chugar daddy! Puro pinche chugar daddy! A nadie le importa pendeja!,spa,23034,0,0,0,0,0,0,0,0,0,0,0,0
@perradesatan @iamjoseAM Pues tengo todo el da del seor libre. Y como t eres una perra del ngel cado he pensado que podamos hacerlo frente a una iglesia.,spa,23607,0,0,0,0,1,0,0,0,0,0,1,1
Puta es puta y se trata como puta mujer es mujer y se trata como mujer,spa,22001,0,0,0,1,0,0,0,0,0,0,0,1
Un libro fundamental para entender los traumas polticos y sociales que la derrota militar contra Israel en 1967 gener en los pases rabes. https://t.co/NyM7hlqtNt,spa,24437,0,0,0,0,0,0,0,0,0,0,0,0
VAAAAAAMOOS FLORENCIA VIGNA LA PUTA MADREEEEEE! SOS UNA AMOR DE PERSONA Y TE LO MERECES MUCHO MUCHO,spa,23310,0,0,0,0,0,0,0,0,0,0,0,0
@BeeluArzola Sos una hija de puta mala.madre pobre ngel todo x una tablet perra mal parida no te mereces nada vos presa tenes que ir no al siclogo .,spa,22816,0,0,0,0,1,0,0,0,0,0,1,1
YA CALLATE PUTA PERRA ME TIENES CANSADO CON TUS PENDEJADAS,spa,23964,0,0,0,0,1,0,0,0,0,1,1,1
me: ay el peor enemigo de una mujer es otra mujer also me: esa vieja es bn zorra me again: deberamos respetarnos entre nosotras,spa,20816,0,0,0,1,1,0,0,0,0,0,0,1
@20m Lastima.... callate zorra!!!!!!!,spa,20116,0,0,0,0,1,0,1,0,0,1,1,1
Quin soy yo para faltar el respeto a alguin por ensear una teta o una polla. Ms asco me da juzgar a la ligera y ponerme a faltar el respeto,spa,21667,0,0,0,0,0,0,0,0,0,0,0,0
@juncosCataa Ninguna mujer es puta y el que lo diga es un rancio,spa,22604,0,0,0,1,0,0,0,0,0,0,0,1
As se dice victoria en sirio arabe https://t.co/2JyHkVHPoe,spa,22261,0,0,0,0,0,0,0,0,0,0,0,0
@jcastle1995 mejor cllate perra lmao,spa,21466,0,0,0,0,1,0,0,0,0,0,1,1
Matt Damon critica campaa contra el acoso y la violacin sexual - La Prensa de Honduras https://t.co/GYtXQtZoj0,spa,21207,0,0,0,0,0,0,0,0,0,0,0,0
@weni_habbo @ESHabbo @JorgeHelper @LinuXx_Habbo @DeRociodemiel @BryanBieber17HB @iMonyHabbo Cllate puta,spa,24936,0,0,0,0,0,0,0,0,0,0,0,0
@davidpepi00 Cllate perra que ests igual,spa,22127,0,0,0,0,1,0,0,0,0,0,1,1
@Ricardo_Peralta Cllate puta creo que an sigo ebria,spa,23406,0,0,0,0,0,0,0,0,0,0,0,0
Exclusivas #Tnicas #Arabes de Hombre. Con detalles de #Altacostura #Thawb #Jalabiya #Jubah #Gandura Talles del ... https://t.co/16bTa34hqw,spa,21971,0,0,0,1,0,0,0,0,0,0,0,1
@Cynntuu @Pipo_gabriela @AlejandroPicart @Antonellapicart Callate que a vos no te llego ni a los talones. Puta,spa,21766,0,0,0,0,0,0,0,0,0,1,1,1
@IvannaLaliter NO TENGO AUTOESTIMA LA RE PUTA MADRE CALLATE,spa,22384,0,0,0,0,0,0,0,0,0,1,1,1
@Afrit0_ @luisanalamejorx tu callate puta.,spa,23240,0,0,0,0,0,0,0,0,0,1,1,1
Mood: hasta la polla de la gente imbcil,spa,23602,0,0,0,0,0,0,0,0,0,0,0,0
@lamacope Para q le chupe la polla. Que eres un pesao Callate ya,spa,20524,0,0,0,0,0,0,0,0,0,1,1,1
@BeeluArzola callate puta mal parida perra re culia inconciente callada deberias estar maldita,spa,21607,0,0,0,0,1,0,0,0,0,1,1,1
@__rpl21  t eres mi perra https://t.co/OiBg2bv3Kp,spa,22088,0,0,0,0,1,0,0,0,0,0,1,1
Que temazo arabe dios mio,spa,22864,0,0,0,0,0,0,0,0,0,0,0,0
@EternoBlanco_ Cllate perra por un partido no hay vergenza para alguien que lleva 5 titulos,spa,22918,1,0,0,0,1,0,0,0,0,0,0,1
Edgar tapia Buen compa Nos conocemos desde prepa Llevamos tocando en la misma banda como 2/3 aos  Se acaba de enterar que no soy gabacha https://t.co/2z3h3iwUaG,spa,23741,0,0,0,0,0,0,0,0,0,0,0,0
@diegobossio @diputadospj Cllate gordo hijo de puta. Vos tampoco te vas a poder ni siquiera subir al helicptero...,spa,21505,0,0,0,0,0,0,0,0,0,0,0,0
Y me pongo rabe cuando tomooo,spa,21159,0,0,0,0,0,0,0,0,0,0,0,0
@carolgrillito @marcelaguinaga @MashiRafael cllate perra,spa,24399,0,0,0,0,1,0,0,0,0,0,1,1
Yo nunca le he dicho puta a una mujer pero socia t eres senda petardo  estas navidades no voy a comprar pirotecnias ya contigo vasta,spa,24431,0,0,0,1,0,0,0,0,0,0,0,1
@Ricardo202 Imbecil eres t. Ya scate ese rancho de la cabeza. Miles de nias nios y jvenes padecen de acoso en lnea y en la vida real. Pendejadas como esas que tuiteas mantienen vivo el odio hacia jvenes glbti. Muchos que no tienen ni gua o protecc,spa,20303,0,0,0,0,1,0,0,0,0,0,1,1
@xarita327 @TRIKYHUMOR @yonier2012 @casTa1326 @LizMontoyapan30 @El_SuperRaton @changodepravado Cllate puta!!,spa,21006,0,0,0,0,0,0,1,0,0,0,1,1
me acaban aqui de ensear al nio polla o deberia decir PRINGADO DE LA VIDA Q LO UNICO Q HA HECHO EN SU VIDA (indirectamente) ES TENER UNA POLLA GRANDE.... QUE. PUTO. ASCAZO. NIO.,spa,20134,0,0,0,0,0,0,0,0,0,0,0,0
@alyzaid_duarte Callate perra la amaneciiii,spa,23355,0,0,0,0,1,0,0,0,0,1,1,1
Un da largo CALLATE HIJO DE PUTA ESTABAS JUGANDO AL PDEL,spa,21256,0,0,0,0,0,0,0,0,0,1,1,1
mi novia es demasiado hermosa puta vida nojoda culo,spa,21030,0,0,0,0,0,0,0,0,0,0,0,0
@salvameoficial madre ma Gustavo.. cllate la puta boca de una vez si no quieres hacer ms dao. Todos los hombres son gilipollas perdidos no saben medir hasta dnde se puede hablar y hasta donde no si no se quiere hacer dao.,spa,24528,0,0,0,0,0,0,0,0,0,0,0,0
@AngieDeviluke Te mereces toda mi verga por puta hermosa y para festejar ao nuevo como la zorra come semen que eres hermosa,spa,21648,0,0,0,0,1,0,0,0,0,0,1,1
@JesusSanchezJi4 Solo hago lo q me ensearon Ser una #puta,spa,20865,0,0,0,0,0,0,0,0,0,0,0,0
@mraubreygrey @sweetskipp asi me gusta amor bien rica enseando las tetas ricas que tienes perra rica,spa,21644,0,0,0,0,1,0,0,0,0,0,1,1
@uranioceIoso @iStar57_ T eres mi zorra favorita,spa,22710,0,0,0,0,1,0,0,0,0,0,1,1
@LuceroAndraade Nany t eres bien perra bsica,spa,22121,0,0,0,0,1,0,0,0,0,0,1,1
Finales de 2017 y yo todava no entiendo cuando una mujer es puta o trola,spa,22922,0,0,0,1,0,0,0,0,0,0,0,1
cual es el dia de la mujer? -El dia menos pensado-,spa,21226,0,0,0,1,0,0,0,0,0,0,0,1
@albafff14 t eres una perra infernal,spa,24850,0,0,0,0,1,0,0,0,0,0,1,1
Ya te dije que te calles puta prra sucia de panocha apestosa.,spa,22659,0,0,0,0,0,0,0,0,0,0,0,0
la calle es una zorra pero baby tu eres ms por eso cundo llego me vuelvo a enamorar,spa,22191,0,0,0,0,1,0,0,0,0,0,1,1
como me caga que me digan te recomiendo una pelicula y me la empiecen a contar. si te pregunto adelante si no callate la puta boca!,spa,20950,0,0,0,0,0,0,0,0,0,1,1,1
#Felizsbado La realidad contra la mala leche.   https://t.co/keYpOql4ge,spa,23399,0,0,0,0,0,0,0,0,0,0,0,0
@zndxyyz No tan fuerte como mi polla entrando en tu culo,spa,21924,0,0,0,0,0,0,0,0,0,0,0,0
@CaballoLyL YA CLLATE HIJO DE TU PUTA MADRE https://t.co/Kg1eLDviQ4,spa,24761,0,0,0,0,0,0,0,0,0,0,0,0
@laragarcia3 CALLATE QUE LO NICO QUE NO TE HAGO ES LA TAREA PERRA DESPUS SOY UN A M O R,spa,22311,0,0,0,0,1,0,0,0,0,1,1,1
Mi pap me acaba de ensear un video de una perra estresada y me dijo que era yo.,spa,20846,0,0,0,0,1,0,0,0,0,0,1,1
A mi me descuidas 2 minutos en una peda y ya estoy hablando rabe.,spa,23211,0,0,0,0,0,0,0,0,0,0,0,0
@SR_haru_L Sera un honor ensearle a mi hija como ser una buena zorra,spa,23973,0,0,0,0,1,0,0,0,0,0,1,1
@MashiRafael Vergenza mundial dan ! Ratas!  y vos correa hijo de puta no te mereces la ciudadana ecuatoriana igual q ese Jorge Glas! Repudio total a la maoseria y caretucada de tu gobierno!,spa,24904,1,0,0,0,0,0,0,0,0,0,0,1
Te amamos pinche gero de mierda! https://t.co/K3ad6e5Bhv,spa,20322,0,0,0,0,0,0,0,0,0,0,0,0
@ash_london CALLATE PERRA LOCA CON METERTE CON LOUIS YA ES MUCHO . TE METES CON BARDERAS,spa,20097,0,0,0,0,1,0,0,0,0,1,1,1
@JLozanoA @IIJONGUI Cllate Pendejo. Pinche zngano vividor del pueblo. Nos jodes con su puta #LeyDeSeguirdadInterior y todava vienes y nos regaas. No eres ms que un hijo de reputisima madre,spa,21190,0,0,0,0,0,0,0,0,0,0,0,0
Cojer con m novia es lo mejor que existe alta perra encima,spa,21040,0,0,0,0,1,0,0,0,0,0,1,1
@Yullian2 A veces creo que t eres su perra.,spa,22997,0,0,0,0,1,0,0,0,0,0,1,1
@pelusasaez1 Ha sido por regaarle xq le iba a pegar a un perro.. Me salta tu cllate puta y digo tu padre desgraciado. Lo que no me pase a mi..,spa,22499,0,0,0,0,0,0,0,0,0,0,0,0
@Relatofeminista Mucho imbcil suelto por el mundo.,spa,23315,0,0,0,0,0,0,0,0,0,0,0,0
@elchiringuitotv @As_TomasRoncero #ChiringuitoKepa tu eres gilipollas roncero!! Donde est vuestra puta factora?,spa,20078,0,0,0,0,0,0,1,0,0,0,1,1
@TowandaRebels Soy puta y sois las mujeres ms repugnantes que espero nunca tirarme a la cara nadie nos obliga y NO ME VIOLAN,spa,21372,0,0,0,0,0,0,0,0,0,0,0,0
@TNFamosos Uy pero que cochino el que acoso a la fea est. No se le cree nada a la imbcil est maju creo se llama. Un asco y mentirosa la mina,spa,22081,0,0,0,0,0,0,0,0,0,0,0,0
TE LO MERECES POR PERRA. Lo arrastra por la academia de las greas y le da unos chanclazos. https://t.co/9GwmLte4BU,spa,22990,0,0,0,0,1,0,0,0,0,0,1,1
[6/1 21:05] Puta: callate [6/1 21:05] cami: callame... [6/1 21:09] Puta: como tas hoy turra eeee dsps no arrugues cuando t coma la boca,spa,24346,0,0,0,0,0,0,0,0,0,1,1,1
LO HERMOSA QUE ES CAMKLA LA PUTA AMDRE ESTA MUJER ES ARTEEE,spa,22050,0,0,0,1,0,0,0,0,0,0,0,1
Yo tenia un folio lleno de mapas que mis hermanas no usaron y me quedaban a mi y al que me pidiera https://t.co/jFWExx34qs,spa,21230,0,0,0,0,0,0,0,0,0,0,0,0
@Metapodsin eres un imbcil de mierda nos tienes envidia pq somos la polla es eso verdad metapod lo sabia,spa,22308,0,0,0,0,0,0,0,0,0,0,0,0
@NicolasdelCano @aquisiclaudia Callate hijo de puta pelotudo cmplice de la derecha! Llamaste a votar en blanco porque decas que eran lo mismo sorete! Ac tens 'lo mismo' ahora forro!!,spa,23924,1,1,0,0,0,0,1,0,0,1,0,1
@qweenbellaC callate de una vez perra en celo,spa,22292,0,0,0,0,1,0,0,0,0,1,1,1
@AgusMariano17 @astrobrix @saintlean asi le digo a tu mami callate perra,spa,20042,0,0,0,0,1,0,0,0,0,1,1,1
La zorra de @laufer4 rindose en la cara de mica mientras lloraba hay la tienen ala careta esa,spa,22618,0,0,0,0,1,0,0,0,0,0,1,1
MMMMM TU NADA MS KERIAS ENSEAR LAS CHCHIS PINCHE BIEJA PUTA!!!!,spa,20617,0,0,0,0,0,0,1,0,0,0,1,1
@SantiagoPovedaM Cllate Perra!,spa,20518,0,0,0,0,1,0,0,0,0,0,1,1
@socialitet5 Actualidad o acoso y provocacin como vulgares pandilleros? A que familia vais a acosar maana carroeros de mierda? #Socialite68,spa,23992,0,0,0,0,0,0,0,0,0,0,0,0
Cuando voy a un traslado llevo la gabacha arrugada y la pijama cloreada y rota de un lado...,spa,24620,0,0,0,0,0,0,0,0,0,0,0,0
@ablacas15 @YuNoe_bg Pues comemela,spa,23956,0,0,0,0,0,0,0,0,0,0,0,0
me compr un libro de alemn en la que pueda me las tomo como buen sudaka aspiracional,spa,20674,0,0,0,0,0,0,0,0,0,0,0,0
I've just posted on my Blog about: As fueron los primeros minutos de los 600 subsaharianos en Ceuta tras el salto de la valla https://t.co/C6q7YbGhLB Check it out. https://t.co/d0Eo8KvtLS,spa,22190,0,0,0,0,0,0,0,0,0,0,0,0
ayer fui a un 18 de disfraces y el que mas guita tiene del grupo se disfrazo de jeque arabe,spa,22724,0,0,0,0,0,0,0,0,0,0,0,0
Esta mujer es una perra de mierda yo le saco la cucha a ella la maraca culia https://t.co/QPdiKGAJcE,spa,24301,0,0,0,1,1,0,0,0,0,0,0,1
Amnista para indocumentados en Estados Unidos #DerechosHumanos  https://t.co/usDEh0hOPk https://t.co/1HgWDPGXA9,spa,23253,0,0,0,0,0,0,0,0,0,0,0,0
@MaestroChuli A mi ponme la polla en la cara y ya veremos quien no ve nada.,spa,22349,0,0,0,0,0,0,0,0,0,0,0,0
@CalvoAguss @ccasttellino Quedate callada hija de puta roba novios que son la pucha jajajananaba,spa,24873,0,0,0,0,0,0,0,0,0,0,0,0
... de que sirve perseguir la propaganda islamista radical para luego introducir el islam en las escuelas?? O lo de Castellon pretende ser un ensayo de la creacin de Islam-jugend en occidente??,spa,20555,0,0,1,0,0,0,1,0,0,0,0,1
Que harian los hombres sin las mujeres? Pues domesticar otro animal y esta vez no ensearle a hablar.,spa,24935,0,0,0,0,0,1,0,0,0,0,1,1
So que era sobrino de Uribe y que saba dnde estaban todos los papeles que lo inculpaban y buscaba la forma de robrmelos sin que me pillara.,spa,20460,0,0,0,0,0,0,0,0,0,0,0,0
SIIIIII POR FIN EXPULSARON A ESA GERA!!! No la tragaba desde el primer da hahahaha #LaAcademia,spa,22117,0,0,0,0,0,0,1,0,0,0,1,1
@PaulaOrtizz Callate que si saliste sobria maldita perra,spa,21127,0,0,0,0,1,0,0,0,0,1,1,1
@Esteban12297663 Gracias.  Pues comemela.,spa,21748,0,0,0,0,0,0,0,0,0,0,0,0
#ZP2: ms igualdad de gnero y genera!!  Menos #VALLE y ms #VALLA.  #EleccionesYA #elvallenosetoca #Ceuta https://t.co/AOBBztrIA2,spa,23704,0,0,0,0,0,0,1,0,0,0,1,1
Migracin dominicana cobra 5mil pesos a indocumentados para no deportarlos #Latinoamrica #RepblicaDominicana #Deportacin #Indocumentados https://t.co/0pa5yG7PE4 https://t.co/Do4foMUokE,spa,22463,0,0,0,0,0,0,0,0,0,0,0,0
FTBOL CHILENO FECHA 18 #UnionLaCalera 1-1 #Palestino  #Benitez 19' marco para los 'Arabes' que quedan novenos con 21 unidades. #Nuez 72' anot para #LaCalera que desaprovech la https://t.co/2YfXUja9DM,spa,23219,0,0,0,0,0,0,0,0,0,0,0,0
Vaya joyota el gabacho https://t.co/XD4zH1nwfI,spa,20651,0,0,0,0,0,0,0,0,0,0,0,0
Menos mal que no habia twitter en la edicion de Virgina porque eso si que era acoso y derribo. Y no las tonterias de este ao. #OTDirecto13D,spa,23217,0,0,0,0,0,0,0,0,0,0,0,0
Maestros de la manipulacin y borregos que lo difunden. Miedo racista al inmigrante pobre!!! Preguntale al turista americano quien le ha colado el miedo. https://t.co/dFp0CSFEfU,spa,24861,0,0,0,0,0,0,1,0,0,0,1,1
me he despertado con muchsimas ganas de: pedirme un happy meal y de pegarle a alguien en la cara o en la polla,spa,20648,0,0,0,0,0,0,0,0,0,0,0,0
Que guarra tienes que ser en el catre  Cuando quiero con quien quiero https://t.co/nBUSE7ejJb,spa,23184,0,0,0,0,0,0,0,0,0,0,0,0
A esta guarra le gusta ensear el coo: #morenas #porn #sexooral https://t.co/3hZlUMKkcv,spa,22212,0,0,0,0,0,0,0,0,0,0,0,0
@inspirationjin Callate perra si no lo quieres apoyar no lo apoyes y ya Ahorrate tus comentarios,spa,22158,0,0,0,0,1,0,0,0,0,1,1,1
@martinezlleixa @1daniel197 Callate hijo de perra,spa,22586,0,0,0,0,1,0,0,0,0,1,1,1
Puto sudaca de mierda   https://t.co/FwFRovNuHk,spa,24088,0,0,0,0,0,0,0,0,0,0,0,0
Jajajaja! Qu tos cachondos los albailes: https://t.co/bbRkSBowj7 Cmo bromean.,spa,21271,0,0,0,0,0,0,0,0,0,0,0,0
creo que soy trans... transpirado por el calor la puta madre fro volv perdn por no valorarte como te mereces,spa,23378,0,0,0,1,0,0,0,0,0,0,0,1
@LaliMancuello Pero no fue lo q quiso decir. Adems dijo q tiene amigas q sufren acoso y q ella les dice q habln q no se qued callada.,spa,23792,0,0,0,0,0,0,0,0,0,0,0,0
@alwayshateme_ @johan_taps cual ping si tu eres sudaca ademas entiende ptm HITS PUTOS NORMALES NO HITS QUE VAN CON COMBOOO,spa,22799,0,0,0,0,0,0,0,0,0,0,0,0
Russell Simmons recibe nueve denuncias ms por violacin y acoso sexual https://t.co/41y1DLKAYI,spa,24577,0,0,0,0,0,0,0,0,0,0,0,0
Y t eres una maldita escoria con una repugnante inclinacin por los hombres.. Seres como t me producen nuseas! https://t.co/TaHDcpZdnm,spa,21255,0,0,0,0,0,0,0,0,0,0,0,0
Padres indocumentados realizan huelga de hambre para exigir liberacin https://t.co/sfPzvaYx8a https://t.co/RccVjP5dv6,spa,23934,0,0,0,0,0,0,0,0,0,0,0,0
Todas las veces que oigo a un inmigrante hablar de su pas de acogida solo escucho palabras de agradecimiento. Despreciar el lugar que te lo ha dado todo solo est bien visto en Catalua.,spa,24819,0,0,0,0,0,0,0,0,0,0,0,0
@sextaNoticias 52% de Catalanes quieren que te calles la puta boca,spa,23191,0,0,0,0,0,0,0,0,0,0,0,0
Ser inmigrante en la era Trump: la experiencia de una docente argentina https://t.co/3piDP6qk9b va @LANACION,spa,21789,1,0,0,0,0,0,0,0,0,0,0,1
@FacuPonce05 cllate y deja d decir puta,spa,21051,0,0,0,0,0,0,0,0,0,0,0,0
@JoseAMeadeK Si tu eres lo mejor puta madre q sera la peor,spa,21681,0,0,0,0,0,0,0,0,0,0,0,0
Negratas con 6 patas https://t.co/iLc3uQeA61,spa,22677,0,0,0,0,0,0,0,0,0,0,0,0
Hermano el que el que dice puta a una mujer ofende al hombre tambin porque si las mujeres son putas todos nosotros somos cabrones y aparte como le diramos a la mujer que nos pario madre puta o puta madre https://t.co/TPzI2p4sv7,spa,24417,0,0,0,1,0,0,0,0,0,0,0,1
@cvaloor T ni tu puta coalicin me van a ensear de izquierdas... fracasados!,spa,22827,0,0,0,0,0,0,0,0,0,0,0,0
Este es un buen tema llamado Arabe https://t.co/Te9zAW53YP,spa,21511,0,0,0,0,0,0,0,0,0,0,0,0
@joancach @DaleFiera @mauroboselli Toito otra vez tu??? Ya cllate y disfuta el triunfo de nuestro equipo ta perra puta madre!!!,spa,24984,0,0,0,0,1,0,1,0,0,0,1,1
Es que tu eres biennn puta pero putea pa ya pal carajo,spa,23593,0,0,0,0,0,0,0,0,0,0,0,0
@andygallego1 tu eres d siempre zorra,spa,23473,0,0,0,0,1,0,0,0,0,0,1,1
SOS tremenda puta no lo mereces un hombre bueno. puta barata como todas tus amigas gatos de cuarta @yas__mendeguia @_ymartu @labandadeyas1 https://t.co/SscswKRgAh,spa,23627,0,0,0,1,0,0,0,0,0,0,0,1
Es que no sois conscientes algunos de lo mal que lo pasan los perros por culpa de los petardos de la polla,spa,20933,0,0,0,0,0,0,0,0,0,0,0,0
Un to me ha tirado ficha por la foto con la olla en la puta cabeza en Instagram de verdad ya es que no puedo ensear ni mi olla roosa,spa,21364,0,0,0,0,0,0,0,0,0,0,0,0
Viste esto? Entrate cules son los nuevos dictmenes: https://t.co/Qb3tYp2saQ,spa,21538,0,0,0,0,0,0,0,0,0,0,0,0
@FabSopee la perra y pega cuernos del grupo @JeonYumii la callada pero peligrosa @NakamotoNanii le vale verga y rompe corazones https://t.co/KcNU6wPoVu,spa,21015,0,0,0,0,1,0,0,0,0,0,1,1
@marisinha11 @Cris_noticias Callate hijo/a de puta. Vos no trabajaras. Basura. Vemos los negros de mierda delincuentes que son. Que asco dan basuras kks y zurdos. El Estado somos los que no bancamos a la bitcj falsa abogada. Somos los que pagamos impuesto,spa,23199,0,0,0,0,1,0,0,0,0,1,1,1
@valerynimala @ESPNmx @futpicante @Chivas Callate puta,spa,20245,0,0,0,0,0,0,0,0,0,1,1,1
Miki nadal callate la puta ducha de los cojones del papa,spa,22279,0,0,0,0,0,0,0,0,0,1,1,1
Amo el gabacho .,spa,22231,0,0,0,0,0,0,0,0,0,0,0,0
Por que las mujeres van de a 2 al bao? por mientras una caga la otra le aprieta la cabeza para que salga toda la mierda.,spa,21204,0,0,0,0,0,0,0,0,0,0,0,0
Nada ms rico que Zacahuilt de la gera y una coca,spa,20770,0,0,0,0,0,0,0,0,0,0,0,0
PERO CALLATE PUTA @Mausagus te amo,spa,22046,0,0,0,0,0,0,0,0,0,1,1,1
Hay una gran cantidad que no  son refugiados los cuales entran con otros intereses. https://t.co/zYNIUJGOZy,spa,22324,0,0,0,0,0,0,0,0,0,0,0,0
Siria crea un comit gubernamental para el retorno de los refugiados https://t.co/U1xz7jrwDq,spa,22825,0,0,0,0,0,0,0,0,0,0,0,0
@Antweetmoral t cllate hija de perra https://t.co/rHAD9hosVI,spa,20989,0,0,0,0,1,0,0,0,0,0,1,1
Datos de @MigracionCol muestran que los departamentos del Norte de Santander y La Guajira son quienes ms reciben migrantes venezolanos. Ellos son vulnerables a la violencia y reclutamiento de grupos armados ilegales. Detalles en informe de @WOLA_org https://t.co/Hs8qDywb3s #OVCS,spa,21740,0,0,0,0,0,0,0,0,0,0,0,0
@_Martinowo_ Cllate tonto pasemos un buen ao que seguro que nos va de puta madre hazte caso,spa,20606,0,0,0,0,0,0,0,0,0,0,0,0
Ms de putos moros  https://t.co/7csHuuOvzP,spa,20637,0,0,0,0,0,0,0,0,0,0,0,0
Mi novia es la mujer ms hermosa que he visto en mi perra vida.,spa,24219,0,0,0,1,1,0,0,0,0,0,0,1
@ISexrol Seguro que esa chica es la ms puta de tu serie.,spa,21503,0,0,0,0,0,0,0,0,0,0,0,0
@Tomichillado @agusbertin_ Sos un hijo de puta pero te mereces q te de un sanguche de milanesa,spa,24405,0,0,0,0,0,0,0,0,0,0,0,0
No volver a responder a la palabra Gabacha. As que ah se queda. Con uno tuvo suficiente.,spa,20558,0,0,0,0,0,0,0,0,0,0,0,0
CLLATE ASQUEROSA PUTA DE MIERDA ZORRA https://t.co/VY4kIfLFNe,spa,21881,0,0,0,0,1,0,0,0,0,0,1,1
@lulitasanchez_ Cllate zorra envidiosa,spa,24767,0,0,0,0,1,0,0,0,0,0,1,1
@YXXVXGV Cllate perra ascerosa,spa,21963,0,0,0,0,1,0,0,0,0,0,1,1
Perro que perra y cobarde que eres pedacito de mierda es lo que tu eres VI O LA DOR.,spa,22698,0,0,0,0,1,0,0,0,0,0,1,1
@patty_diablito @CrisAsmr @patty_dragona @Makiman131 callate tu . patty es una puta y siemrpe lo sera,spa,23763,0,0,0,0,0,0,0,0,0,1,1,1
Se llenarn las naves espaciales  de Venezolanos  Q Gracias a @NicolasMaduro ya han aprendido a sobrevivir solo comiendo mierd@ cubana  La @NASA puede ayudar a los millones de inmigrantes Q ya huyen de el pais  porque no hay mierd@ pa Tanta gente !.! https://t.co/kaC9JVE2Wx,spa,23694,0,0,0,0,0,0,0,0,0,0,0,0
hasta la polla de inventarse palabras y tendencias de cosas que existen desde a saber cuanto tiempo y se llama COMER SANO Y OMNIVORO AAAAAAAAAAAAAAAAAAAAAAAAAAAAAAAAAAAAAAAAAAAAAAAAAAAAAAAA https://t.co/v9W3gYHb0E,spa,20425,0,0,0,0,0,0,0,0,0,0,0,0
el tema Arabe me hace mover el orto solo,spa,22989,0,0,0,0,0,0,0,0,0,0,0,0
@jubarrientoss Cllate puta que vos sos cmplice,spa,24291,0,0,0,0,0,0,0,0,0,0,0,0
hostia puta. Un beso y feliz navidad,spa,20859,0,0,0,0,0,0,0,0,0,0,0,0
@AgostinaArand10 @Makiman131 Agostina Aranda cllate puta lo de makiman es peor,spa,23369,0,0,0,0,0,0,0,0,0,0,0,0
Hoy me encontr a una persona que es de origen mexicano que no habla espaol (hasta aqu todo bien) pero QUE NO HAYA NACIDO AQU? QUE SE HAYA VENIDO DE MOJADO DESDE MEXICO Y SEA INDOCUMENTADO Y NO HABL ESPAOL? NO ME JODAS MALDITO QUE TIENE CARA DE VENDER TAMALES EN PUEBLA,spa,22581,0,0,0,0,0,0,0,0,0,0,0,0
Radio Habana Cuba | Restituye Espaa salud gratuita a inmigrantes indocumentados: https://t.co/OsqUUNnVTE,spa,23539,0,0,0,0,0,0,0,0,0,0,0,0
@JordiWild Que te calles ya pesao... ACEPTALO DE UNA PUTA VEZ Y dejalo ya en el pasado pide disculpas y ya conbio,spa,20159,0,0,0,0,0,0,0,0,0,0,0,0
Un sirio-libans narco-terrorista y un cretino colombiano indocumentado ttere de Cuba... Este par de malditas piltrafas gobiernan en Venezuela... https://t.co/KMU1rscH5C,spa,22622,0,0,0,0,0,0,1,0,0,0,1,1
El biribiri de las estupidas adolescentes manipuladas por la #femimoda aburre a la sociedad y enoja a los abusadores. #feminazis,spa,23888,0,0,0,0,0,0,0,0,0,0,0,0
Cuando el coreano se pone caliente pero tu eres una perra fria mas fria que rusia gil culiao nomas https://t.co/qFF6eunZLt,spa,21209,0,0,0,0,1,0,0,0,0,0,1,1
@Night_D_S Callate la boca pendeja de 14 aos con delirios de madurez y la puta que te pario,spa,20499,0,0,0,0,0,0,0,0,0,1,1,1
@Brigitte_Grey Perra /\ te ensear lo que es el nuevo orden mundial,spa,23086,0,0,0,0,1,0,0,0,0,0,1,1
@Juanmaherrera27 @YouTube a saber que hijo de puta te la ensearia,spa,20543,0,0,0,0,0,0,0,0,0,0,0,0
Puta madre mi novia es una belleza,spa,23687,0,0,0,0,0,0,0,0,0,0,0,0
Nacho pedazo de negro indocumentado,spa,23162,0,1,0,0,0,0,0,0,0,0,0,1
Con un paro estructural de 15% no hay trabajo para NINGN inmigrante ms y sobran muchos de los presentes. Los africanos que traen en patera o trabajan ilegalmente o hunden los salarios o viven de nuestros impuestos. Son un lastre. https://t.co/4wOXmZud9T,spa,21923,0,0,0,0,0,0,0,0,0,0,0,0
@passion_vigna Igual lei que le decian perra a laurita ipocrita que no se merecia el bailando cornuda muchas cosas feas y lei cosas de las fans de lau tambien es horrible,spa,20798,0,0,0,0,1,0,0,0,0,0,1,1
La coalicin rabe niega haber atacado Al Hudeida y asegura que el ataque contra un mercado y un hospital que dej ayer ms de 50 muertos fue perpetrado por los rebeldes hutes con proyectiles de mortero. #Yemen,spa,20930,0,0,0,0,0,0,0,0,0,0,0,0
Cepeda eres la puta viuda negra. Y llegars a la final quitndole el puesto otro que se lo merezca ms. #hedicho #OTGala7,spa,23711,0,0,0,0,0,0,0,0,0,0,0,0
la familia de mi novia es lo mejor qu hay la puta madre,spa,23576,0,0,0,0,0,0,0,0,0,0,0,0
@abdalabucaram Hijo de puta...! 'Espero q me leas' tu eres el q tiene q estar preso rata maldita pronto t llegara la hora..! Espero y te quedes a afrontar tus actos como 'hombresito' si es q lo eres y no sales huyendo hdp..!,spa,22205,0,0,0,0,0,1,0,0,0,0,1,1
@PakoAyestaran LRGATE GACHUPIN DE MIERDA,spa,22901,0,0,0,0,0,0,0,0,0,0,0,0
@gekike Cllate! Zorra insensible.,spa,24585,0,0,0,0,1,0,0,0,0,0,1,1
Hoy a eso de las 21:00 hrs tendremos crossover con el tata Seba de Sudaca Gamer en donde estaremos conversando y aclarando varios puntos sobre uno de los considerados peores juegos dentro de la franquicia Castlevania. Akumajo Dracula Mokushiroku.,spa,23345,0,0,0,0,0,0,0,0,0,0,0,0
@Asensifc Pasa buenas fiestas con tu familia tu que puedes. #EseEsElMensaje y callate la puta boca. #nimurcianasnihostias. Y las hostias q te deberian dar a ti por puto bocaza.,spa,21265,0,0,0,0,0,0,0,0,0,1,1,1
El banquero alemn de la Operacin Flight Money hizo gestiones para unos comerciantes rabes de Margarita | Por @Ewalds6 https://t.co/rx4mQtltOy https://t.co/HyJjC1qpSW,spa,24856,0,0,0,0,0,0,0,0,0,0,0,0
@g23_o Cllate perra de Twitter,spa,23795,0,0,0,0,1,0,0,0,0,0,1,1
@iTzAngelZzz @xxxeyeless Haber pendejo tu ni eres top ni de tu puta casa mejor callate ya alv,spa,23667,0,0,0,0,0,0,0,0,0,1,1,1
perra cllate la boca y contina tu desafo  https://t.co/jKWSPZvQED,spa,21573,0,0,0,0,1,0,0,0,0,0,1,1
Callate zorra chupa pija,spa,20638,0,0,0,0,1,0,0,0,0,1,1,1
dices que eres super puta porque le diste tu numero a un chamo que ni conocas ... cllate nia rata,spa,20833,0,0,0,0,0,1,0,0,0,0,1,1
Racismo es no permitir que te eche mis geros en la espalda.,spa,24733,0,0,0,0,0,0,0,0,0,0,0,0
Operadores de Pick Me App denuncian acoso y violacin a derechos https://t.co/WSI7sj114h https://t.co/KpwNSyO9np,spa,24132,0,0,0,0,0,0,0,0,0,0,0,0
Ah no podes ser tan hijo de re mil puta la re cajeta de tu madre pendejo del orto mereces ser torturado https://t.co/hktW1IMIC2,spa,23865,0,0,0,0,0,0,0,0,0,0,0,0
Telediario de las 15 h: - alemanes siembran el pnico en metro de Valencia. - rumanas carteristas en metro de Barcelona. - rabes agreden a turistas en Barcelona. Racismo? NO,spa,20522,0,0,0,0,0,0,0,0,0,0,0,0
@chemoide33 Pero la mujer es igual de puta que el porque lo sabia y no dijo nada ojala les pase lo mismo con su hija aver que les parece,spa,22378,0,0,0,1,0,0,0,0,0,0,0,1
@AgustinGregok Cllate hijo de perra,spa,24348,0,0,0,0,1,0,0,0,0,0,1,1
Gera Gera...,spa,22978,0,0,0,0,0,0,0,0,0,0,0,0
Por qu las mujeres tienen el agujero del culo y el del coo tan juntos?Para poder agarrarlas como un pack de cerveza.,spa,22571,0,0,0,0,0,0,0,0,0,0,0,0
@PepeGonzalezRP @EsmeSese Diappoler* jajaja cllate Pepe nio polla Si me han llenado de notificacines jajajajaja,spa,20027,0,0,0,0,0,0,0,0,0,0,0,0
@beyondthesvn no lo eres. callate jode. hostia puta ya no te digo la gira que estoy intentando sacar maldito,spa,21196,0,0,0,0,0,0,0,0,0,1,1,1
@nayibha @proxydelKremlin @francesc112233 T apoyas a la escoria terrorista del estado espaol puto imbcil,spa,21246,0,0,0,0,0,0,1,0,0,0,1,1
@la_patilla Desgraciado hijo de perra cantante panameo ojal que un venezolano t de lo que te mereces,spa,23140,0,0,0,0,1,0,0,0,0,0,1,1
@AFDLP Bueno pues entonces en vez de olvidar repetiremos una vez ms: 'mi novia es del sevilla y es una puta ms!!!' #minoviaesdelsevillayesunaputamas @AntonioAdan13 todo nuestro apoyo!!!,spa,22252,0,0,0,0,0,0,1,0,0,0,1,1
@RanguGamer T puedes rangu si pudiste con la zorra de Dahlia podrs con esta t eres el phoniex de la vida real,spa,23733,0,0,0,0,1,0,0,0,0,0,1,1
@anaisbernal Si no tienes cuenta en Suiza...no mereces la pena,spa,23075,0,0,0,0,0,0,0,0,0,0,0,0
@diegobossio CALLATE CINICO HIJO DE PUTA...YO TE VI APLAUDIR CUANDO LA KRETINA LOS LLAMABA CARANCHOS!!!!,spa,24540,0,0,0,0,0,0,1,0,0,1,1,1
Lo de la madre de Bin Laden parece una escena del Carmina o revienta rabe https://t.co/yi7wCsIjno,spa,22907,0,0,0,0,0,0,0,0,0,0,0,0
Curso de Arabe: https://t.co/EOeRN9Fc9J a travs de @YouTube,spa,23659,0,0,0,0,0,0,0,0,0,0,0,0
Y la remata el padre enseandole a la hija a sacar plata puta madreeeee,spa,23684,0,0,0,0,0,0,0,0,0,0,0,0
@RoyBarreras mira que tu eres bandido y criminal al igual que santos mas temprano que tarde pagaran sus crimenes escoria basura,spa,23912,0,0,0,0,1,0,0,0,0,0,1,1
Es odioso ser perra con mi madre pero te juro esta mujer es insoportableeeee Ok,spa,23089,0,0,0,1,1,0,0,0,0,0,0,1
Pues gg rabe. Ser luego...,spa,22878,0,0,0,0,0,0,0,0,0,0,0,0
Le dije a mi hermana que el sbado me haga una chocolina o empanadas rabes por que me merezco un premio por tener dos 10 en fsica y en biologa,spa,23791,0,0,0,0,0,0,0,0,0,0,0,0
Me pasa con mis amigos rabes :v https://t.co/OeEAAKeBDS,spa,21310,0,0,0,0,0,0,0,0,0,0,0,0
@JorgeUrielPeal2 @JAIMEXELPINGU7 @YixGamingXD @leandronahuelv5 @AdairGT Tu eres solo mia zorra >:'v,spa,23418,0,0,0,0,1,0,0,0,0,0,1,1
Espaa crea su primer 'campo de refugiados' en la baha de Algeciras. INMIGRANTES ILEGALES   https://t.co/sc3HCEu7wB SANCHEZ DIMISIN ELECCIONES YA!!,spa,22706,0,0,0,0,0,0,1,0,0,0,1,1
#Polica  | Van tras asesinos de El Gero https://t.co/OQgvqG1gaH,spa,24141,0,0,0,0,0,0,0,0,0,0,0,0
VAMOS LA PUTA MARE VAMOS VAMOS SE LO MERECIA VAMOS DIOS COMO SUFRI LPM ENVA BAILA FLOR AL 13013,spa,22452,0,0,0,0,0,0,0,0,0,0,0,0
Quiero ensearos la cremita de manos que me he comprado hoy... Es una puta concha https://t.co/V7mawutBIA,spa,20423,0,0,0,0,0,0,0,0,0,0,0,0
@_Sofiasosa_ Callate si ni me mandas zorra,spa,21167,0,0,0,0,1,0,0,0,0,1,1,1
Otra puta vez enseando prioridades.,spa,22291,0,0,0,0,0,0,0,0,0,0,0,0
Me conocen porque siempre estoy en modo arabe,spa,22994,0,0,0,0,0,0,0,0,0,0,0,0
Os voy a ensear una foto muy guarra mia,spa,20563,0,0,0,0,0,0,0,0,0,0,0,0
Lo peor es que luego los lees y estos simios deformados insinan que la mujer es malvada y una zorra muajajajaja en el fondo siento lastima por estos seres,spa,20084,0,0,0,1,1,0,0,0,0,0,0,1
Vamos hacerlo' No te ensearon que va un conector en el medio hijo de puta!,spa,20686,0,0,0,0,0,0,0,0,0,0,0,0
Lo bueno es que me dijo gracias y no callate puta como siempre,spa,21984,0,0,0,0,0,0,0,0,0,1,1,1
Uno se cree el ms machito hasta que entra al bao y se encuentra con 3 rabes gritando en su idioma.,spa,24545,0,0,0,0,0,0,0,0,0,0,0,0
@AriiSayago Ay callate perra si siempre voy a tu casa bueno hiba porque hsce cuanto no voy jajajaj,spa,22685,0,0,0,0,1,0,0,0,0,1,1,1
- Cul es tu problema? - Mi novia es tremenda perra !!! https://t.co/2urGCRqisC,spa,23194,0,0,0,0,1,0,1,0,0,0,1,1
@Anilinda007 Callate bot hijo de puta,spa,22766,0,0,0,0,0,0,0,0,0,1,1,1
#Catalunya #Canarias no queremos indocumentados en nuestro pais desde Barcelona hasta #lanzarote existen estas mafias que no cotizan vendiendo en la calle arruinando a los pequeos negocios y prostituyendo a las mujereS  #Idonotwantmafias in #Spain  https://t.co/QkByE3bDnb,spa,20639,0,0,0,0,0,0,0,0,0,0,0,0
rabes HDP  https://t.co/SiU9oFanD0,spa,21602,0,0,0,0,0,0,0,0,0,0,0,0
@mjossandon @guillier Cllate hijo de puta vendido!!,spa,22285,0,0,0,0,0,0,1,0,0,0,1,1
@SergioMassa @GracielaCamano @PatoBullrich Cllate hijo de puta. Ponete a laburar chorro. Narco,spa,24300,0,0,0,0,0,0,0,0,0,0,0,0
Q paso mi lic no lo veo desde el ao pasado jejeje S s cllate hijo de perra,spa,23015,0,0,0,0,1,0,0,0,0,0,1,1
@quintinLLP dej de provocar hijo de puta porque cuando se de vuelta la tortilla te vas a arrodillar llorando pidiendo clemencia y la presidencia del Bazofi,spa,22353,0,0,0,0,0,0,0,0,0,0,0,0
Quien coo esta votando me cago en la puta os merecis un machete en la trquea siempre fiel a las lentejas cabrones https://t.co/ifqcSLX3qi,spa,21253,0,0,0,0,0,0,0,0,0,0,0,0
@JorgeCalabres T eres lo peor del mundo grandsimo hijo de perra,spa,22450,0,0,0,0,1,0,0,0,0,0,1,1
Exacto! #puralata #feminazis #HombreAbusado https://t.co/zTEvaftxcd,spa,23415,0,0,0,0,0,0,0,0,0,0,0,0
Geros  Nunca estars a salvo  Her https://t.co/kRgqphFh9R,spa,23328,0,0,0,0,0,0,0,0,0,0,0,0
@antu_cerevin @BornetVane Callate perra jajajajajajajajajaja,spa,22464,0,0,0,0,1,0,0,0,0,1,1,1
@NuriaJagger @Nikiitins CLLATE ZORRA,spa,24093,0,0,0,0,1,0,0,0,0,0,1,1
@Placedalia1 Tu eres mas de Estar guarra,spa,23400,0,0,0,0,0,0,0,0,0,0,0,0
CALLATE YA NO TE PUEDES ESTAR RIENDO CADA PUTA FRASE CALLATE A LA VERRRRRGA YAAAA,spa,24539,0,0,0,0,0,0,0,0,0,1,1,1
Un ilegal de Nigeria decapita en el metro de Hamburgo a su ex novia alemana y a su hija de un ao y la prensa trata de ocultarlo (video) https://t.co/fjX0b42UQX,spa,23365,0,0,0,0,0,0,0,0,0,0,0,0
ESTA TERRIBLE ARABE DE ECKO AMIGO QUE CHABON CON FLOW,spa,20363,0,0,0,0,0,0,0,0,0,0,0,0
Le dije a una chica que tengo rasgos arabes por la familia de mi pap y est fangirleando a full y no entiendo por qu,spa,21533,0,0,0,0,0,0,0,0,0,0,0,0
@PabloTinoco Cllate perra y ven a calentarme que hace fro. PD. Te extrao.,spa,20333,0,0,0,0,1,0,0,0,0,0,1,1
@LucasSpadafora Lucas callate que no lees dm nunca la puta que te pario ahre,spa,20160,0,0,0,0,0,0,0,0,0,1,1,1
@MarinaAlbiol Tu eres una perra comunista!,spa,22966,0,0,0,0,1,0,0,0,0,0,1,1
#AnteTodoSonNios Yo ya he firmado el manifiesto de @unicef_es para proteger a los nios refugiados. Smate. https://t.co/0ho0gHoO2U,spa,23692,0,0,0,0,0,0,0,0,0,0,0,0
Campaa para que ley Rapa Nui se extienda a todo el pas y as frenar la inmigracin,spa,24420,0,0,0,0,0,0,0,0,0,0,0,0
@infobae Yo te prenderia fuego por perra !!! Q culpa tiene ese angelito q estes tan cagada de la cabeza !! No mereces ser madre !,spa,20656,0,0,0,0,1,0,1,0,0,0,1,1
@ColiTerry Escuch muy atentamente su intervencin y no pudo decir ms tonteras en menos tiempo. No tiene ni puta idea de nada y menos de vela. Te leer en el ABC,spa,21291,0,0,0,0,0,0,0,0,0,0,0,0
Y que haya en este pais espaoles RETRASADOS que apoyan la inmigracin. https://t.co/IHJ6pR34qn,spa,24788,0,0,0,0,0,0,0,0,0,0,0,0
Hay racismo cuando no creen que soy su hermana porque soy gera @unpentagono @medicenlore https://t.co/9iHeSpHOIi,spa,20251,0,0,0,0,0,0,0,0,0,0,0,0
@diegocruzva @SiletiumNaturae De hombre a hombre: Cllate de una puta vez que no tienes ni puta idea,spa,20635,0,0,0,1,0,0,0,0,0,0,0,1
#Noticiasdelalinea: Detienen en Guatapanal motocicleta y nacional haitiano indocumentado https://t.co/qs9MTKddqK,spa,20012,0,0,0,0,0,0,0,0,0,0,0,0
@gonzozaqw @_piturros tu callate un mes perra,spa,22031,0,0,0,0,1,0,0,0,0,1,1,1
Si esa perra no te valora botala mereces alguien mejor,spa,21720,0,0,0,0,1,0,0,0,0,0,1,1
el es un capo!!! la mujer es una zorra !!! https://t.co/8WMjuYt3Uh,spa,24787,0,0,0,1,1,0,1,0,0,0,0,1
Espero que tengan un buen ao y reciban lo que merezcan menos yo porque yo me jodera por puta JAJAJAJAJJAJAAJAJAJAJJAJAJAJA,spa,22534,0,0,0,0,0,0,0,0,0,0,0,0
@ximeeacuna @liveforlouisx Sobre un poltico que tiene denuncias por violacin y acoso sexual a menores,spa,20570,0,0,0,0,0,0,0,0,0,0,0,0
Me da 1 puta rabia q me digan lo que tengo que hacer uf cllate dos siglos nen,spa,21551,0,0,0,0,0,0,0,0,0,0,0,0
Refugios de menores inmigrantes en manos de depredadores sexuales @EPN @lopezobrador_ @M_OlgaSCordero @AristeguiOnline @CIDH @CIDHMX  https://t.co/u1FyOerA5D https://t.co/JVHD6DEgY8,spa,21237,0,0,0,0,0,0,0,0,0,0,0,0
Buah qu guarra eres por llevar escote unga unga qu puta unga unga llegar a chuparme la polla? unga unga https://t.co/0U8TbtwnZD,spa,20729,0,0,0,0,0,0,0,0,0,0,0,0
Los refugiados llegaron a Valparaso el 3 de septiembre de 1939 (Wikipedia). https://t.co/CbATPXjUxo,spa,22429,0,0,0,0,0,0,0,0,0,0,0,0
@miquelreyes23 que t eres del 1999 hijo de puta,spa,24683,0,0,0,0,0,0,0,0,0,0,0,0
@NatyBurgos15 @Horaciogenta @PaolaPa05 Cllate vos Black and bitch como la puta falsa abogada. Espero se pudra en la crcel y devuelva todo. Dedcate a estudiar en serio. La droga es mala. Cristina puta,spa,21152,0,1,0,0,0,0,0,0,0,0,0,1
@VictorNarduzzi Cllate zorra https://t.co/nFS9rJtJm0,spa,23554,0,0,0,0,1,0,0,0,0,0,1,1
Menuda puta mierda...Otra vez ha vuelto a ganar Cepeda cuando no se lo mereca #OTGala7,spa,24098,0,0,0,0,0,0,0,0,0,0,0,0
@hydrasitoo Mira hydrox de los cojones se me est inflando la puta panocha ya cllate un puto mes cabezabunque,spa,20339,0,0,0,0,0,0,0,0,0,0,0,0
Los ultras groguicidas tienen bula e impunidad total para ir a la caza del golpista indepe catalufo separata todo por la patria viva franco y viva letizio  https://t.co/3EcJpPcwlS,spa,20821,0,0,0,0,0,0,0,0,0,0,0,0
@kiarafloor callate puta de mierda lo dijiste por mi pelotuda olor a culo cara de culo culo en los pies culo con cara concha de culo olor a culo te llama tu mama la culo sabes culo,spa,20976,0,0,0,0,0,0,0,0,0,1,1,1
@maricucha568 @TRICICLODELPERU @roxcanedo Tu eres puta..tienes maridos seguro,spa,20350,0,0,0,0,0,0,0,0,0,0,0,0
@SoulCarefree ja! en verdad eso crees? tu eres la que no aguantara hacerme un paizuri sin enamorarte de mi polla,spa,22188,0,0,0,0,0,0,0,0,0,0,0,0
#OJO Detienen a 95 #indocumentados en desierto de Arizona #migracin #internacional  https://t.co/h04VR2nKJJ https://t.co/lByJY2iXaJ,spa,24980,0,0,0,0,0,0,0,0,0,0,0,0
No es puerto seguro. Un rescate no puede terminar ah. El jefe de rescate del 'Aquarius' asegura que su barco no dejar a ningn inmigrante en Libia https://t.co/PgIvEr6QVa,spa,22919,0,0,0,0,0,0,0,0,0,0,0,0
No os voy a ensear lo guapo que est @Dosek14 hoy porque soy una puta egosta de mierda.,spa,24242,0,0,0,0,0,0,0,0,0,0,0,0
No crean que #AMLO fue a la selva lacandona a reunirse con el #EZLN... no! ms bien anda en el rancho de su compadre el gero Velasco #FaltaLoQueFalta,spa,23122,0,0,0,0,0,0,0,0,0,0,0,0
Enamorada de Arabe  siempre rompiendola @_eckoyg,spa,24074,0,0,0,0,0,0,0,0,0,0,0,0
@s0ymia JAJAJA YA CLLATE PERRA DRAMTICA DAS PENA Y RISA,spa,21548,0,0,0,0,1,0,0,0,0,0,1,1
@OrnePrete Callate que cuando yo me valla vos vas a estat igual zorra de mierda,spa,21902,0,0,0,0,1,0,0,0,0,1,1,1
Digo A y mi hermana ya esta 'Callate zorra' JAJAJSJAAJA,spa,23784,0,0,0,0,1,0,0,0,0,1,1,1
98167. Tu eres una perra maldita sin corazn JAJAJAJAJAJA,spa,22437,0,0,0,0,1,0,0,0,0,0,1,1
No puedo dejar de escuchar rabe lpm BASTAAAA,spa,22132,0,0,0,0,0,0,0,0,0,0,0,0
Miguel por favor cllate de una puta vez,spa,22149,0,0,0,0,0,0,0,0,0,0,0,0
Esto te pasa por ser una zorra.. Toma taponazo en la cara  https://t.co/YyiLUtjUSM,spa,24643,0,0,0,0,1,0,0,0,0,0,1,1
@BeeluArzola De que amores hablas hija de mil puta? No te llenes la boca con Dios yegua de mierda no mereces ser madre TURRA MAL PARIDA.,spa,23166,0,0,0,0,0,0,0,0,0,0,0,0
@TetasHD Movimiento SEMEN RT please!,spa,21328,0,0,0,0,0,0,0,0,0,0,0,0
@PoleoRafael Mira hijo de puta mejor cllate la gran jeta malparido a ella y a cualquier virgen la pueden vestir como le den la gana t eres el culpable de esta desgracia de 20que callo sobre Venezuela y eso no lo vamos a olvidar hijo de puta,spa,20124,0,0,0,0,0,0,0,0,0,0,0,0
#QueenOfTheSouth just catching up #rip El Gero,spa,23361,0,0,0,0,0,0,0,0,0,0,0,0
no s como ensear a mi gata a que no se meta en la puta olla,spa,23578,0,0,0,0,0,0,0,0,0,0,0,0
Mi prima est esta mirando el partido y le dije q iban a perder y me dice CLLATE HIJA DE PUTA q amor,spa,21451,1,0,0,0,0,0,0,0,0,0,0,1
@Solanopo Se merecan 40 balazos en la nuca hijos de puta la represinque no fue tal fue pq agredieron con todo ustedes forros,spa,24086,0,0,0,0,0,0,0,0,0,0,0,0
Vamo y la puta madre por fin algo justo Mica mereca estar entre los seis mejores hoy bailo mejor que todos vamos por el campeonato ahora la puta madre que felicidad gracias diosito Me calme @MicaViciconte @MoliniersReal @DelfiGEscudero https://t.co/FwoZu16Gvl,spa,23752,0,0,0,0,0,0,0,0,0,0,0,0
hay algunos 'popular opinion' que me dan ganas de darle quote y decirle mnimo QUE T HACES HIJUE PUTA CALLATEEE pero como es la opinin de los dems puess...,spa,23349,0,0,0,0,0,0,0,0,0,0,0,0
@heavenskarIa Deja de provocarme maldita perra,spa,20229,0,0,0,0,1,0,0,0,0,0,1,1
Easyjet quiere duplicar el nmero de mujeres piloto' Vers t para aparcar el avin.. http://t.co/46NuLkm09x,spa,20001,0,0,0,0,0,0,0,0,0,0,0,0
@Maayymartinez vos sos la zorra callate mayra n te banco,spa,22372,0,0,0,0,1,0,0,0,0,1,1,1
Zidane eres un hijo de puta. Un hijo de puta. El ms hijo de puta de todos. T eres el ejemplo cuando hablamos de hijos de puta.,spa,20528,0,0,0,0,0,0,0,0,0,0,0,0
@FerIglesias sos un tremendo hijo de puta te mereces la peor mierda. salu2,spa,24869,0,0,0,0,0,0,0,0,0,0,0,0
Te pego con un Fierro en la cara y lo Doblas todo culia imagnate lo dura que la tenes,spa,22633,0,0,0,0,0,0,0,0,0,0,0,0
Conductor que transportaba indocumentados es arrestado en Eureka via @DiarioDigitalUS https://t.co/zrxmliA3bY #Eureka #ICE #Migra #indocumetados,spa,24344,0,0,0,0,0,0,0,0,0,0,0,0
Q en los vuelos desde VENEZUELA pongan un billete d 10$ en el bao dl avin. Q abran un taquilla d inmigracin cuando ya todos estn formados. Q pongan bolgrafos sueltos par llenar la plantilla de migracin. All pudieran filtrar justamente a los abusadores y deportarlos PATRAS!,spa,24583,0,0,0,0,0,0,0,0,0,0,0,0
Todos debemos de tener un PLAN B  #OV7 #ErikaZaba #Gera #Holly #PlanB ph: @manolo_e69 https://t.co/dkkrLUCwKM,spa,22800,0,0,0,0,0,0,0,0,0,0,0,0
LOS IMPUESTOS DE LOS INMIGRANTES INDOCUMENTADOS IMPULSAN LA ECONOMIA https://t.co/e8uMBqwfmB,spa,24489,0,0,0,0,0,0,0,0,0,0,0,0
Si escucha tus gemidos obcenos seguro que si as que mejor cllate puta~ https://t.co/GCf6698vzb,spa,21692,0,0,0,0,0,0,0,0,0,0,0,0
@LailaGermanotta Se mereca 3 oscars solo por esa escena. La hada madrina es ESA ZORRA,spa,23453,0,0,0,0,1,0,0,0,0,0,1,1
@AlvaritoMorales Eres el mas estupido comentarista que existe en verdad tu eres una escoria para la profesion!,spa,23180,0,0,0,0,0,0,0,0,0,0,0,0
Cuando publicas basicamente lo mismo pero sos una sudaca injunada :(( https://t.co/zmpBBHbDfQ,spa,23872,0,0,0,0,0,0,0,0,0,0,0,0
@ileeerc Callate vos zorra,spa,23738,0,0,0,0,1,0,0,0,0,1,1,1
En #Olavarra detuvimos a un sujeto perteneciente a la UOCRA tras arrojar basura en la va pblica y darse a la fuga con 94.200 pesos de los que no pudo explicar su procedencia. Circulaba sin papeles reglamentarios. Intent sobornar a los efectivos con dinero. https://t.co/pKWIQw1Fpn,spa,24394,0,0,0,0,1,0,0,0,0,0,1,1
@elopi23 La celebracin de Carmona algn sportinguista an tiene la polla en la garganta #elproblemanoerapacoherrera,spa,21370,0,0,0,0,0,0,0,0,0,0,0,0
El 11 de agosto en la Embajada del Estado de PALESTINA se realizar el 3er encuentro de poesa rabe.. habr sorpresitas.. no se la pierdan...,spa,20684,0,0,0,0,0,0,0,0,0,0,0,0
Es paraguayo indocumentado asqueroso de Gmez se hace el crack y lo nico bueno que tiene es su representante,spa,23424,0,0,0,0,0,0,0,0,0,0,0,0
@Matrisuu @RaccoonLover_ @Soniban_69 que te calles hijo de puta,spa,24476,0,0,0,0,0,0,0,0,0,0,0,0
@aguus_nanni Aaaaa callate maldita perra que vos tambien me tenes abandonada,spa,21075,0,0,0,0,1,0,0,0,0,1,1,1
Este amor por la comida rabe y mediterrnea no se acabar,spa,23165,0,0,0,0,0,0,0,0,0,0,0,0
@Pablo_Iglesias_ Tu eres el menos indicado para hablar de Espaa como patria porque la Odias...largate de una Puta vez con tu Jefe Maduro Gilipollas!!,spa,23491,0,0,0,0,0,0,1,0,0,0,1,1
@OficialYuri gera eres increble una gran noche cantando y bailando contigo https://t.co/7moCV7o9Rw,spa,20566,0,0,0,0,0,0,0,0,0,0,0,0
Ayer las seoras de @rebetk y @DeividVan me llevaron a conocer los suculentos platillos de La Gera y les puedo decir que son garanta,spa,23251,0,0,0,0,0,0,0,0,0,0,0,0
@Zurine3 Como pueden permitir eso? Si fuera una hermana o hija de agun manifestante. Tambien se manifestarian para sacar a ese violador de la carcel?,spa,20389,0,0,0,0,0,0,0,0,0,0,0,0
-Y vosotros por qu habis saltado la valla de Melilla? -Pues hemos odo que era un coladero de indeseables y pall que hemos ido... https://t.co/k1vTgFeBxH,spa,23710,0,0,0,0,0,0,0,0,0,0,0,0
La cumbia del infinito  No conoce las fronteras Se mueve por el Per  Y tambin por el gabacho,spa,22415,0,0,0,0,0,0,0,0,0,0,0,0
@julipozzi33 @Iruustevenot7 Cllate puta,spa,21795,0,0,0,0,0,0,0,0,0,0,0,0
All que vayan las feminazis a reclamar derechos. Los rabes no estn con webadas. https://t.co/4ZqvX5COxw,spa,24207,0,0,0,0,0,0,0,0,0,0,0,0
@Relatofeminista @elsadurst la educacin sexual tambin es aprender que las mujeres con polla existen y son vctimas de violacion... Violan los hombres no las pollas.,spa,20236,0,0,0,0,0,0,0,0,0,0,0,0
Escuelas pblicas enseando a bebs a cantar: Cargol treubanya vuy sortir d'Espaa. Lo estais haciendo de puta madre,spa,20531,0,0,0,0,0,0,0,0,0,0,0,0
Ches geros pendejos!,spa,21883,0,0,0,0,0,0,0,0,0,0,0,0
@ansecas CLLATE LESBIANA HIJA DE PUTA QUE EST AH T HIJO BORT,spa,23781,0,0,0,1,0,0,0,0,0,0,0,1
Si somos sudacas que no se note (?) https://t.co/XD4UoApwoL,spa,21118,0,0,0,0,0,0,0,0,0,0,0,0
@schmidtpil El imbecil creia que habia quimica... Como la pelicula de Demi moore.. el acoso es un asunto de poder y control.. La causa del abuso es el isoso arbitrario de los limites de la dignidad para controlar otra persona a si capricho....,spa,23284,0,0,0,0,1,0,0,0,0,0,1,1
@ian_delaCalva @IrantzuVarela @pikaramagazine Oye por qu no molestas a tu puta madre?,spa,23845,0,0,0,0,0,0,0,0,0,0,0,0
LA INMIGRACIN LEGAL SLO SATISFACE EL 4 % DE LAS NECESIDADES DE LA AGRICULTURA https://t.co/58kBoRzmoM,spa,20819,0,0,0,0,0,0,0,0,0,0,0,0
@Alexaladyekt Q perra tan cojible eres puta yo ya m eh culeado a varias putas d elektra pero se nota q tu eres especial seria rico chiquitearte y darte a beber mis Miados y mis mocos,spa,23574,0,0,0,0,1,0,0,0,0,0,1,1
@DeluxeSabado @maria_patino @socialitet5 Indignada????? Lo que es indignante es el acoso y la provocacin qu hacis con los famosos Bustamante Cayetano Jesuln Kiko es una pasada,spa,24658,0,0,0,0,0,0,1,0,0,0,1,1
Murete zorra que yo no puedo ver Monstruos S.A.  Cllate gilipollas https://t.co/bZA1mGUble,spa,20517,0,0,0,0,1,0,0,0,0,0,1,1
Las ampliaciones de la valla de Melilla de los ayuntamientos del PP desplazan lentamente de los malnacidos de Manuela Carmena,spa,23144,0,0,0,0,0,0,0,0,0,0,0,0
me hartan ya las pinches viejas estas que l tiran mierda a Irina la puta madre callate malparida que pierdes tu puto tiempo,spa,20482,0,0,0,0,0,0,0,0,0,1,1,1
@KRLS TU ERES UN PUTO GILIPOLLAS!!! Muy poca vergenza utilizar a vctimas de terrorismo para hacer campaa!!! Puta escoria!!!,spa,20673,0,0,0,0,0,0,1,0,0,0,1,1
le tengo que ensear a mi perra a cerrar la puerta porque la abre y no se da cuenta de quE TENGO EL AIRE PRENDIDO,spa,22098,0,0,0,0,1,0,0,0,0,0,1,1
@zabdiarrechame CALLATE ANA TOY MAL CONTIGO PERRA,spa,24896,0,0,0,0,1,0,0,0,0,1,1,1
@HoranFlynn Y t eres la puta? Ah perdn pens que hablbamos de las verdades perdn,spa,23063,0,0,0,0,0,0,0,0,0,0,0,0
Joooooloooovvvv soy una mancha negra en una escuela de geros.,spa,21176,0,0,0,0,0,0,0,0,0,0,0,0
@PacoDelMazo PERRITA TU NOVIO NO TE MERECE EL ES TAN LINDO Y HERMOSO ES COMO UN OSITO DE PELUCHE MEDIO PENDEJO..PERO TU ERES UNA PUTA,spa,21858,0,0,0,0,0,0,0,0,0,0,0,0
@joseantoniokast @TrinidadMaria17 Cllate re concha de tu madre hijo de perra con caca @biobio @Chileokulto @Cooperativa,spa,22239,0,0,0,0,1,0,0,0,0,0,1,1
Bizcocho rabe De Coco {Sin Azcar} https://t.co/XsyZExPfK5,spa,20951,0,0,0,0,0,0,0,0,0,0,0,0
Nose si me est afectando el alcohol pero INUYASHIKI NO SE MERECA MORIR HIJOS DE PUTA,spa,20535,0,0,0,0,0,0,1,0,0,0,1,1
El fondo de arabe ya https://t.co/hqjffYmu82,spa,24096,0,0,0,0,0,0,0,0,0,0,0,0
Ojal que te vuelva toda la mierda que tiras negra conchuda y la re puta madre que te re pari. Te mereces que re rompan la cabeza,spa,20559,0,0,0,0,0,0,0,0,0,0,0,0
Albert Rivera y otros miembros de Ciudadanos visitan la Valla de Ceuta y abrazan a Policas.  https://t.co/nhRe8DGCuU,spa,24555,0,0,0,0,0,0,0,0,0,0,0,0
Ped un uber y el conductor es una persona con rasgos de ascendencia rabe y no es pedo que el coche apesta cabron a puesto de hot dog callejero.,spa,23190,0,0,0,0,0,0,0,0,0,0,0,0
#Repost @analorenasm with get_repost   besos de mezcal pa el Gero. feliz viernes! https://t.co/mNwsnjtSlZ,spa,20110,0,0,0,0,0,0,0,0,0,0,0,0
Comemela  AQUI AQUI AQUI NI HAY QUIEN VIVA AQUI NO AQUI NO https://t.co/4b1kyvugxI,spa,21719,0,0,0,0,0,0,0,0,0,0,0,0
@andygomal Hola gero!,spa,23117,0,0,0,0,0,0,0,0,0,0,0,0
@SoyPutoImbecil me he leido el mismo numero de enciclopedias que lo que te mide la polla,spa,23054,0,0,0,0,0,0,0,0,0,0,0,0
@bevavera @pcbestt Callate puta hdp coo de tu madre maldita enchufada sopla con don perra oportunistas Amarillistas de mierda maldita aqu mueren siento de personas diario hdp. Pues claro Q nesesitamos una intervencion rata de mierda,spa,20442,0,0,0,0,1,1,0,0,0,1,1,1
@magerbon NO PODS SER TAN FORRO O TAN HIJO DE PUTA. Q DIOS TE D MUCHA ENFERMEDAD DE TODO TIPO. Mereces lo peor del mundo,spa,20999,0,0,0,0,0,0,0,0,0,0,0,0
En el tren la gente habla gabacho :V,spa,22155,0,0,0,0,0,0,0,0,0,0,0,0
Cuanto hemos de aguantar y esperar para pedir de forma MAYORITARIA y pacficamente (como dicen los @catalufos) la DIMISIN INMEDIATA de @sanchezcastejon ??? https://t.co/hcwUHgFC1y,spa,22398,0,0,0,0,0,0,1,0,0,0,1,1
@AnntoIglesias HIJA DDE PUTA TE LO MERECES POR TOFAS LAS VECES QUE LO HICISTE,spa,22551,0,0,0,0,0,0,0,0,0,0,0,0
La sutileza de @A3Noticias poniendo noticias sobre #inmigracion tras otra sobre terrorismo es vomitiva pero nada sorprendente...,spa,22380,0,0,0,0,0,0,0,0,0,0,0,0
Me recibes as para provocarme y que te folle cierto?eres toda una puta adicta a mi polla! https://t.co/neUDc07IzW,spa,21937,0,0,0,0,0,0,0,0,0,0,0,0
@SandSuarez En serio qu imbciles! Como si el acoso se acabara a punta de clases pedaggicas en un bus rojo que todo el mundo detesta usar sin importar la hora! Los acosos pasan 24/7 y en todas partes y solo la educacin y cultura acabar con semejante c,spa,21596,0,0,0,0,0,0,0,0,0,0,0,0
@jxshstalker Mi polla en tu culo es lo que hay Pero no porque no soy activa,spa,23288,0,0,0,0,0,0,0,0,0,0,0,0
@Vale_Landeyra @letianabadiannn Cllate no me hagas hablar la puta madre,spa,20704,0,0,0,0,0,0,0,0,0,0,0,0
Al PP y a Ciudadanos no les gusta que vengan los negritos indocumentados. Lo que les gusta es que salgan los blanquitos licenciados. https://t.co/f2xGHuKQCi,spa,24156,0,0,0,0,0,0,0,0,0,0,0,0
Porque meten los papeles del bao en una bolsa para despus meter la bolsa a otra bolsa ms grande? Pueden depositarlos en el escusado sin problema las plantas tratadoras y los qumicos se encargan de deshacer el papel rapidsimo,spa,23861,0,0,0,0,0,0,0,0,0,0,0,0
@anaisbernal Sigo pensando con el vmito en la garganta a punto de echarlo que a estos hay que gastarlos y al juez tambin. Por muy bruta que quede en este momento hasta la castracin me parece poco,spa,24347,0,0,0,0,0,0,0,0,0,0,0,0
Sacar a un imbcil borracho no es la mejor idea para acreditar la realidad del acoso que practican los golpistas de la estelada. https://t.co/SVF5zLapb2,spa,24645,0,0,0,0,0,0,0,0,0,0,0,0
@RinconFortnite Me parece que si la foto gente ya es guarra usando los arbustos del mapa y no los de objetos ya con esto es el siguiente level para guarrear porque eres invisible y no se te oye,spa,23726,0,0,0,0,0,0,0,0,0,0,0,0
@va6796678 callate zorra no me hagas sentir mal sabes xq no fui,spa,21443,0,0,0,0,1,0,0,0,0,1,1,1
@YazElias Callate que vos ni rollos tienes che puta,spa,20196,0,0,0,0,0,0,0,0,0,1,1,1
La Guardia Civil y la Polica Nacional mermadas de personal y medios + dedicacin casi exclusiva a la inmigracin ilegal. #SanchezDimision #EleccionesYa https://t.co/T0WCgwCJI8,spa,23038,0,0,0,0,0,0,0,0,0,0,0,0
Wey eres ms puta que tu bato mejor callate,spa,21665,0,0,0,0,0,0,0,0,0,1,1,1
@martharoldos @fevillavicencio @CleverJimenez69 Cllate zorra hdp,spa,20741,0,0,0,0,1,0,0,0,0,0,1,1
Quiero que el pibe me diga  tu eres mi puta la mejor que mama  jaaja ahre,spa,22354,0,0,0,0,0,0,0,0,0,0,0,0
Me re estresa ser tan hija de puta pero a ver viejo de mierda cllate que quiero dormir,spa,21039,0,0,0,0,0,0,0,0,0,0,0,0
Sabes provocar eructos aposta sin necesidad de beber cocacola ni nada con gas?  Sois una puta pesadilla. https://t.co/e8arK9voDg,spa,21235,0,0,0,0,0,0,0,0,0,0,0,0
MI GANADORA GRACIAS! TE LO MERECES!!! ERES LA PUTA VOZ  @AlbaGilLaVoz #FinalLaVoz,spa,20352,0,0,0,0,0,0,1,0,0,0,1,1
me hace gracia la gente que me toca la polla y luego cuando estoy callada me preguntan que te pasa o tienen huevos de llamarme amargada XD mira te metia una patada voladora en la nuca que ni xaki xan xd,spa,22106,0,0,0,0,0,0,0,0,0,0,0,0
[30/12 2:49] Alancito: Jajajajaja puta de mierda [30/12 2:49] Alancito: Callate Ok,spa,22485,0,0,0,0,0,0,0,0,0,1,1,1
Las cmaras de seguridad del metro de Miln han grabado cmo una joven de 25 aos logra defenderse de un nigeriano de 31 aos que quiso violarla. Afortunadamente la joven supo reaccionar a tiempo. Es lgico que Matteo Salvini quiera expulsar a los inmigrantes ilegales. https://t.co/RZAWrhhtnG,spa,21793,0,0,0,0,0,0,0,0,0,0,0,0
Modo rabe jajaajajjaja dg,spa,24531,0,0,0,0,0,0,0,0,0,0,0,0
la puta madre que te re mil pari Rocco callate,spa,20255,0,0,0,0,0,0,0,0,0,1,1,1
@donchetoalaire si de por s la jente anda confundida en esto das i usted enseando eso perra falla de san Andrs ya detnate,spa,24142,0,0,0,0,1,0,0,0,0,0,1,1
@DJALEX_pr remixame Arabe!!!! Sino descargo de otros djs jajaja,spa,23519,0,0,0,0,0,0,1,0,0,0,1,1
@carloslineroq @fadiafaraj7 Na ma porque t eres una perra sin corazn,spa,21183,0,0,0,0,1,0,0,0,0,0,1,1
@NoticiasUno Hay que ser uno un Hijo de Puta @Defensagob para inventarse esas mentiras. La incompetencia del Payaso Bebe en el Ministerio de Defensa no se tapa con mentiras y menos con el dolor ajeno.,spa,22387,0,0,0,0,0,0,0,0,0,0,0,0
Juez reafirma orden a Trump de reactivar el programa DACA para jvenes indocumentados. #AgendaPblica https://t.co/YIvr3P9jMq https://t.co/xKCrNdyxgh,spa,20291,1,0,0,0,0,0,0,0,0,0,0,1
@laurabozzo Callate la boca vieja loca ven lame mi axila perra,spa,22289,0,0,0,0,1,0,0,0,0,1,1,1
Hay dos sitios dnde hay que ir sin prisas: a echar unos papeles y al peluquero.,spa,21396,0,0,0,0,0,0,0,0,0,0,0,0
@Marialupe__ Si me pas. La perra de la ex de mi novio hacia lo mismo lo chistoso es que el sabe que pongo & que no. Todas ridculas.,spa,24739,0,0,0,0,1,0,0,0,0,0,1,1
@yonhy_lescano Tu eres el traidor hijo de puta... ubieras botado a favor de la vacancia..traidor.,spa,22838,0,0,0,0,0,0,0,0,0,0,0,0
@acciomalfxy JAJAJAJAJAJAJAJAJAJAJAJAJAJAJAJAJAJAJAJAJAJAJAJAJAJAJA LA PUTA MADRE TE LO MERECES POR USARME COMO MEME SIEMPRE,spa,20496,0,0,0,0,0,0,0,0,0,0,0,0
@ValentinaaCruz Puteria y perico tambin somos almas gemelas excepto que tu eres puta desde l vientre.,spa,20038,0,0,0,0,0,0,0,0,0,0,0,0
La solucin no es darle papeles a todos. Es exigir a nuestro gobierno q no fabrique y venda armas a los gobiernos subsaharianos para que estos no masacren y acorralen a su poblacin haciendo q quieran venir aqu x lo civil o criminal. Desesperacin y supervivencia pura.,spa,23565,1,0,0,0,0,0,0,0,0,0,0,1
@bebesymas Pelotuda deberiar juzgarte x abandononde persona. Hija de puta no mereces tener hijos. Ojala sigas siendo una gorda pedorra,spa,20304,0,0,0,0,0,0,0,0,0,0,0,0
@BebeVitaReal @BebeMiloYT Te madro bebe milo verdad se te ve en la cara que te pego,spa,21651,0,0,0,0,0,0,0,0,0,0,0,0
dices que no eres otaku pero te viste un anime de 148 capitulos hola???????????????  Cllate la puta madre https://t.co/g2Q88EbC3n,spa,21739,0,0,0,0,0,0,1,0,0,0,1,1
Carta abierta de un cura a Pablo Casado sobre los inmigrantes https://t.co/9RvM6QRIz3,spa,22531,0,0,0,0,0,0,0,0,0,0,0,0
Te lo dir con todas las letras. Eres escoria. No mereces ni el aire que respiras. No creo que haga falta explicar porqu. https://t.co/Kl9JQNvaC6,spa,24189,0,0,0,0,0,0,0,0,0,0,0,0
rabes tramposos! Tambalea la sede de Catar para el Mundial de 2022 por sabotaje @fifaworldcup_es https://t.co/dtxI4AcSuc,spa,20854,0,0,0,0,0,0,0,0,0,0,0,0
@CaccoL T eres ms puta jijijiji,spa,23954,0,0,0,0,0,0,0,0,0,0,0,0
Otro montaje sobre los refugiados ahogndose en el mar https://t.co/nMwXB1XPxM,spa,23642,0,0,0,0,0,0,0,0,0,0,0,0
Que por qu nuestrxs gobernantes son blancos y en la tele hay puro pinche gero?   @bad_dominicana https://t.co/dhLh97yc5G,spa,24451,0,0,0,0,0,0,0,0,0,0,0,0
Soy un hombre descompuesto cllate perra puta y djame explicar,spa,23831,0,0,0,1,1,0,0,0,0,0,0,1
@RafaeIRamosV es posible q el Vasco logre q le entiendan su idea en rabe ms fcil q lo q le entendieron a Osorio los mexicanos an hablando el mismo idioma?,spa,20577,0,0,0,0,0,0,0,0,0,0,0,0
Pura locura estos arabes! #garage507 #drift #sports #carlife #carvideo #4x4 #toyota #crazy #stunts #panama https://t.co/yNJFXjkslq,spa,21064,0,0,0,0,0,0,0,0,0,0,0,0
@abril9979 Cllate pelotuda imbcil si sos hermosa la prxima te pego te amo bye,spa,21351,0,0,0,0,0,0,0,0,0,0,0,0
@laurg46 @mxnicagb1997 @WaitaSR @NatuLoveYou Mereces la muerte zorra JAJAJAJAJA,spa,22573,0,0,0,0,1,0,0,0,0,0,1,1
les arabes https://t.co/93F49DMfQe,spa,20568,0,0,0,0,0,0,0,0,0,0,0,0
@TorakitoJ y una polla JAJJAJAAJAJAJAJ esa es mia imbecil que me pongo nervioso (en serio),spa,20538,0,0,0,0,1,0,0,0,0,0,1,1
@3LigasEn10Anos @alvaroojeda80 Tu eres el alemn tonto que usa el traductor porque no tiene ni puta idea de hablar espaol y que dice gilipolleces en Youtube? Viva Espaa que es y ser siempre tu pas!!,spa,21334,0,0,0,0,0,0,1,0,0,0,1,1
@MichuHeredia Y dsps aprobas mejor cllate perra,spa,20571,0,0,0,0,1,0,0,0,0,0,1,1
@eduardoc60 @RuiDeAzevedo411 Rui si tu eres una perra enamorada,spa,24308,0,0,0,0,1,0,0,0,0,0,1,1
Teeeeneeesss que ser de toooodos https://t.co/UdvHjWAeJM,spa,21441,0,0,0,0,0,0,0,0,0,0,0,0
Nombre a buena perra hora se le ocurre a mi hermano mayor ensearle a manejar a mi otro hermano:( adis mundo cruel,spa,22206,0,0,0,0,1,0,0,0,0,0,1,1
@reginabisex Unmnmnn imagino q t eres as  ms puta,spa,21752,0,0,0,0,0,0,0,0,0,0,0,0
Redomicilie su sociedad offshore en Emiratos rabes Unidos. https://t.co/gJYLHarqZA,spa,23293,0,0,0,0,0,0,0,0,0,0,0,0
Por qu las modelos tienen una neurona ms que los caballos? Para no cagarse en los desfiles.,spa,24425,0,0,0,0,0,0,0,0,0,0,0,0
Lo que ms me sorprende cuando se matan unos weyes por culpa de una mujer es que existan pendejos que se quieran matar por una puta.,spa,22975,0,0,0,1,0,0,1,0,0,0,0,1
Ensendoles desde pequeas a amar mi polla https://t.co/j0UJwEJGFn,spa,24627,0,0,0,0,0,0,0,0,0,0,0,0
[15/12 14:38] Mili La Zorra: no veo la hora de ensearte denuevo [15/12 14:38] Mili La Zorra: de los pelos te voy a agarrar Es amor,spa,21861,0,0,0,0,1,0,0,0,0,0,1,1
Albondigas! Casi al estilo de las fodongas pero en el Gabacho.,spa,20018,0,0,0,0,0,0,0,0,0,0,0,0
Los lazis catalufos acosan al juez Llarena haciendo gala de la democracia que corre por sus venas mientras la merma saliva imaginando el rgimen chekista anhelado.,spa,21678,0,0,0,0,0,0,0,0,0,0,0,0
Reportaje de @lafronterahoy sobre las clases de espaol para inmigrantes que ofrece @JerezCNT junto a voluntari@s de la red de acogida de #Jerez https://t.co/2d5NYeSnyR,spa,21544,0,0,0,0,0,0,0,0,0,0,0,0
@Nbenitezzzz Callate mentiroso hijo de re mil puta,spa,21019,0,0,0,0,0,0,0,0,0,1,1,1
Oigan ando en la playa como si estuviera bien gera,spa,23622,0,0,0,0,0,0,0,0,0,0,0,0
T eres de los 70 Y yo soy una zorra de los 90,spa,20784,0,0,0,0,1,0,0,0,0,0,1,1
roman tu eres la puta de vince :v #RAW,spa,23012,0,0,0,0,0,0,0,0,0,0,0,0
El capitalismo necesita gente sin papeles para sostener la precariedad laboral. Urge un verdadero y fuerte plan desarrollo rural. Hay muchos pueblos abandonados y otros en vas de serlo. Hay sitio y riqueza para todos. Hay que organizarse,spa,24280,0,0,0,0,0,0,0,0,0,0,0,0
Adn canta que su novia es del #Sevilla 'y es una puta ms' https://t.co/wYeyhcNBx4 #Betis #SevillaBetis https://t.co/72IRrT43ph,spa,23714,0,0,0,0,0,0,0,0,0,0,0,0
@VMM2806 Callate estoy en depresin estoy llorando pinche zorra,spa,22386,0,0,0,0,1,0,0,0,0,1,1,1
@xiuvoice CLLATE ZORRA,spa,22508,0,0,0,0,1,0,0,0,0,0,1,1
@FlalaU_ @UnJoseHabla Callate puta,spa,20728,0,0,0,0,0,0,0,0,0,1,1,1
@EsperancitaUrib @iCharly_Co @Marianiniecheve Cllate perra hppp mamerta,spa,23876,0,0,0,0,1,0,0,0,0,0,1,1
Por las mujeres tienen cuatro neuronas??? Una para cada fogon,spa,24064,0,0,0,0,0,0,1,0,0,0,1,1
Espero que este ao merezca la pena. Porq parece que 2017 termina de puta madre para lo que ha sido,spa,22362,0,0,0,0,0,0,0,0,0,0,0,0
Inmigrante  Eh inmigrante ya te extrao https://t.co/yIBAHhy10w,spa,22409,0,0,0,0,0,0,0,0,0,0,0,0
Y si t eres uno de los amigos que le celebra el comportamiento de esos hombres eres cmplice del acoso sexual.,spa,21069,0,0,0,0,0,0,0,0,0,0,0,0
En que se parecen las mujeres y las polillas? En que unas comen tela y las otras te la comen. #EnTuJeta,spa,20428,0,0,0,0,0,0,0,0,0,0,0,0
La inteligencia norteamericana advierte de una invasin inminente de 100.000 subsaharianos #ELECCIONESGENERALESYA #ELECCIONESYA #SanchezDimision #SanchezVeteYa  #dedazossnchez #SanchezPresidenteNOelecto  https://t.co/J3K3ve9pql,spa,22135,0,0,0,0,0,0,0,0,0,0,0,0
@Faventinaa T eres perra slo conmigo.,spa,24825,0,0,0,0,1,0,0,0,0,0,1,1
@MaivePerez Llora te lo.mereces por zorra,spa,20013,0,0,0,0,1,0,0,0,0,0,1,1
En el tianguis todos somos geros https://t.co/wuea3ASAJB,spa,22610,0,0,0,0,0,0,0,0,0,0,0,0
@abogadopenal @sasarandag Yo creo que s. Primer ejemplo de acoso sexual: levantar la falda para ver enaguas.,spa,20585,0,0,0,0,0,0,0,0,0,0,0,0
No te pierdas hoy 10:30pm por @TeleritmoTv el programa #leytexana artista invitado Gero Robles  Teleritmo Sonando Recio https://t.co/2C3Ubrq8pP,spa,20822,0,0,0,0,0,0,0,0,0,0,0,0
@Zurine3 @protestona1 Por dioss que puta vergenza es esta!,spa,22914,0,0,0,0,0,0,0,0,0,0,0,0
@suicideroom22 Cllate que la que clava el visto sos vos Zorra,spa,20204,0,0,0,0,1,0,0,0,0,0,1,1
Poesa. Orgasmos. Sbanas revueltas. Mi polla en tu cara. He dicho ya orgasmos? Psame otro gramo. Que voy t jamao. #NeoPoesa,spa,22458,0,0,0,0,0,0,0,0,0,0,0,0
@PauCastorena Mejor escpeme en la cara maldita escoria,spa,23765,0,0,0,0,0,0,0,0,0,0,0,0
Cmo supero Arabe.,spa,20237,0,0,0,0,0,0,0,0,0,0,0,0
@marcos_darks Cllate zorra que se me ha metido un virus,spa,24410,0,0,0,0,1,0,0,0,0,0,1,1
@panchielgana Te fuiste a las 3 hijo de puta callate,spa,22739,0,0,0,0,0,0,0,0,0,1,1,1
Sabas que en Japn ya no es innovador desde hace aos y que tiene 2% de inmigrantes?,spa,23346,0,0,0,0,0,0,0,0,0,0,0,0
@3gerardpique T eres lo ms hijo de puta que ha pisado la tierra. Fuera de la seleccin cabrn!,spa,24828,0,0,0,0,0,0,0,0,0,0,0,0
@donmariogomez borre ya vi la peli de MI6 fallout  mi pregunta es quien es la gera que sale de espia? Cuando veas la pelicula nos platicas ok. Saludos,spa,23725,0,0,0,0,0,0,0,0,0,0,0,0
cuando no tengo a nico mi novia es mi perra https://t.co/29fdEJWVjN,spa,20223,0,0,0,0,1,0,0,0,0,0,1,1
@ValenARG_tina Sii bb comemela t la meto hasta la garganta y que no puedas respurar por unos segundos,spa,22486,0,0,0,0,0,0,0,0,0,0,0,0
as entran impunemente inmigrantes a Espaa.. totalmente indocumentados e incontrolados...sin nombre ..sin identificacin ni nada..https://t.co/SSiAKZ0nWc,spa,23494,0,0,0,0,0,0,0,0,0,0,0,0
Arabe de Papichamp ft Ecko es un temazo desde el inicio pq el chabon arranca con un DIMELO GUACHO,spa,23963,0,0,0,0,0,0,0,0,0,0,0,0
Me llamo Nobita Me gusta Shizuka La chica es bonita Me gusta esa puta https://t.co/8rsZ7u5DVh,spa,21455,0,0,0,0,0,0,0,0,0,0,0,0
Qu hace una mujer trepando una pared de vidrio? Quiere ver que hay al otro lado,spa,24123,0,0,0,1,0,0,0,0,0,0,0,1
Que hace una mujer fuera de la cama? Turismo Y fuera de la casa? Turismo internacional Y en el supermercado? Turismo comercial,spa,22833,0,0,0,1,0,0,0,0,0,0,0,1
Esta pgina les puede decir si alguien del cast o crew de una movie ha sido acusado de acoso sexual o violacin - - - > https://t.co/tokBGkXsye,spa,23168,0,0,0,0,0,0,0,0,0,0,0,0
Nuestra directora ejecutiva Alexandra Sossa estar hablando en la radio sobre problemas que uno confronta en el trabajo. Sintonice para mas informacin!  El show de la Gera Lunes 20 de... https://t.co/iKonkQR1gl,spa,21296,0,0,0,0,0,0,0,0,0,0,0,0
La chica es una zorra y una cabrona y el chico un gilipollas que se aclaren los dos porque el uno que se revela y la otra le toca los gebos #Pap399,spa,22891,0,0,0,0,1,0,0,0,0,0,1,1
@tucomunsentido @Politica_ECpe Zorra Montesinos asi Se llama Keiko o tu madre ? Bueno todos sabemos de donde viene los tentculos o acaso eres tan fantico para no ver como Acciona esta banda criminal ?. Y de Joaqun pues espera que ya viene la prisin pr,spa,21147,0,0,0,0,1,0,0,0,0,0,1,1
@inakibustos @ismarengue11 @muyevil Mentira! Tu crees que el hijo puta de Messi va a ensear la camiseta o se va a encarar con la grada si hubiese un capitn como Hierro sin ir ms lejos? Le sacaba de ah a hostias! #FaltaMadridismo,spa,22482,0,0,0,0,0,0,0,0,0,0,0,0
@Vargas_Aldo @JuanRosado12 @KYabar Jajajajaj callate tu zorra asquerosa,spa,21704,0,0,0,0,1,0,0,0,0,1,1,1
